<?xml version="1.0" encoding="utf-8"?>
<gpx xmlns="http://www.topografix.com/GPX/1/1" version="1.1" creator="https://mapy.cz/">
	<trk>
		<name>Trasa</name>
		<trkseg>
			<trkpt lat="51.110487" lon="17.030647">
				<ele>119.957375</ele>
			</trkpt>
			<trkpt lat="51.110645" lon="17.030720">
				<ele>120.030548</ele>
			</trkpt>
			<trkpt lat="51.110978" lon="17.030873">
				<ele>120.133606</ele>
			</trkpt>
			<trkpt lat="51.111001" lon="17.030846">
				<ele>120.199409</ele>
			</trkpt>
			<trkpt lat="51.111040" lon="17.030800">
				<ele>120.199997</ele>
			</trkpt>
			<trkpt lat="51.111125" lon="17.030846">
				<ele>120.199997</ele>
			</trkpt>
			<trkpt lat="51.111362" lon="17.030962">
				<ele>120.057137</ele>
			</trkpt>
			<trkpt lat="51.111531" lon="17.031033">
				<ele>119.666641</ele>
			</trkpt>
			<trkpt lat="51.111666" lon="17.031097">
				<ele>119.589836</ele>
			</trkpt>
			<trkpt lat="51.111672" lon="17.031097">
				<ele>119.579094</ele>
			</trkpt>
			<trkpt lat="51.111694" lon="17.031106">
				<ele>119.536095</ele>
			</trkpt>
			<trkpt lat="51.111745" lon="17.031133">
				<ele>119.329376</ele>
			</trkpt>
			<trkpt lat="51.111790" lon="17.031150">
				<ele>119.199997</ele>
			</trkpt>
			<trkpt lat="51.112038" lon="17.031249">
				<ele>118.862976</ele>
			</trkpt>
			<trkpt lat="51.112066" lon="17.031267">
				<ele>118.800003</ele>
			</trkpt>
			<trkpt lat="51.112117" lon="17.031286">
				<ele>118.800003</ele>
			</trkpt>
			<trkpt lat="51.112157" lon="17.031303">
				<ele>118.703827</ele>
			</trkpt>
			<trkpt lat="51.112162" lon="17.031303">
				<ele>118.682327</ele>
			</trkpt>
			<trkpt lat="51.112196" lon="17.031322">
				<ele>118.600021</ele>
			</trkpt>
			<trkpt lat="51.112230" lon="17.031330">
				<ele>118.600021</ele>
			</trkpt>
			<trkpt lat="51.112253" lon="17.031339">
				<ele>118.600021</ele>
			</trkpt>
			<trkpt lat="51.112276" lon="17.031349">
				<ele>118.619598</ele>
			</trkpt>
			<trkpt lat="51.112620" lon="17.031483">
				<ele>118.388260</ele>
			</trkpt>
			<trkpt lat="51.112726" lon="17.031519">
				<ele>118.102249</ele>
			</trkpt>
			<trkpt lat="51.112817" lon="17.031546">
				<ele>117.844276</ele>
			</trkpt>
			<trkpt lat="51.112817" lon="17.031555">
				<ele>117.844276</ele>
			</trkpt>
			<trkpt lat="51.112868" lon="17.031573">
				<ele>117.800003</ele>
			</trkpt>
			<trkpt lat="51.112918" lon="17.031582">
				<ele>117.771339</ele>
			</trkpt>
			<trkpt lat="51.113076" lon="17.031636">
				<ele>117.799995</ele>
			</trkpt>
			<trkpt lat="51.113098" lon="17.031645">
				<ele>117.800003</ele>
			</trkpt>
			<trkpt lat="51.113121" lon="17.031645">
				<ele>117.800003</ele>
			</trkpt>
			<trkpt lat="51.113144" lon="17.031645">
				<ele>117.800003</ele>
			</trkpt>
			<trkpt lat="51.113161" lon="17.031645">
				<ele>117.800003</ele>
			</trkpt>
			<trkpt lat="51.113200" lon="17.031645">
				<ele>117.789124</ele>
			</trkpt>
			<trkpt lat="51.113228" lon="17.031626">
				<ele>117.799545</ele>
			</trkpt>
			<trkpt lat="51.113240" lon="17.031626">
				<ele>117.799721</ele>
			</trkpt>
			<trkpt lat="51.113341" lon="17.031582">
				<ele>118.002899</ele>
			</trkpt>
			<trkpt lat="51.113347" lon="17.031573">
				<ele>118.051270</ele>
			</trkpt>
			<trkpt lat="51.113375" lon="17.031555">
				<ele>118.271622</ele>
			</trkpt>
			<trkpt lat="51.113414" lon="17.031528">
				<ele>118.400009</ele>
			</trkpt>
			<trkpt lat="51.113448" lon="17.031500">
				<ele>118.400017</ele>
			</trkpt>
			<trkpt lat="51.113499" lon="17.031465">
				<ele>118.452591</ele>
			</trkpt>
			<trkpt lat="51.113516" lon="17.031456">
				<ele>118.479462</ele>
			</trkpt>
			<trkpt lat="51.113556" lon="17.031429">
				<ele>118.481995</ele>
			</trkpt>
			<trkpt lat="51.113572" lon="17.031420">
				<ele>118.421310</ele>
			</trkpt>
			<trkpt lat="51.113601" lon="17.031402">
				<ele>118.234558</ele>
			</trkpt>
			<trkpt lat="51.113629" lon="17.031384">
				<ele>117.792297</ele>
			</trkpt>
			<trkpt lat="51.114170" lon="17.031052">
				<ele>115.574265</ele>
			</trkpt>
			<trkpt lat="51.114255" lon="17.030997">
				<ele>117.378868</ele>
			</trkpt>
			<trkpt lat="51.114305" lon="17.030970">
				<ele>118.201874</ele>
			</trkpt>
			<trkpt lat="51.114317" lon="17.030962">
				<ele>118.378723</ele>
			</trkpt>
			<trkpt lat="51.114373" lon="17.030926">
				<ele>118.450974</ele>
			</trkpt>
			<trkpt lat="51.114407" lon="17.030899">
				<ele>118.090271</ele>
			</trkpt>
			<trkpt lat="51.114452" lon="17.030873">
				<ele>117.302238</ele>
			</trkpt>
			<trkpt lat="51.114537" lon="17.030818">
				<ele>117.613861</ele>
			</trkpt>
			<trkpt lat="51.114582" lon="17.030791">
				<ele>118.129784</ele>
			</trkpt>
			<trkpt lat="51.114666" lon="17.030728">
				<ele>118.400009</ele>
			</trkpt>
			<trkpt lat="51.114700" lon="17.030701">
				<ele>118.465675</ele>
			</trkpt>
			<trkpt lat="51.114734" lon="17.030683">
				<ele>118.562424</ele>
			</trkpt>
			<trkpt lat="51.114751" lon="17.030674">
				<ele>118.600021</ele>
			</trkpt>
			<trkpt lat="51.114790" lon="17.030657">
				<ele>118.600014</ele>
			</trkpt>
			<trkpt lat="51.114830" lon="17.030647">
				<ele>118.600029</ele>
			</trkpt>
			<trkpt lat="51.114875" lon="17.030630">
				<ele>118.600021</ele>
			</trkpt>
			<trkpt lat="51.114932" lon="17.030630">
				<ele>118.721352</ele>
			</trkpt>
			<trkpt lat="51.114977" lon="17.030620">
				<ele>118.800003</ele>
			</trkpt>
			<trkpt lat="51.115010" lon="17.030630">
				<ele>118.800018</ele>
			</trkpt>
			<trkpt lat="51.115061" lon="17.030638">
				<ele>118.793526</ele>
			</trkpt>
			<trkpt lat="51.115101" lon="17.030647">
				<ele>118.759415</ele>
			</trkpt>
			<trkpt lat="51.115117" lon="17.030657">
				<ele>118.731354</ele>
			</trkpt>
			<trkpt lat="51.115152" lon="17.030674">
				<ele>118.682983</ele>
			</trkpt>
			<trkpt lat="51.115196" lon="17.030693">
				<ele>118.629242</ele>
			</trkpt>
			<trkpt lat="51.115219" lon="17.030710">
				<ele>118.542587</ele>
			</trkpt>
			<trkpt lat="51.115935" lon="17.031160">
				<ele>112.986259</ele>
			</trkpt>
			<trkpt lat="51.115964" lon="17.031177">
				<ele>113.705818</ele>
			</trkpt>
			<trkpt lat="51.115997" lon="17.031196">
				<ele>114.963440</ele>
			</trkpt>
			<trkpt lat="51.115975" lon="17.031286">
				<ele>114.351456</ele>
			</trkpt>
			<trkpt lat="51.115969" lon="17.031303">
				<ele>114.326714</ele>
			</trkpt>
			<trkpt lat="51.115986" lon="17.031312">
				<ele>115.020950</ele>
			</trkpt>
			<trkpt lat="51.116009" lon="17.031330">
				<ele>116.058701</ele>
			</trkpt>
			<trkpt lat="51.116042" lon="17.031357">
				<ele>117.255920</ele>
			</trkpt>
			<trkpt lat="51.116144" lon="17.031420">
				<ele>118.142578</ele>
			</trkpt>
			<trkpt lat="51.116341" lon="17.031546">
				<ele>118.199997</ele>
			</trkpt>
			<trkpt lat="51.116443" lon="17.031609">
				<ele>117.693771</ele>
			</trkpt>
			<trkpt lat="51.116477" lon="17.031626">
				<ele>117.526535</ele>
			</trkpt>
			<trkpt lat="51.116539" lon="17.031672">
				<ele>117.370224</ele>
			</trkpt>
			<trkpt lat="51.116589" lon="17.031708">
				<ele>117.211624</ele>
			</trkpt>
			<trkpt lat="51.116646" lon="17.031735">
				<ele>117.200005</ele>
			</trkpt>
			<trkpt lat="51.116680" lon="17.031743">
				<ele>117.199997</ele>
			</trkpt>
			<trkpt lat="51.116837" lon="17.031842">
				<ele>117.199997</ele>
			</trkpt>
			<trkpt lat="51.116877" lon="17.031860">
				<ele>117.199997</ele>
			</trkpt>
			<trkpt lat="51.116916" lon="17.031888">
				<ele>117.199997</ele>
			</trkpt>
			<trkpt lat="51.117074" lon="17.032012">
				<ele>117.400017</ele>
			</trkpt>
			<trkpt lat="51.117216" lon="17.032112">
				<ele>117.250854</ele>
			</trkpt>
			<trkpt lat="51.117232" lon="17.032121">
				<ele>117.199997</ele>
			</trkpt>
			<trkpt lat="51.117255" lon="17.032129">
				<ele>117.332634</ele>
			</trkpt>
			<trkpt lat="51.117289" lon="17.032121">
				<ele>117.199997</ele>
			</trkpt>
			<trkpt lat="51.117305" lon="17.032112">
				<ele>117.192886</ele>
			</trkpt>
			<trkpt lat="51.117322" lon="17.032102">
				<ele>117.149895</ele>
			</trkpt>
			<trkpt lat="51.117340" lon="17.032094">
				<ele>117.096153</ele>
			</trkpt>
			<trkpt lat="51.117362" lon="17.032094">
				<ele>117.031677</ele>
			</trkpt>
			<trkpt lat="51.117390" lon="17.032085">
				<ele>117.000015</ele>
			</trkpt>
			<trkpt lat="51.117401" lon="17.032085">
				<ele>117.000023</ele>
			</trkpt>
			<trkpt lat="51.117441" lon="17.032085">
				<ele>117.000023</ele>
			</trkpt>
			<trkpt lat="51.117486" lon="17.032085">
				<ele>117.000008</ele>
			</trkpt>
			<trkpt lat="51.117604" lon="17.032094">
				<ele>117.000015</ele>
			</trkpt>
			<trkpt lat="51.117644" lon="17.032004">
				<ele>117.000015</ele>
			</trkpt>
			<trkpt lat="51.117954" lon="17.031923">
				<ele>117.000015</ele>
			</trkpt>
			<trkpt lat="51.118078" lon="17.031888">
				<ele>117.000008</ele>
			</trkpt>
			<trkpt lat="51.118106" lon="17.031878">
				<ele>116.965164</ele>
			</trkpt>
			<trkpt lat="51.118140" lon="17.031860">
				<ele>116.951744</ele>
			</trkpt>
			<trkpt lat="51.118152" lon="17.031860">
				<ele>116.942093</ele>
			</trkpt>
			<trkpt lat="51.118174" lon="17.031852">
				<ele>116.918671</ele>
			</trkpt>
			<trkpt lat="51.118292" lon="17.031825">
				<ele>116.800011</ele>
			</trkpt>
			<trkpt lat="51.118349" lon="17.031806">
				<ele>116.800003</ele>
			</trkpt>
			<trkpt lat="51.118439" lon="17.031752">
				<ele>116.800003</ele>
			</trkpt>
			<trkpt lat="51.118625" lon="17.031636">
				<ele>116.800018</ele>
			</trkpt>
			<trkpt lat="51.118693" lon="17.031618">
				<ele>116.777382</ele>
			</trkpt>
			<trkpt lat="51.119166" lon="17.031492">
				<ele>116.800003</ele>
			</trkpt>
			<trkpt lat="51.119229" lon="17.031483">
				<ele>116.771790</ele>
			</trkpt>
			<trkpt lat="51.119364" lon="17.031447">
				<ele>116.600021</ele>
			</trkpt>
			<trkpt lat="51.119398" lon="17.031438">
				<ele>116.600037</ele>
			</trkpt>
			<trkpt lat="51.119471" lon="17.031420">
				<ele>116.600014</ele>
			</trkpt>
			<trkpt lat="51.119555" lon="17.031393">
				<ele>116.543213</ele>
			</trkpt>
			<trkpt lat="51.119640" lon="17.031375">
				<ele>116.406944</ele>
			</trkpt>
			<trkpt lat="51.119691" lon="17.031357">
				<ele>116.400002</ele>
			</trkpt>
			<trkpt lat="51.119990" lon="17.031267">
				<ele>116.400002</ele>
			</trkpt>
			<trkpt lat="51.120046" lon="17.031249">
				<ele>116.400009</ele>
			</trkpt>
			<trkpt lat="51.120102" lon="17.031240">
				<ele>116.400009</ele>
			</trkpt>
			<trkpt lat="51.120334" lon="17.031169">
				<ele>116.400017</ele>
			</trkpt>
			<trkpt lat="51.120491" lon="17.031123">
				<ele>116.385399</ele>
			</trkpt>
			<trkpt lat="51.120598" lon="17.031087">
				<ele>116.199997</ele>
			</trkpt>
			<trkpt lat="51.120672" lon="17.031070">
				<ele>116.200005</ele>
			</trkpt>
			<trkpt lat="51.120711" lon="17.031060">
				<ele>116.199760</ele>
			</trkpt>
			<trkpt lat="51.120841" lon="17.031016">
				<ele>116.132294</ele>
			</trkpt>
			<trkpt lat="51.121016" lon="17.030970">
				<ele>116.199997</ele>
			</trkpt>
			<trkpt lat="51.121101" lon="17.030944">
				<ele>116.263969</ele>
			</trkpt>
			<trkpt lat="51.121235" lon="17.030907">
				<ele>116.400009</ele>
			</trkpt>
			<trkpt lat="51.121360" lon="17.030863">
				<ele>116.400017</ele>
			</trkpt>
			<trkpt lat="51.121382" lon="17.030854">
				<ele>116.400009</ele>
			</trkpt>
			<trkpt lat="51.121411" lon="17.030854">
				<ele>116.400009</ele>
			</trkpt>
			<trkpt lat="51.121433" lon="17.030846">
				<ele>116.400002</ele>
			</trkpt>
			<trkpt lat="51.121455" lon="17.030836">
				<ele>116.400009</ele>
			</trkpt>
			<trkpt lat="51.121490" lon="17.030836">
				<ele>116.400009</ele>
			</trkpt>
			<trkpt lat="51.121546" lon="17.030810">
				<ele>116.400009</ele>
			</trkpt>
			<trkpt lat="51.121636" lon="17.030791">
				<ele>116.400002</ele>
			</trkpt>
			<trkpt lat="51.121720" lon="17.030773">
				<ele>116.356491</ele>
			</trkpt>
			<trkpt lat="51.121760" lon="17.030756">
				<ele>116.238243</ele>
			</trkpt>
			<trkpt lat="51.121850" lon="17.030728">
				<ele>116.200005</ele>
			</trkpt>
			<trkpt lat="51.121974" lon="17.030693">
				<ele>116.199997</ele>
			</trkpt>
			<trkpt lat="51.121997" lon="17.030683">
				<ele>116.192093</ele>
			</trkpt>
			<trkpt lat="51.122031" lon="17.030674">
				<ele>116.148178</ele>
			</trkpt>
			<trkpt lat="51.122132" lon="17.030630">
				<ele>116.000015</ele>
			</trkpt>
			<trkpt lat="51.122251" lon="17.030576">
				<ele>116.000015</ele>
			</trkpt>
			<trkpt lat="51.122352" lon="17.030513">
				<ele>115.800003</ele>
			</trkpt>
			<trkpt lat="51.122375" lon="17.030494">
				<ele>115.800003</ele>
			</trkpt>
			<trkpt lat="51.122398" lon="17.030486">
				<ele>115.800003</ele>
			</trkpt>
			<trkpt lat="51.122471" lon="17.030441">
				<ele>115.799995</ele>
			</trkpt>
			<trkpt lat="51.122583" lon="17.030360">
				<ele>115.740219</ele>
			</trkpt>
			<trkpt lat="51.122702" lon="17.030280">
				<ele>115.583687</ele>
			</trkpt>
			<trkpt lat="51.122758" lon="17.030234">
				<ele>115.432816</ele>
			</trkpt>
			<trkpt lat="51.122911" lon="17.030135">
				<ele>115.400009</ele>
			</trkpt>
			<trkpt lat="51.122950" lon="17.030108">
				<ele>115.400009</ele>
			</trkpt>
			<trkpt lat="51.123417" lon="17.029831">
				<ele>115.400009</ele>
			</trkpt>
			<trkpt lat="51.123474" lon="17.029794">
				<ele>115.400017</ele>
			</trkpt>
			<trkpt lat="51.123801" lon="17.029605">
				<ele>115.400009</ele>
			</trkpt>
			<trkpt lat="51.123886" lon="17.029552">
				<ele>115.240112</ele>
			</trkpt>
			<trkpt lat="51.124089" lon="17.029435">
				<ele>115.200005</ele>
			</trkpt>
			<trkpt lat="51.124117" lon="17.029416">
				<ele>115.200012</ele>
			</trkpt>
			<trkpt lat="51.124156" lon="17.029561">
				<ele>115.200012</ele>
			</trkpt>
			<trkpt lat="51.124337" lon="17.029444">
				<ele>115.182785</ele>
			</trkpt>
			<trkpt lat="51.124754" lon="17.029085">
				<ele>114.800003</ele>
			</trkpt>
			<trkpt lat="51.124833" lon="17.029022">
				<ele>114.658234</ele>
			</trkpt>
			<trkpt lat="51.125115" lon="17.028788">
				<ele>114.400101</ele>
			</trkpt>
			<trkpt lat="51.125160" lon="17.028752">
				<ele>114.400009</ele>
			</trkpt>
			<trkpt lat="51.125217" lon="17.028716">
				<ele>114.400009</ele>
			</trkpt>
			<trkpt lat="51.125267" lon="17.028680">
				<ele>114.400009</ele>
			</trkpt>
			<trkpt lat="51.125295" lon="17.028653">
				<ele>114.400009</ele>
			</trkpt>
			<trkpt lat="51.125374" lon="17.028590">
				<ele>114.242798</ele>
			</trkpt>
			<trkpt lat="51.125459" lon="17.028510">
				<ele>114.199997</ele>
			</trkpt>
			<trkpt lat="51.125526" lon="17.028456">
				<ele>114.199997</ele>
			</trkpt>
			<trkpt lat="51.125561" lon="17.028429">
				<ele>114.194275</ele>
			</trkpt>
			<trkpt lat="51.125645" lon="17.028357">
				<ele>114.187119</ele>
			</trkpt>
			<trkpt lat="51.125701" lon="17.028320">
				<ele>114.205811</ele>
			</trkpt>
			<trkpt lat="51.125786" lon="17.028213">
				<ele>114.077690</ele>
			</trkpt>
			<trkpt lat="51.125848" lon="17.028141">
				<ele>113.873764</ele>
			</trkpt>
			<trkpt lat="51.125876" lon="17.028114">
				<ele>113.959763</ele>
			</trkpt>
			<trkpt lat="51.125915" lon="17.028087">
				<ele>114.134476</ele>
			</trkpt>
			<trkpt lat="51.126006" lon="17.028043">
				<ele>114.625122</ele>
			</trkpt>
			<trkpt lat="51.126056" lon="17.028024">
				<ele>114.724785</ele>
			</trkpt>
			<trkpt lat="51.126102" lon="17.028007">
				<ele>114.611931</ele>
			</trkpt>
			<trkpt lat="51.126124" lon="17.027997">
				<ele>114.565338</ele>
			</trkpt>
			<trkpt lat="51.126163" lon="17.027980">
				<ele>114.457848</ele>
			</trkpt>
			<trkpt lat="51.126203" lon="17.027970">
				<ele>114.663376</ele>
			</trkpt>
			<trkpt lat="51.126226" lon="17.027970">
				<ele>114.889587</ele>
			</trkpt>
			<trkpt lat="51.126446" lon="17.027953">
				<ele>116.761528</ele>
			</trkpt>
			<trkpt lat="51.126902" lon="17.027917">
				<ele>113.559563</ele>
			</trkpt>
			<trkpt lat="51.126919" lon="17.027917">
				<ele>113.571259</ele>
			</trkpt>
			<trkpt lat="51.126941" lon="17.027926">
				<ele>113.594337</ele>
			</trkpt>
			<trkpt lat="51.126959" lon="17.027926">
				<ele>113.600021</ele>
			</trkpt>
			<trkpt lat="51.127009" lon="17.027926">
				<ele>113.600029</ele>
			</trkpt>
			<trkpt lat="51.127049" lon="17.027926">
				<ele>113.651451</ele>
			</trkpt>
			<trkpt lat="51.127077" lon="17.027917">
				<ele>113.698219</ele>
			</trkpt>
			<trkpt lat="51.127093" lon="17.027917">
				<ele>113.737350</ele>
			</trkpt>
			<trkpt lat="51.127128" lon="17.027898">
				<ele>113.782623</ele>
			</trkpt>
			<trkpt lat="51.127150" lon="17.027898">
				<ele>113.847122</ele>
			</trkpt>
			<trkpt lat="51.127235" lon="17.027890">
				<ele>114.056725</ele>
			</trkpt>
			<trkpt lat="51.127240" lon="17.027890">
				<ele>114.067474</ele>
			</trkpt>
			<trkpt lat="51.127257" lon="17.027890">
				<ele>114.070389</ele>
			</trkpt>
			<trkpt lat="51.127291" lon="17.027890">
				<ele>114.070396</ele>
			</trkpt>
			<trkpt lat="51.127359" lon="17.027890">
				<ele>114.154823</ele>
			</trkpt>
			<trkpt lat="51.127466" lon="17.027871">
				<ele>114.249832</ele>
			</trkpt>
			<trkpt lat="51.127483" lon="17.027871">
				<ele>114.297661</ele>
			</trkpt>
			<trkpt lat="51.127494" lon="17.027871">
				<ele>114.326355</ele>
			</trkpt>
			<trkpt lat="51.127725" lon="17.027844">
				<ele>114.788918</ele>
			</trkpt>
			<trkpt lat="51.127934" lon="17.027827">
				<ele>114.975067</ele>
			</trkpt>
			<trkpt lat="51.128407" lon="17.027791">
				<ele>115.199997</ele>
			</trkpt>
			<trkpt lat="51.128695" lon="17.027764">
				<ele>115.406281</ele>
			</trkpt>
			<trkpt lat="51.128762" lon="17.027754">
				<ele>115.685883</ele>
			</trkpt>
			<trkpt lat="51.128797" lon="17.027754">
				<ele>115.782616</ele>
			</trkpt>
			<trkpt lat="51.128819" lon="17.027746">
				<ele>115.800003</ele>
			</trkpt>
			<trkpt lat="51.128870" lon="17.027746">
				<ele>115.800011</ele>
			</trkpt>
			<trkpt lat="51.129067" lon="17.027737">
				<ele>115.600037</ele>
			</trkpt>
			<trkpt lat="51.129202" lon="17.027728">
				<ele>115.600006</ele>
			</trkpt>
			<trkpt lat="51.129298" lon="17.027728">
				<ele>115.801460</ele>
			</trkpt>
			<trkpt lat="51.129349" lon="17.027737">
				<ele>115.941193</ele>
			</trkpt>
			<trkpt lat="51.129540" lon="17.027754">
				<ele>116.357262</ele>
			</trkpt>
			<trkpt lat="51.129941" lon="17.027836">
				<ele>118.600021</ele>
			</trkpt>
			<trkpt lat="51.129963" lon="17.027836">
				<ele>118.600021</ele>
			</trkpt>
			<trkpt lat="51.130003" lon="17.027844">
				<ele>118.600029</ele>
			</trkpt>
			<trkpt lat="51.130008" lon="17.027808">
				<ele>118.600021</ele>
			</trkpt>
			<trkpt lat="51.130014" lon="17.027657">
				<ele>118.600021</ele>
			</trkpt>
			<trkpt lat="51.130104" lon="17.027674">
				<ele>118.717026</ele>
			</trkpt>
			<trkpt lat="51.130212" lon="17.027691">
				<ele>118.528206</ele>
			</trkpt>
			<trkpt lat="51.130538" lon="17.027754">
				<ele>114.379295</ele>
			</trkpt>
			<trkpt lat="51.130612" lon="17.027764">
				<ele>116.483841</ele>
			</trkpt>
			<trkpt lat="51.130651" lon="17.027773">
				<ele>118.180374</ele>
			</trkpt>
			<trkpt lat="51.132720" lon="17.028133">
				<ele>113.972626</ele>
			</trkpt>
			<trkpt lat="51.132725" lon="17.028133">
				<ele>114.015625</ele>
			</trkpt>
			<trkpt lat="51.132793" lon="17.028141">
				<ele>115.405533</ele>
			</trkpt>
			<trkpt lat="51.132810" lon="17.028150">
				<ele>116.133423</ele>
			</trkpt>
			<trkpt lat="51.132844" lon="17.028150">
				<ele>117.774765</ele>
			</trkpt>
			<trkpt lat="51.132849" lon="17.028033">
				<ele>117.935760</ele>
			</trkpt>
			<trkpt lat="51.132855" lon="17.027997">
				<ele>117.891258</ele>
			</trkpt>
			<trkpt lat="51.132872" lon="17.027961">
				<ele>118.106834</ele>
			</trkpt>
			<trkpt lat="51.132894" lon="17.027917">
				<ele>118.271599</ele>
			</trkpt>
			<trkpt lat="51.132906" lon="17.027854">
				<ele>118.043762</ele>
			</trkpt>
			<trkpt lat="51.132917" lon="17.027791">
				<ele>117.930779</ele>
			</trkpt>
			<trkpt lat="51.132945" lon="17.027791">
				<ele>118.541367</ele>
			</trkpt>
			<trkpt lat="51.132996" lon="17.027800">
				<ele>119.400009</ele>
			</trkpt>
			<trkpt lat="51.133030" lon="17.027800">
				<ele>119.400002</ele>
			</trkpt>
			<trkpt lat="51.133058" lon="17.027800">
				<ele>119.400017</ele>
			</trkpt>
			<trkpt lat="51.133086" lon="17.027808">
				<ele>119.324966</ele>
			</trkpt>
			<trkpt lat="51.133109" lon="17.027808">
				<ele>119.260468</ele>
			</trkpt>
			<trkpt lat="51.133131" lon="17.027818">
				<ele>119.195969</ele>
			</trkpt>
			<trkpt lat="51.133149" lon="17.027818">
				<ele>119.152969</ele>
			</trkpt>
			<trkpt lat="51.133193" lon="17.027800">
				<ele>119.024002</ele>
			</trkpt>
			<trkpt lat="51.133188" lon="17.027854">
				<ele>119.045509</ele>
			</trkpt>
			<trkpt lat="51.133193" lon="17.027898">
				<ele>119.109581</ele>
			</trkpt>
			<trkpt lat="51.133193" lon="17.027917">
				<ele>119.152153</ele>
			</trkpt>
			<trkpt lat="51.133210" lon="17.027953">
				<ele>119.180992</ele>
			</trkpt>
			<trkpt lat="51.133216" lon="17.027980">
				<ele>119.159500</ele>
			</trkpt>
			<trkpt lat="51.133368" lon="17.028024">
				<ele>118.729553</ele>
			</trkpt>
			<trkpt lat="51.133543" lon="17.028060">
				<ele>118.364616</ele>
			</trkpt>
			<trkpt lat="51.133661" lon="17.028070">
				<ele>118.073502</ele>
			</trkpt>
			<trkpt lat="51.133814" lon="17.028096">
				<ele>117.682693</ele>
			</trkpt>
			<trkpt lat="51.134129" lon="17.028150">
				<ele>116.990532</ele>
			</trkpt>
			<trkpt lat="51.134315" lon="17.028177">
				<ele>116.426147</ele>
			</trkpt>
			<trkpt lat="51.134377" lon="17.028194">
				<ele>116.291847</ele>
			</trkpt>
			<trkpt lat="51.134411" lon="17.028194">
				<ele>116.195107</ele>
			</trkpt>
			<trkpt lat="51.134445" lon="17.028204">
				<ele>116.098389</ele>
			</trkpt>
			<trkpt lat="51.134501" lon="17.028213">
				<ele>115.932137</ele>
			</trkpt>
			<trkpt lat="51.134552" lon="17.028249">
				<ele>115.800003</ele>
			</trkpt>
			<trkpt lat="51.134817" lon="17.028303">
				<ele>115.600014</ele>
			</trkpt>
			<trkpt lat="51.135031" lon="17.028357">
				<ele>115.412888</ele>
			</trkpt>
			<trkpt lat="51.135166" lon="17.028402">
				<ele>115.400017</ele>
			</trkpt>
			<trkpt lat="51.135459" lon="17.028527">
				<ele>115.400017</ele>
			</trkpt>
			<trkpt lat="51.135713" lon="17.028653">
				<ele>115.400009</ele>
			</trkpt>
			<trkpt lat="51.135848" lon="17.028716">
				<ele>115.400009</ele>
			</trkpt>
			<trkpt lat="51.136265" lon="17.028940">
				<ele>115.600021</ele>
			</trkpt>
			<trkpt lat="51.136581" lon="17.029120">
				<ele>115.600021</ele>
			</trkpt>
			<trkpt lat="51.137026" lon="17.029389">
				<ele>115.600029</ele>
			</trkpt>
			<trkpt lat="51.137071" lon="17.029389">
				<ele>115.600021</ele>
			</trkpt>
			<trkpt lat="51.137319" lon="17.029561">
				<ele>115.600021</ele>
			</trkpt>
			<trkpt lat="51.137342" lon="17.029569">
				<ele>115.605263</ele>
			</trkpt>
			<trkpt lat="51.137404" lon="17.029605">
				<ele>115.684441</ele>
			</trkpt>
			<trkpt lat="51.137432" lon="17.029624">
				<ele>115.666092</ele>
			</trkpt>
			<trkpt lat="51.137528" lon="17.029596">
				<ele>115.600021</ele>
			</trkpt>
			<trkpt lat="51.137556" lon="17.029588">
				<ele>115.600021</ele>
			</trkpt>
			<trkpt lat="51.137647" lon="17.029525">
				<ele>115.600014</ele>
			</trkpt>
			<trkpt lat="51.137692" lon="17.029489">
				<ele>115.600021</ele>
			</trkpt>
			<trkpt lat="51.137754" lon="17.029435">
				<ele>115.579147</ele>
			</trkpt>
			<trkpt lat="51.138019" lon="17.029219">
				<ele>115.400009</ele>
			</trkpt>
			<trkpt lat="51.138154" lon="17.029112">
				<ele>115.400009</ele>
			</trkpt>
			<trkpt lat="51.138216" lon="17.029058">
				<ele>115.400009</ele>
			</trkpt>
			<trkpt lat="51.138278" lon="17.029003">
				<ele>115.400002</ele>
			</trkpt>
			<trkpt lat="51.138402" lon="17.028923">
				<ele>115.400009</ele>
			</trkpt>
			<trkpt lat="51.138520" lon="17.028850">
				<ele>115.399994</ele>
			</trkpt>
			<trkpt lat="51.138532" lon="17.028833">
				<ele>115.400009</ele>
			</trkpt>
			<trkpt lat="51.138616" lon="17.028770">
				<ele>115.400009</ele>
			</trkpt>
			<trkpt lat="51.138655" lon="17.028733">
				<ele>115.400002</ele>
			</trkpt>
			<trkpt lat="51.138695" lon="17.028699">
				<ele>115.400009</ele>
			</trkpt>
			<trkpt lat="51.138746" lon="17.028653">
				<ele>115.400009</ele>
			</trkpt>
			<trkpt lat="51.138785" lon="17.028609">
				<ele>115.400009</ele>
			</trkpt>
			<trkpt lat="51.138864" lon="17.028500">
				<ele>115.548798</ele>
			</trkpt>
			<trkpt lat="51.138954" lon="17.028420">
				<ele>115.434341</ele>
			</trkpt>
			<trkpt lat="51.138982" lon="17.028393">
				<ele>115.465370</ele>
			</trkpt>
			<trkpt lat="51.139055" lon="17.028330">
				<ele>115.400009</ele>
			</trkpt>
			<trkpt lat="51.139078" lon="17.028312">
				<ele>115.400002</ele>
			</trkpt>
			<trkpt lat="51.139140" lon="17.028257">
				<ele>115.461639</ele>
			</trkpt>
			<trkpt lat="51.139259" lon="17.028141">
				<ele>115.600021</ele>
			</trkpt>
			<trkpt lat="51.139377" lon="17.028043">
				<ele>115.494377</ele>
			</trkpt>
			<trkpt lat="51.139535" lon="17.027944">
				<ele>115.400009</ele>
			</trkpt>
			<trkpt lat="51.139681" lon="17.027808">
				<ele>115.500961</ele>
			</trkpt>
			<trkpt lat="51.139805" lon="17.027691">
				<ele>115.286903</ele>
			</trkpt>
			<trkpt lat="51.139873" lon="17.027630">
				<ele>115.262474</ele>
			</trkpt>
			<trkpt lat="51.139946" lon="17.027567">
				<ele>115.398560</ele>
			</trkpt>
			<trkpt lat="51.139974" lon="17.027548">
				<ele>115.323303</ele>
			</trkpt>
			<trkpt lat="51.140053" lon="17.027485">
				<ele>115.233658</ele>
			</trkpt>
			<trkpt lat="51.140093" lon="17.027485">
				<ele>115.199997</ele>
			</trkpt>
			<trkpt lat="51.140200" lon="17.027431">
				<ele>115.199997</ele>
			</trkpt>
			<trkpt lat="51.140397" lon="17.027315">
				<ele>115.095909</ele>
			</trkpt>
			<trkpt lat="51.140560" lon="17.027207">
				<ele>115.018257</ele>
			</trkpt>
			<trkpt lat="51.140588" lon="17.027189">
				<ele>115.000015</ele>
			</trkpt>
			<trkpt lat="51.140656" lon="17.027126">
				<ele>115.000015</ele>
			</trkpt>
			<trkpt lat="51.140741" lon="17.027036">
				<ele>115.000015</ele>
			</trkpt>
			<trkpt lat="51.140775" lon="17.027001">
				<ele>115.000015</ele>
			</trkpt>
			<trkpt lat="51.140842" lon="17.026911">
				<ele>115.086700</ele>
			</trkpt>
			<trkpt lat="51.140921" lon="17.026839">
				<ele>115.116478</ele>
			</trkpt>
			<trkpt lat="51.141023" lon="17.026749">
				<ele>115.199997</ele>
			</trkpt>
			<trkpt lat="51.141040" lon="17.026731">
				<ele>115.200005</ele>
			</trkpt>
			<trkpt lat="51.141073" lon="17.026695">
				<ele>115.212997</ele>
			</trkpt>
			<trkpt lat="51.141164" lon="17.026569">
				<ele>115.377068</ele>
			</trkpt>
			<trkpt lat="51.141186" lon="17.026542">
				<ele>115.363960</ele>
			</trkpt>
			<trkpt lat="51.141282" lon="17.026408">
				<ele>115.400009</ele>
			</trkpt>
			<trkpt lat="51.141293" lon="17.026389">
				<ele>115.400009</ele>
			</trkpt>
			<trkpt lat="51.141355" lon="17.026318">
				<ele>115.400009</ele>
			</trkpt>
			<trkpt lat="51.141457" lon="17.026228">
				<ele>115.400009</ele>
			</trkpt>
			<trkpt lat="51.141485" lon="17.026210">
				<ele>115.400002</ele>
			</trkpt>
			<trkpt lat="51.141508" lon="17.026183">
				<ele>115.400002</ele>
			</trkpt>
			<trkpt lat="51.141553" lon="17.026138">
				<ele>115.400009</ele>
			</trkpt>
			<trkpt lat="51.141564" lon="17.026120">
				<ele>115.400009</ele>
			</trkpt>
			<trkpt lat="51.141626" lon="17.026075">
				<ele>115.399994</ele>
			</trkpt>
			<trkpt lat="51.141659" lon="17.026039">
				<ele>115.400009</ele>
			</trkpt>
			<trkpt lat="51.141699" lon="17.026012">
				<ele>115.394150</ele>
			</trkpt>
			<trkpt lat="51.141722" lon="17.026022">
				<ele>115.400009</ele>
			</trkpt>
			<trkpt lat="51.141761" lon="17.026012">
				<ele>115.400009</ele>
			</trkpt>
			<trkpt lat="51.141801" lon="17.026003">
				<ele>115.400017</ele>
			</trkpt>
			<trkpt lat="51.142026" lon="17.025850">
				<ele>115.199997</ele>
			</trkpt>
			<trkpt lat="51.142104" lon="17.025796">
				<ele>115.199997</ele>
			</trkpt>
			<trkpt lat="51.142150" lon="17.025760">
				<ele>115.199997</ele>
			</trkpt>
			<trkpt lat="51.142200" lon="17.025716">
				<ele>115.200005</ele>
			</trkpt>
			<trkpt lat="51.142251" lon="17.025670">
				<ele>115.199989</ele>
			</trkpt>
			<trkpt lat="51.142296" lon="17.025626">
				<ele>115.319382</ele>
			</trkpt>
			<trkpt lat="51.142511" lon="17.025428">
				<ele>115.400009</ele>
			</trkpt>
			<trkpt lat="51.142910" lon="17.025060">
				<ele>115.353302</ele>
			</trkpt>
			<trkpt lat="51.142978" lon="17.024997">
				<ele>115.379456</ele>
			</trkpt>
			<trkpt lat="51.143046" lon="17.024944">
				<ele>115.372292</ele>
			</trkpt>
			<trkpt lat="51.143063" lon="17.024925">
				<ele>115.318550</ele>
			</trkpt>
			<trkpt lat="51.143175" lon="17.024817">
				<ele>115.208282</ele>
			</trkpt>
			<trkpt lat="51.143193" lon="17.024800">
				<ele>115.199997</ele>
			</trkpt>
			<trkpt lat="51.143559" lon="17.024467">
				<ele>115.199997</ele>
			</trkpt>
			<trkpt lat="51.143756" lon="17.024278">
				<ele>115.199997</ele>
			</trkpt>
			<trkpt lat="51.143801" lon="17.024225">
				<ele>115.146133</ele>
			</trkpt>
			<trkpt lat="51.143840" lon="17.024179">
				<ele>115.017166</ele>
			</trkpt>
			<trkpt lat="51.143869" lon="17.024162">
				<ele>115.043259</ele>
			</trkpt>
			<trkpt lat="51.143891" lon="17.024144">
				<ele>115.069687</ele>
			</trkpt>
			<trkpt lat="51.143925" lon="17.024125">
				<ele>115.066666</ele>
			</trkpt>
			<trkpt lat="51.143942" lon="17.024108">
				<ele>115.018303</ele>
			</trkpt>
			<trkpt lat="51.144213" lon="17.023848">
				<ele>114.900650</ele>
			</trkpt>
			<trkpt lat="51.144235" lon="17.023820">
				<ele>114.884529</ele>
			</trkpt>
			<trkpt lat="51.144252" lon="17.023785">
				<ele>114.936897</ele>
			</trkpt>
			<trkpt lat="51.144280" lon="17.023749">
				<ele>115.000168</ele>
			</trkpt>
			<trkpt lat="51.144291" lon="17.023730">
				<ele>115.000015</ele>
			</trkpt>
			<trkpt lat="51.144302" lon="17.023722">
				<ele>115.000015</ele>
			</trkpt>
			<trkpt lat="51.144398" lon="17.023632">
				<ele>115.054283</ele>
			</trkpt>
			<trkpt lat="51.144449" lon="17.023586">
				<ele>115.095825</ele>
			</trkpt>
			<trkpt lat="51.144461" lon="17.023586">
				<ele>115.128067</ele>
			</trkpt>
			<trkpt lat="51.144471" lon="17.023578">
				<ele>115.149567</ele>
			</trkpt>
			<trkpt lat="51.144489" lon="17.023578">
				<ele>115.199997</ele>
			</trkpt>
			<trkpt lat="51.144506" lon="17.023586">
				<ele>115.199997</ele>
			</trkpt>
			<trkpt lat="51.144522" lon="17.023560">
				<ele>115.199997</ele>
			</trkpt>
			<trkpt lat="51.144590" lon="17.023506">
				<ele>115.249649</ele>
			</trkpt>
			<trkpt lat="51.144652" lon="17.023452">
				<ele>115.369499</ele>
			</trkpt>
			<trkpt lat="51.144691" lon="17.023407">
				<ele>115.240494</ele>
			</trkpt>
			<trkpt lat="51.145199" lon="17.022940">
				<ele>115.323776</ele>
			</trkpt>
			<trkpt lat="51.145633" lon="17.022544">
				<ele>115.400017</ele>
			</trkpt>
			<trkpt lat="51.145943" lon="17.022248">
				<ele>115.386246</ele>
			</trkpt>
			<trkpt lat="51.146230" lon="17.021988">
				<ele>115.304779</ele>
			</trkpt>
			<trkpt lat="51.146337" lon="17.021880">
				<ele>115.342674</ele>
			</trkpt>
			<trkpt lat="51.146421" lon="17.021817">
				<ele>115.363625</ele>
			</trkpt>
			<trkpt lat="51.146534" lon="17.021701">
				<ele>115.364700</ele>
			</trkpt>
			<trkpt lat="51.147126" lon="17.021152">
				<ele>115.287949</ele>
			</trkpt>
			<trkpt lat="51.147673" lon="17.020640">
				<ele>115.378593</ele>
			</trkpt>
			<trkpt lat="51.147746" lon="17.020542">
				<ele>115.353683</ele>
			</trkpt>
			<trkpt lat="51.147915" lon="17.020380">
				<ele>115.400009</ele>
			</trkpt>
			<trkpt lat="51.147971" lon="17.020334">
				<ele>115.400009</ele>
			</trkpt>
			<trkpt lat="51.148039" lon="17.020290">
				<ele>115.400009</ele>
			</trkpt>
			<trkpt lat="51.148264" lon="17.020093">
				<ele>115.299767</ele>
			</trkpt>
			<trkpt lat="51.148434" lon="17.019940">
				<ele>115.346375</ele>
			</trkpt>
			<trkpt lat="51.148670" lon="17.019715">
				<ele>115.186867</ele>
			</trkpt>
			<trkpt lat="51.148732" lon="17.019661">
				<ele>115.356018</ele>
			</trkpt>
			<trkpt lat="51.148794" lon="17.019607">
				<ele>115.334663</ele>
			</trkpt>
			<trkpt lat="51.149256" lon="17.019175">
				<ele>115.131462</ele>
			</trkpt>
			<trkpt lat="51.150445" lon="17.018089">
				<ele>114.800003</ele>
			</trkpt>
			<trkpt lat="51.150626" lon="17.017919">
				<ele>114.800003</ele>
			</trkpt>
			<trkpt lat="51.150687" lon="17.017864">
				<ele>114.799995</ele>
			</trkpt>
			<trkpt lat="51.150812" lon="17.017757">
				<ele>114.800003</ele>
			</trkpt>
			<trkpt lat="51.150975" lon="17.017604">
				<ele>114.876335</ele>
			</trkpt>
			<trkpt lat="51.151161" lon="17.017433">
				<ele>114.800003</ele>
			</trkpt>
			<trkpt lat="51.152000" lon="17.016661">
				<ele>114.600021</ele>
			</trkpt>
			<trkpt lat="51.152282" lon="17.016401">
				<ele>114.600014</ele>
			</trkpt>
			<trkpt lat="51.152530" lon="17.016166">
				<ele>114.587898</ele>
			</trkpt>
			<trkpt lat="51.153984" lon="17.014810">
				<ele>114.400009</ele>
			</trkpt>
			<trkpt lat="51.154339" lon="17.014478">
				<ele>114.400009</ele>
			</trkpt>
			<trkpt lat="51.154390" lon="17.014433">
				<ele>114.400009</ele>
			</trkpt>
			<trkpt lat="51.154626" lon="17.014191">
				<ele>114.271317</ele>
			</trkpt>
			<trkpt lat="51.154846" lon="17.013921">
				<ele>114.199989</ele>
			</trkpt>
			<trkpt lat="51.156485" lon="17.011701">
				<ele>114.200005</ele>
			</trkpt>
			<trkpt lat="51.156542" lon="17.011630">
				<ele>114.199997</ele>
			</trkpt>
			<trkpt lat="51.156598" lon="17.011558">
				<ele>114.199997</ele>
			</trkpt>
			<trkpt lat="51.156739" lon="17.011361">
				<ele>114.242859</ele>
			</trkpt>
			<trkpt lat="51.156852" lon="17.011136">
				<ele>114.061508</ele>
			</trkpt>
			<trkpt lat="51.156958" lon="17.010831">
				<ele>114.141258</ele>
			</trkpt>
			<trkpt lat="51.157066" lon="17.010596">
				<ele>114.030815</ele>
			</trkpt>
			<trkpt lat="51.157077" lon="17.010570">
				<ele>114.026329</ele>
			</trkpt>
			<trkpt lat="51.157094" lon="17.010516">
				<ele>114.000008</ele>
			</trkpt>
			<trkpt lat="51.157111" lon="17.010445">
				<ele>114.000015</ele>
			</trkpt>
			<trkpt lat="51.157134" lon="17.010328">
				<ele>114.061653</ele>
			</trkpt>
			<trkpt lat="51.157139" lon="17.010246">
				<ele>113.939346</ele>
			</trkpt>
			<trkpt lat="51.157134" lon="17.010139">
				<ele>113.907097</ele>
			</trkpt>
			<trkpt lat="51.157134" lon="17.010004">
				<ele>114.045929</ele>
			</trkpt>
			<trkpt lat="51.157167" lon="17.009986">
				<ele>114.354866</ele>
			</trkpt>
			<trkpt lat="51.157190" lon="17.009969">
				<ele>114.584297</ele>
			</trkpt>
			<trkpt lat="51.157223" lon="17.009950">
				<ele>114.758942</ele>
			</trkpt>
			<trkpt lat="51.157460" lon="17.009816">
				<ele>114.814590</ele>
			</trkpt>
			<trkpt lat="51.157494" lon="17.009797">
				<ele>114.800003</ele>
			</trkpt>
			<trkpt lat="51.157516" lon="17.009780">
				<ele>114.799995</ele>
			</trkpt>
			<trkpt lat="51.157539" lon="17.009770">
				<ele>114.800003</ele>
			</trkpt>
			<trkpt lat="51.157573" lon="17.009833">
				<ele>114.800003</ele>
			</trkpt>
			<trkpt lat="51.157635" lon="17.009887">
				<ele>114.800003</ele>
			</trkpt>
			<trkpt lat="51.157669" lon="17.009914">
				<ele>114.806511</ele>
			</trkpt>
			<trkpt lat="51.157798" lon="17.009743">
				<ele>114.338181</ele>
			</trkpt>
			<trkpt lat="51.157950" lon="17.009537">
				<ele>113.935974</ele>
			</trkpt>
			<trkpt lat="51.158119" lon="17.009313">
				<ele>113.928940</ele>
			</trkpt>
			<trkpt lat="51.158210" lon="17.009168">
				<ele>113.800003</ele>
			</trkpt>
			<trkpt lat="51.158288" lon="17.009061">
				<ele>113.800003</ele>
			</trkpt>
			<trkpt lat="51.158311" lon="17.009034">
				<ele>113.800011</ele>
			</trkpt>
			<trkpt lat="51.158339" lon="17.008998">
				<ele>113.800003</ele>
			</trkpt>
			<trkpt lat="51.158384" lon="17.008944">
				<ele>113.800003</ele>
			</trkpt>
			<trkpt lat="51.158508" lon="17.008774">
				<ele>113.800011</ele>
			</trkpt>
			<trkpt lat="51.158548" lon="17.008728">
				<ele>113.679001</ele>
			</trkpt>
			<trkpt lat="51.158649" lon="17.008594">
				<ele>113.552856</ele>
			</trkpt>
			<trkpt lat="51.158694" lon="17.008531">
				<ele>113.600021</ele>
			</trkpt>
			<trkpt lat="51.158795" lon="17.008396">
				<ele>113.655296</ele>
			</trkpt>
			<trkpt lat="51.158813" lon="17.008388">
				<ele>113.687531</ele>
			</trkpt>
			<trkpt lat="51.158829" lon="17.008396">
				<ele>113.746140</ele>
			</trkpt>
			<trkpt lat="51.158846" lon="17.008422">
				<ele>113.819077</ele>
			</trkpt>
			<trkpt lat="51.158880" lon="17.008495">
				<ele>114.000008</ele>
			</trkpt>
			<trkpt lat="51.159111" lon="17.008198">
				<ele>114.000015</ele>
			</trkpt>
			<trkpt lat="51.159167" lon="17.008135">
				<ele>114.000015</ele>
			</trkpt>
			<trkpt lat="51.159421" lon="17.007785">
				<ele>114.074265</ele>
			</trkpt>
			<trkpt lat="51.159782" lon="17.007300">
				<ele>113.818810</ele>
			</trkpt>
			<trkpt lat="51.159916" lon="17.007112">
				<ele>113.871613</ele>
			</trkpt>
			<trkpt lat="51.160244" lon="17.006671">
				<ele>113.793701</ele>
			</trkpt>
			<trkpt lat="51.160429" lon="17.006420">
				<ele>113.713394</ele>
			</trkpt>
			<trkpt lat="51.160575" lon="17.006222">
				<ele>113.800003</ele>
			</trkpt>
			<trkpt lat="51.160756" lon="17.005980">
				<ele>113.721939</ele>
			</trkpt>
			<trkpt lat="51.160835" lon="17.005872">
				<ele>113.681465</ele>
			</trkpt>
			<trkpt lat="51.160897" lon="17.005764">
				<ele>113.668121</ele>
			</trkpt>
			<trkpt lat="51.160981" lon="17.005629">
				<ele>113.886612</ele>
			</trkpt>
			<trkpt lat="51.161032" lon="17.005548">
				<ele>113.856522</ele>
			</trkpt>
			<trkpt lat="51.161094" lon="17.005422">
				<ele>113.917458</ele>
			</trkpt>
			<trkpt lat="51.161235" lon="17.005135">
				<ele>113.400009</ele>
			</trkpt>
			<trkpt lat="51.161353" lon="17.004883">
				<ele>113.568092</ele>
			</trkpt>
			<trkpt lat="51.161393" lon="17.004803">
				<ele>113.449844</ele>
			</trkpt>
			<trkpt lat="51.161516" lon="17.004569">
				<ele>113.586121</ele>
			</trkpt>
			<trkpt lat="51.161595" lon="17.004417">
				<ele>113.800003</ele>
			</trkpt>
			<trkpt lat="51.161731" lon="17.004147">
				<ele>113.788040</ele>
			</trkpt>
			<trkpt lat="51.161882" lon="17.003841">
				<ele>113.713013</ele>
			</trkpt>
			<trkpt lat="51.161928" lon="17.003751">
				<ele>113.736244</ele>
			</trkpt>
			<trkpt lat="51.161961" lon="17.003680">
				<ele>113.800011</ele>
			</trkpt>
			<trkpt lat="51.161978" lon="17.003653">
				<ele>113.787354</ele>
			</trkpt>
			<trkpt lat="51.162063" lon="17.003482">
				<ele>113.723198</ele>
			</trkpt>
			<trkpt lat="51.162091" lon="17.003420">
				<ele>113.798439</ele>
			</trkpt>
			<trkpt lat="51.162277" lon="17.003051">
				<ele>113.725136</ele>
			</trkpt>
			<trkpt lat="51.162356" lon="17.002872">
				<ele>113.750862</ele>
			</trkpt>
			<trkpt lat="51.162384" lon="17.002818">
				<ele>113.799995</ele>
			</trkpt>
			<trkpt lat="51.162519" lon="17.002548">
				<ele>113.666672</ele>
			</trkpt>
			<trkpt lat="51.162592" lon="17.002413">
				<ele>113.600021</ele>
			</trkpt>
			<trkpt lat="51.162666" lon="17.002269">
				<ele>113.791275</ele>
			</trkpt>
			<trkpt lat="51.162694" lon="17.002216">
				<ele>113.800003</ele>
			</trkpt>
			<trkpt lat="51.162761" lon="17.002080">
				<ele>113.800003</ele>
			</trkpt>
			<trkpt lat="51.163032" lon="17.001543">
				<ele>113.791039</ele>
			</trkpt>
			<trkpt lat="51.163049" lon="17.001506">
				<ele>113.731461</ele>
			</trkpt>
			<trkpt lat="51.163246" lon="17.001111">
				<ele>113.796234</ele>
			</trkpt>
			<trkpt lat="51.163285" lon="17.001048">
				<ele>113.800011</ele>
			</trkpt>
			<trkpt lat="51.163398" lon="17.000824">
				<ele>113.714737</ele>
			</trkpt>
			<trkpt lat="51.163556" lon="17.000509">
				<ele>113.524025</ele>
			</trkpt>
			<trkpt lat="51.163595" lon="17.000428">
				<ele>113.566544</ele>
			</trkpt>
			<trkpt lat="51.163708" lon="17.000204">
				<ele>113.400017</ele>
			</trkpt>
			<trkpt lat="51.163820" lon="16.999988">
				<ele>113.400009</ele>
			</trkpt>
			<trkpt lat="51.163894" lon="16.999862">
				<ele>113.560768</ele>
			</trkpt>
			<trkpt lat="51.163922" lon="16.999817">
				<ele>113.672432</ele>
			</trkpt>
			<trkpt lat="51.163967" lon="16.999755">
				<ele>113.713150</ele>
			</trkpt>
			<trkpt lat="51.164007" lon="16.999692">
				<ele>113.605675</ele>
			</trkpt>
			<trkpt lat="51.164040" lon="16.999646">
				<ele>113.476967</ele>
			</trkpt>
			<trkpt lat="51.164068" lon="16.999610">
				<ele>113.290222</ele>
			</trkpt>
			<trkpt lat="51.164130" lon="16.999548">
				<ele>113.427124</ele>
			</trkpt>
			<trkpt lat="51.164204" lon="16.999476">
				<ele>113.439034</ele>
			</trkpt>
			<trkpt lat="51.164237" lon="16.999449">
				<ele>113.518219</ele>
			</trkpt>
			<trkpt lat="51.164305" lon="16.999395">
				<ele>113.556511</ele>
			</trkpt>
			<trkpt lat="51.164367" lon="16.999359">
				<ele>113.384521</ele>
			</trkpt>
			<trkpt lat="51.164434" lon="16.999323">
				<ele>113.243530</ele>
			</trkpt>
			<trkpt lat="51.164519" lon="16.999287">
				<ele>113.296120</ele>
			</trkpt>
			<trkpt lat="51.164756" lon="16.999180">
				<ele>113.400009</ele>
			</trkpt>
			<trkpt lat="51.164992" lon="16.999080">
				<ele>113.400002</ele>
			</trkpt>
			<trkpt lat="51.165037" lon="16.999063">
				<ele>113.400002</ele>
			</trkpt>
			<trkpt lat="51.165077" lon="16.999044">
				<ele>113.414780</ele>
			</trkpt>
			<trkpt lat="51.165167" lon="16.999000">
				<ele>113.600029</ele>
			</trkpt>
			<trkpt lat="51.165263" lon="16.998954">
				<ele>113.441124</ele>
			</trkpt>
			<trkpt lat="51.165370" lon="16.998910">
				<ele>113.400017</ele>
			</trkpt>
			<trkpt lat="51.165550" lon="16.998838">
				<ele>113.400009</ele>
			</trkpt>
			<trkpt lat="51.165753" lon="16.998748">
				<ele>113.400002</ele>
			</trkpt>
			<trkpt lat="51.165798" lon="16.998721">
				<ele>113.427925</ele>
			</trkpt>
			<trkpt lat="51.165837" lon="16.998703">
				<ele>113.529930</ele>
			</trkpt>
			<trkpt lat="51.165871" lon="16.998694">
				<ele>113.595840</ele>
			</trkpt>
			<trkpt lat="51.166029" lon="16.998623">
				<ele>113.600029</ele>
			</trkpt>
			<trkpt lat="51.166040" lon="16.998614">
				<ele>113.600021</ele>
			</trkpt>
			<trkpt lat="51.166063" lon="16.998604">
				<ele>113.600021</ele>
			</trkpt>
			<trkpt lat="51.166170" lon="16.998560">
				<ele>113.600029</ele>
			</trkpt>
			<trkpt lat="51.166209" lon="16.998541">
				<ele>113.600021</ele>
			</trkpt>
			<trkpt lat="51.166260" lon="16.998524">
				<ele>113.600021</ele>
			</trkpt>
			<trkpt lat="51.166406" lon="16.998451">
				<ele>113.600021</ele>
			</trkpt>
			<trkpt lat="51.166490" lon="16.998416">
				<ele>113.600014</ele>
			</trkpt>
			<trkpt lat="51.166553" lon="16.998388">
				<ele>113.600021</ele>
			</trkpt>
			<trkpt lat="51.166649" lon="16.998353">
				<ele>113.556740</ele>
			</trkpt>
			<trkpt lat="51.166705" lon="16.998327">
				<ele>113.427094</ele>
			</trkpt>
			<trkpt lat="51.166761" lon="16.998298">
				<ele>113.424370</ele>
			</trkpt>
			<trkpt lat="51.166828" lon="16.998272">
				<ele>113.387817</ele>
			</trkpt>
			<trkpt lat="51.166874" lon="16.998254">
				<ele>113.419579</ele>
			</trkpt>
			<trkpt lat="51.166885" lon="16.998245">
				<ele>113.426559</ele>
			</trkpt>
			<trkpt lat="51.167025" lon="16.998182">
				<ele>113.400009</ele>
			</trkpt>
			<trkpt lat="51.167127" lon="16.998138">
				<ele>113.400002</ele>
			</trkpt>
			<trkpt lat="51.167172" lon="16.998120">
				<ele>113.400009</ele>
			</trkpt>
			<trkpt lat="51.167212" lon="16.998101">
				<ele>113.400009</ele>
			</trkpt>
			<trkpt lat="51.167217" lon="16.998101">
				<ele>113.400009</ele>
			</trkpt>
			<trkpt lat="51.167567" lon="16.997940">
				<ele>113.433777</ele>
			</trkpt>
			<trkpt lat="51.167606" lon="16.997922">
				<ele>113.541267</ele>
			</trkpt>
			<trkpt lat="51.167673" lon="16.997895">
				<ele>113.552315</ele>
			</trkpt>
			<trkpt lat="51.167983" lon="16.997724">
				<ele>113.400009</ele>
			</trkpt>
			<trkpt lat="51.168090" lon="16.997671">
				<ele>113.400009</ele>
			</trkpt>
			<trkpt lat="51.168135" lon="16.997643">
				<ele>113.435349</ele>
			</trkpt>
			<trkpt lat="51.168186" lon="16.997616">
				<ele>113.575096</ele>
			</trkpt>
			<trkpt lat="51.168237" lon="16.997589">
				<ele>113.600029</ele>
			</trkpt>
			<trkpt lat="51.168434" lon="16.997472">
				<ele>113.600021</ele>
			</trkpt>
			<trkpt lat="51.168536" lon="16.997419">
				<ele>113.600029</ele>
			</trkpt>
			<trkpt lat="51.168603" lon="16.997382">
				<ele>113.600014</ele>
			</trkpt>
			<trkpt lat="51.168676" lon="16.997346">
				<ele>113.600021</ele>
			</trkpt>
			<trkpt lat="51.168738" lon="16.997311">
				<ele>113.600021</ele>
			</trkpt>
			<trkpt lat="51.168789" lon="16.997285">
				<ele>113.600021</ele>
			</trkpt>
			<trkpt lat="51.168834" lon="16.997256">
				<ele>113.602394</ele>
			</trkpt>
			<trkpt lat="51.168890" lon="16.997222">
				<ele>113.763611</ele>
			</trkpt>
			<trkpt lat="51.168913" lon="16.997212">
				<ele>113.799995</ele>
			</trkpt>
			<trkpt lat="51.169071" lon="16.997122">
				<ele>113.775665</ele>
			</trkpt>
			<trkpt lat="51.169149" lon="16.997086">
				<ele>113.673561</ele>
			</trkpt>
			<trkpt lat="51.169307" lon="16.996996">
				<ele>113.800011</ele>
			</trkpt>
			<trkpt lat="51.169358" lon="16.996969">
				<ele>113.766068</ele>
			</trkpt>
			<trkpt lat="51.169425" lon="16.996925">
				<ele>113.792442</ele>
			</trkpt>
			<trkpt lat="51.169442" lon="16.996916">
				<ele>113.795227</ele>
			</trkpt>
			<trkpt lat="51.169510" lon="16.996880">
				<ele>113.749191</ele>
			</trkpt>
			<trkpt lat="51.169656" lon="16.996780">
				<ele>113.605919</ele>
			</trkpt>
			<trkpt lat="51.169684" lon="16.996763">
				<ele>113.565285</ele>
			</trkpt>
			<trkpt lat="51.169667" lon="16.996700">
				<ele>113.400009</ele>
			</trkpt>
			<trkpt lat="51.169730" lon="16.996664">
				<ele>113.528366</ele>
			</trkpt>
			<trkpt lat="51.169820" lon="16.996610">
				<ele>113.592125</ele>
			</trkpt>
			<trkpt lat="51.169893" lon="16.996574">
				<ele>113.600021</ele>
			</trkpt>
			<trkpt lat="51.169989" lon="16.996530">
				<ele>113.600021</ele>
			</trkpt>
			<trkpt lat="51.170045" lon="16.996493">
				<ele>113.600021</ele>
			</trkpt>
			<trkpt lat="51.170203" lon="16.996403">
				<ele>113.564972</ele>
			</trkpt>
			<trkpt lat="51.170304" lon="16.996350">
				<ele>113.600021</ele>
			</trkpt>
			<trkpt lat="51.170535" lon="16.996214">
				<ele>113.600021</ele>
			</trkpt>
			<trkpt lat="51.170597" lon="16.996188">
				<ele>113.600029</ele>
			</trkpt>
			<trkpt lat="51.170901" lon="16.996027">
				<ele>113.412827</ele>
			</trkpt>
			<trkpt lat="51.171003" lon="16.995964">
				<ele>113.400002</ele>
			</trkpt>
			<trkpt lat="51.171250" lon="16.995811">
				<ele>113.403732</ele>
			</trkpt>
			<trkpt lat="51.171334" lon="16.995757">
				<ele>113.600021</ele>
			</trkpt>
			<trkpt lat="51.171566" lon="16.995614">
				<ele>113.400009</ele>
			</trkpt>
			<trkpt lat="51.171577" lon="16.995604">
				<ele>113.400009</ele>
			</trkpt>
			<trkpt lat="51.171627" lon="16.995577">
				<ele>113.400009</ele>
			</trkpt>
			<trkpt lat="51.171690" lon="16.995541">
				<ele>113.400009</ele>
			</trkpt>
			<trkpt lat="51.171752" lon="16.995505">
				<ele>113.400009</ele>
			</trkpt>
			<trkpt lat="51.171780" lon="16.995488">
				<ele>113.400009</ele>
			</trkpt>
			<trkpt lat="51.172005" lon="16.995352">
				<ele>113.199997</ele>
			</trkpt>
			<trkpt lat="51.172472" lon="16.995074">
				<ele>113.199997</ele>
			</trkpt>
			<trkpt lat="51.172647" lon="16.994966">
				<ele>113.000023</ele>
			</trkpt>
			<trkpt lat="51.172883" lon="16.994832">
				<ele>113.120995</ele>
			</trkpt>
			<trkpt lat="51.172974" lon="16.994769">
				<ele>113.046585</ele>
			</trkpt>
			<trkpt lat="51.173019" lon="16.994732">
				<ele>113.040245</ele>
			</trkpt>
			<trkpt lat="51.173362" lon="16.994517">
				<ele>112.834206</ele>
			</trkpt>
			<trkpt lat="51.173458" lon="16.994463">
				<ele>112.901154</ele>
			</trkpt>
			<trkpt lat="51.173463" lon="16.994463">
				<ele>112.907402</ele>
			</trkpt>
			<trkpt lat="51.173469" lon="16.994463">
				<ele>112.919891</ele>
			</trkpt>
			<trkpt lat="51.173498" lon="16.994463">
				<ele>112.963654</ele>
			</trkpt>
			<trkpt lat="51.173503" lon="16.994463">
				<ele>112.976143</ele>
			</trkpt>
			<trkpt lat="51.173509" lon="16.994463">
				<ele>112.982399</ele>
			</trkpt>
			<trkpt lat="51.173661" lon="16.994373">
				<ele>112.831116</ele>
			</trkpt>
			<trkpt lat="51.173706" lon="16.994346">
				<ele>112.900261</ele>
			</trkpt>
			<trkpt lat="51.173717" lon="16.994338">
				<ele>112.908112</ele>
			</trkpt>
			<trkpt lat="51.173819" lon="16.994283">
				<ele>112.851112</ele>
			</trkpt>
			<trkpt lat="51.173999" lon="16.994176">
				<ele>112.872185</ele>
			</trkpt>
			<trkpt lat="51.174033" lon="16.994158">
				<ele>112.870537</ele>
			</trkpt>
			<trkpt lat="51.174072" lon="16.994130">
				<ele>112.919250</ele>
			</trkpt>
			<trkpt lat="51.174134" lon="16.994095">
				<ele>112.846466</ele>
			</trkpt>
			<trkpt lat="51.174241" lon="16.994032">
				<ele>112.800003</ele>
			</trkpt>
			<trkpt lat="51.174292" lon="16.993996">
				<ele>112.799995</ele>
			</trkpt>
			<trkpt lat="51.174432" lon="16.993924">
				<ele>112.794579</ele>
			</trkpt>
			<trkpt lat="51.174556" lon="16.993853">
				<ele>112.786591</ele>
			</trkpt>
			<trkpt lat="51.174556" lon="16.993843">
				<ele>112.776588</ele>
			</trkpt>
			<trkpt lat="51.174562" lon="16.993843">
				<ele>112.779976</ele>
			</trkpt>
			<trkpt lat="51.174579" lon="16.993780">
				<ele>112.749802</ele>
			</trkpt>
			<trkpt lat="51.174579" lon="16.993772">
				<ele>112.728317</ele>
			</trkpt>
			<trkpt lat="51.174607" lon="16.993763">
				<ele>112.711319</ele>
			</trkpt>
			<trkpt lat="51.174613" lon="16.993763">
				<ele>112.711319</ele>
			</trkpt>
			<trkpt lat="51.174641" lon="16.993790">
				<ele>112.786560</ele>
			</trkpt>
			<trkpt lat="51.174646" lon="16.993790">
				<ele>112.786552</ele>
			</trkpt>
			<trkpt lat="51.174652" lon="16.993790">
				<ele>112.786552</ele>
			</trkpt>
			<trkpt lat="51.174782" lon="16.993709">
				<ele>112.728500</ele>
			</trkpt>
			<trkpt lat="51.174799" lon="16.993700">
				<ele>112.734886</ele>
			</trkpt>
			<trkpt lat="51.174906" lon="16.993637">
				<ele>112.799995</ele>
			</trkpt>
			<trkpt lat="51.175080" lon="16.993529">
				<ele>112.744881</ele>
			</trkpt>
			<trkpt lat="51.175385" lon="16.993358">
				<ele>112.830063</ele>
			</trkpt>
			<trkpt lat="51.175452" lon="16.993314">
				<ele>112.894554</ele>
			</trkpt>
			<trkpt lat="51.175553" lon="16.993241">
				<ele>113.131081</ele>
			</trkpt>
			<trkpt lat="51.175621" lon="16.993188">
				<ele>113.157837</ele>
			</trkpt>
			<trkpt lat="51.175688" lon="16.993116">
				<ele>113.154655</ele>
			</trkpt>
			<trkpt lat="51.175733" lon="16.993053">
				<ele>113.127975</ele>
			</trkpt>
			<trkpt lat="51.175784" lon="16.992981">
				<ele>113.186760</ele>
			</trkpt>
			<trkpt lat="51.176162" lon="16.992406">
				<ele>113.400009</ele>
			</trkpt>
			<trkpt lat="51.176516" lon="16.991867">
				<ele>113.199997</ele>
			</trkpt>
			<trkpt lat="51.176601" lon="16.991732">
				<ele>113.199997</ele>
			</trkpt>
			<trkpt lat="51.176742" lon="16.991508">
				<ele>113.199997</ele>
			</trkpt>
			<trkpt lat="51.176753" lon="16.991490">
				<ele>113.199997</ele>
			</trkpt>
			<trkpt lat="51.176815" lon="16.991390">
				<ele>113.199989</ele>
			</trkpt>
			<trkpt lat="51.176928" lon="16.991211">
				<ele>113.199608</ele>
			</trkpt>
			<trkpt lat="51.177068" lon="16.990996">
				<ele>113.000954</ele>
			</trkpt>
			<trkpt lat="51.177175" lon="16.990834">
				<ele>113.000023</ele>
			</trkpt>
			<trkpt lat="51.177192" lon="16.990807">
				<ele>113.000015</ele>
			</trkpt>
			<trkpt lat="51.177226" lon="16.990753">
				<ele>113.000008</ele>
			</trkpt>
			<trkpt lat="51.177310" lon="16.990618">
				<ele>113.000015</ele>
			</trkpt>
			<trkpt lat="51.177361" lon="16.990528">
				<ele>113.000015</ele>
			</trkpt>
			<trkpt lat="51.177389" lon="16.990484">
				<ele>113.000015</ele>
			</trkpt>
			<trkpt lat="51.177491" lon="16.990322">
				<ele>113.184151</ele>
			</trkpt>
			<trkpt lat="51.177541" lon="16.990241">
				<ele>113.199997</ele>
			</trkpt>
			<trkpt lat="51.177597" lon="16.990161">
				<ele>113.199997</ele>
			</trkpt>
			<trkpt lat="51.177705" lon="16.989981">
				<ele>113.001785</ele>
			</trkpt>
			<trkpt lat="51.177834" lon="16.989774">
				<ele>112.873398</ele>
			</trkpt>
			<trkpt lat="51.177890" lon="16.989685">
				<ele>112.812508</ele>
			</trkpt>
			<trkpt lat="51.177947" lon="16.989595">
				<ele>112.800003</ele>
			</trkpt>
			<trkpt lat="51.178177" lon="16.989235">
				<ele>112.800003</ele>
			</trkpt>
			<trkpt lat="51.178189" lon="16.989253">
				<ele>112.799995</ele>
			</trkpt>
			<trkpt lat="51.178206" lon="16.989280">
				<ele>112.812263</ele>
			</trkpt>
			<trkpt lat="51.178228" lon="16.989316">
				<ele>112.876755</ele>
			</trkpt>
			<trkpt lat="51.178234" lon="16.989325">
				<ele>112.890343</ele>
			</trkpt>
			<trkpt lat="51.178268" lon="16.989271">
				<ele>112.984253</ele>
			</trkpt>
			<trkpt lat="51.178352" lon="16.989155">
				<ele>113.013138</ele>
			</trkpt>
			<trkpt lat="51.178482" lon="16.988948">
				<ele>112.800011</ele>
			</trkpt>
			<trkpt lat="51.178550" lon="16.988840">
				<ele>112.800003</ele>
			</trkpt>
			<trkpt lat="51.178583" lon="16.988786">
				<ele>112.800003</ele>
			</trkpt>
			<trkpt lat="51.178595" lon="16.988759">
				<ele>112.800003</ele>
			</trkpt>
			<trkpt lat="51.178668" lon="16.988643">
				<ele>112.845718</ele>
			</trkpt>
			<trkpt lat="51.178757" lon="16.988507">
				<ele>112.800003</ele>
			</trkpt>
			<trkpt lat="51.178769" lon="16.988490">
				<ele>112.799988</ele>
			</trkpt>
			<trkpt lat="51.178769" lon="16.988480">
				<ele>112.800003</ele>
			</trkpt>
			<trkpt lat="51.178898" lon="16.988283">
				<ele>112.800003</ele>
			</trkpt>
			<trkpt lat="51.179039" lon="16.988058">
				<ele>112.800003</ele>
			</trkpt>
			<trkpt lat="51.179067" lon="16.988023">
				<ele>112.778519</ele>
			</trkpt>
			<trkpt lat="51.179084" lon="16.987995">
				<ele>112.775055</ele>
			</trkpt>
			<trkpt lat="51.179197" lon="16.987824">
				<ele>112.800003</ele>
			</trkpt>
			<trkpt lat="51.179304" lon="16.987654">
				<ele>112.752853</ele>
			</trkpt>
			<trkpt lat="51.179349" lon="16.987609">
				<ele>112.778015</ele>
			</trkpt>
			<trkpt lat="51.179478" lon="16.987511">
				<ele>112.608398</ele>
			</trkpt>
			<trkpt lat="51.179518" lon="16.987465">
				<ele>112.525169</ele>
			</trkpt>
			<trkpt lat="51.179653" lon="16.987250">
				<ele>112.621063</ele>
			</trkpt>
			<trkpt lat="51.179687" lon="16.987195">
				<ele>112.616600</ele>
			</trkpt>
			<trkpt lat="51.179738" lon="16.987115">
				<ele>112.607208</ele>
			</trkpt>
			<trkpt lat="51.179771" lon="16.987052">
				<ele>112.599632</ele>
			</trkpt>
			<trkpt lat="51.179816" lon="16.986998">
				<ele>112.639267</ele>
			</trkpt>
			<trkpt lat="51.179873" lon="16.986908">
				<ele>112.690506</ele>
			</trkpt>
			<trkpt lat="51.179906" lon="16.986864">
				<ele>112.604546</ele>
			</trkpt>
			<trkpt lat="51.179962" lon="16.986756">
				<ele>112.607445</ele>
			</trkpt>
			<trkpt lat="51.179997" lon="16.986711">
				<ele>112.588760</ele>
			</trkpt>
			<trkpt lat="51.180053" lon="16.986639">
				<ele>112.582550</ele>
			</trkpt>
			<trkpt lat="51.180121" lon="16.986566">
				<ele>112.558212</ele>
			</trkpt>
			<trkpt lat="51.180199" lon="16.986486">
				<ele>112.376862</ele>
			</trkpt>
			<trkpt lat="51.180391" lon="16.986325">
				<ele>112.409653</ele>
			</trkpt>
			<trkpt lat="51.181033" lon="16.985767">
				<ele>112.018257</ele>
			</trkpt>
			<trkpt lat="51.181455" lon="16.985400">
				<ele>112.011253</ele>
			</trkpt>
			<trkpt lat="51.182266" lon="16.984690">
				<ele>112.364410</ele>
			</trkpt>
			<trkpt lat="51.182930" lon="16.984124">
				<ele>112.199997</ele>
			</trkpt>
			<trkpt lat="51.183150" lon="16.983926">
				<ele>112.201302</ele>
			</trkpt>
			<trkpt lat="51.183691" lon="16.983459">
				<ele>111.800003</ele>
			</trkpt>
			<trkpt lat="51.184079" lon="16.983136">
				<ele>112.245277</ele>
			</trkpt>
			<trkpt lat="51.184107" lon="16.983109">
				<ele>112.118576</ele>
			</trkpt>
			<trkpt lat="51.184361" lon="16.982884">
				<ele>111.891624</ele>
			</trkpt>
			<trkpt lat="51.185932" lon="16.981528">
				<ele>111.800003</ele>
			</trkpt>
			<trkpt lat="51.186343" lon="16.981169">
				<ele>111.775978</ele>
			</trkpt>
			<trkpt lat="51.186889" lon="16.980692">
				<ele>111.600021</ele>
			</trkpt>
			<trkpt lat="51.187300" lon="16.980333">
				<ele>111.990654</ele>
			</trkpt>
			<trkpt lat="51.187705" lon="16.979991">
				<ele>112.000015</ele>
			</trkpt>
			<trkpt lat="51.187745" lon="16.979955">
				<ele>112.000015</ele>
			</trkpt>
			<trkpt lat="51.188201" lon="16.979561">
				<ele>112.013763</ele>
			</trkpt>
			<trkpt lat="51.188516" lon="16.979291">
				<ele>111.888786</ele>
			</trkpt>
			<trkpt lat="51.188792" lon="16.979048">
				<ele>111.640289</ele>
			</trkpt>
			<trkpt lat="51.188876" lon="16.978985">
				<ele>111.929695</ele>
			</trkpt>
			<trkpt lat="51.188910" lon="16.978968">
				<ele>111.978065</ele>
			</trkpt>
			<trkpt lat="51.188944" lon="16.978958">
				<ele>112.001480</ele>
			</trkpt>
			<trkpt lat="51.188983" lon="16.978949">
				<ele>112.028259</ele>
			</trkpt>
			<trkpt lat="51.189062" lon="16.978932">
				<ele>112.080162</ele>
			</trkpt>
			<trkpt lat="51.189169" lon="16.978905">
				<ele>112.378700</ele>
			</trkpt>
			<trkpt lat="51.189203" lon="16.978895">
				<ele>112.399170</ele>
			</trkpt>
			<trkpt lat="51.189237" lon="16.978886">
				<ele>112.409149</ele>
			</trkpt>
			<trkpt lat="51.189299" lon="16.978832">
				<ele>112.559654</ele>
			</trkpt>
			<trkpt lat="51.189400" lon="16.978788">
				<ele>112.600021</ele>
			</trkpt>
			<trkpt lat="51.189417" lon="16.978788">
				<ele>112.600014</ele>
			</trkpt>
			<trkpt lat="51.189602" lon="16.978742">
				<ele>112.600021</ele>
			</trkpt>
			<trkpt lat="51.189670" lon="16.978725">
				<ele>112.712532</ele>
			</trkpt>
			<trkpt lat="51.189755" lon="16.978689">
				<ele>112.799995</ele>
			</trkpt>
			<trkpt lat="51.189895" lon="16.978645">
				<ele>112.686333</ele>
			</trkpt>
			<trkpt lat="51.190013" lon="16.978599">
				<ele>112.790810</ele>
			</trkpt>
			<trkpt lat="51.190053" lon="16.978599">
				<ele>112.799034</ele>
			</trkpt>
			<trkpt lat="51.190239" lon="16.978536">
				<ele>112.792679</ele>
			</trkpt>
			<trkpt lat="51.190278" lon="16.978519">
				<ele>112.782852</ele>
			</trkpt>
			<trkpt lat="51.190306" lon="16.978509">
				<ele>112.728958</ele>
			</trkpt>
			<trkpt lat="51.190453" lon="16.978446">
				<ele>112.799995</ele>
			</trkpt>
			<trkpt lat="51.190492" lon="16.978437">
				<ele>112.800003</ele>
			</trkpt>
			<trkpt lat="51.190734" lon="16.978339">
				<ele>112.800003</ele>
			</trkpt>
			<trkpt lat="51.190937" lon="16.978266">
				<ele>112.817917</ele>
			</trkpt>
			<trkpt lat="51.191218" lon="16.978159">
				<ele>113.000015</ele>
			</trkpt>
			<trkpt lat="51.191297" lon="16.978123">
				<ele>113.000015</ele>
			</trkpt>
			<trkpt lat="51.191387" lon="16.978096">
				<ele>113.000015</ele>
			</trkpt>
			<trkpt lat="51.191511" lon="16.978050">
				<ele>113.000015</ele>
			</trkpt>
			<trkpt lat="51.191629" lon="16.978016">
				<ele>113.000015</ele>
			</trkpt>
			<trkpt lat="51.191747" lon="16.978006">
				<ele>113.000015</ele>
			</trkpt>
			<trkpt lat="51.191838" lon="16.978006">
				<ele>113.017860</ele>
			</trkpt>
			<trkpt lat="51.191916" lon="16.978016">
				<ele>113.199997</ele>
			</trkpt>
			<trkpt lat="51.192170" lon="16.978024">
				<ele>113.199997</ele>
			</trkpt>
			<trkpt lat="51.192407" lon="16.978033">
				<ele>113.000015</ele>
			</trkpt>
			<trkpt lat="51.192603" lon="16.978050">
				<ele>113.000015</ele>
			</trkpt>
			<trkpt lat="51.192863" lon="16.978079">
				<ele>112.909309</ele>
			</trkpt>
			<trkpt lat="51.193060" lon="16.978105">
				<ele>113.000015</ele>
			</trkpt>
			<trkpt lat="51.193200" lon="16.978123">
				<ele>113.000015</ele>
			</trkpt>
			<trkpt lat="51.193256" lon="16.978132">
				<ele>113.000015</ele>
			</trkpt>
			<trkpt lat="51.193357" lon="16.978140">
				<ele>113.095894</ele>
			</trkpt>
			<trkpt lat="51.193549" lon="16.978159">
				<ele>113.199997</ele>
			</trkpt>
			<trkpt lat="51.193639" lon="16.978177">
				<ele>113.199997</ele>
			</trkpt>
			<trkpt lat="51.193673" lon="16.978186">
				<ele>113.201103</ele>
			</trkpt>
			<trkpt lat="51.193707" lon="16.978186">
				<ele>113.192184</ele>
			</trkpt>
			<trkpt lat="51.193848" lon="16.978222">
				<ele>113.000015</ele>
			</trkpt>
			<trkpt lat="51.193949" lon="16.978266">
				<ele>113.000015</ele>
			</trkpt>
			<trkpt lat="51.194112" lon="16.978356">
				<ele>113.024170</ele>
			</trkpt>
			<trkpt lat="51.194264" lon="16.978446">
				<ele>113.199997</ele>
			</trkpt>
			<trkpt lat="51.194326" lon="16.978482">
				<ele>113.200005</ele>
			</trkpt>
			<trkpt lat="51.194377" lon="16.978519">
				<ele>113.200012</ele>
			</trkpt>
			<trkpt lat="51.194438" lon="16.978545">
				<ele>113.200005</ele>
			</trkpt>
			<trkpt lat="51.194540" lon="16.978608">
				<ele>113.238770</ele>
			</trkpt>
			<trkpt lat="51.194635" lon="16.978662">
				<ele>113.400009</ele>
			</trkpt>
			<trkpt lat="51.194782" lon="16.978742">
				<ele>113.400009</ele>
			</trkpt>
			<trkpt lat="51.194979" lon="16.978851">
				<ele>113.305893</ele>
			</trkpt>
			<trkpt lat="51.195154" lon="16.978949">
				<ele>113.365173</ele>
			</trkpt>
			<trkpt lat="51.195334" lon="16.979039">
				<ele>113.600014</ele>
			</trkpt>
			<trkpt lat="51.195559" lon="16.979147">
				<ele>113.600021</ele>
			</trkpt>
			<trkpt lat="51.195869" lon="16.979300">
				<ele>113.600021</ele>
			</trkpt>
			<trkpt lat="51.195919" lon="16.979327">
				<ele>113.600021</ele>
			</trkpt>
			<trkpt lat="51.195998" lon="16.979362">
				<ele>113.600021</ele>
			</trkpt>
			<trkpt lat="51.196060" lon="16.979389">
				<ele>113.600021</ele>
			</trkpt>
			<trkpt lat="51.196133" lon="16.979408">
				<ele>113.600021</ele>
			</trkpt>
			<trkpt lat="51.196161" lon="16.979408">
				<ele>113.600021</ele>
			</trkpt>
			<trkpt lat="51.196178" lon="16.979389">
				<ele>113.650040</ele>
			</trkpt>
			<trkpt lat="51.196240" lon="16.979345">
				<ele>113.800003</ele>
			</trkpt>
			<trkpt lat="51.196262" lon="16.979318">
				<ele>113.800011</ele>
			</trkpt>
			<trkpt lat="51.196308" lon="16.979245">
				<ele>113.993393</ele>
			</trkpt>
			<trkpt lat="51.196330" lon="16.979182">
				<ele>114.000008</ele>
			</trkpt>
			<trkpt lat="51.196358" lon="16.979093">
				<ele>114.000015</ele>
			</trkpt>
			<trkpt lat="51.196370" lon="16.978968">
				<ele>114.166893</ele>
			</trkpt>
			<trkpt lat="51.196414" lon="16.978616">
				<ele>114.200005</ele>
			</trkpt>
			<trkpt lat="51.196449" lon="16.978303">
				<ele>114.199997</ele>
			</trkpt>
			<trkpt lat="51.196476" lon="16.978050">
				<ele>114.199997</ele>
			</trkpt>
			<trkpt lat="51.196504" lon="16.977737">
				<ele>114.000015</ele>
			</trkpt>
			<trkpt lat="51.196522" lon="16.977548">
				<ele>113.800003</ele>
			</trkpt>
			<trkpt lat="51.196539" lon="16.977360">
				<ele>113.800003</ele>
			</trkpt>
			<trkpt lat="51.196561" lon="16.977117">
				<ele>113.675102</ele>
			</trkpt>
			<trkpt lat="51.196578" lon="16.976982">
				<ele>113.621368</ele>
			</trkpt>
			<trkpt lat="51.196612" lon="16.976605">
				<ele>113.663162</ele>
			</trkpt>
			<trkpt lat="51.196634" lon="16.976398">
				<ele>113.460129</ele>
			</trkpt>
			<trkpt lat="51.196657" lon="16.976092">
				<ele>113.203903</ele>
			</trkpt>
			<trkpt lat="51.196663" lon="16.976075">
				<ele>113.184875</ele>
			</trkpt>
			<trkpt lat="51.196701" lon="16.975643">
				<ele>113.000023</ele>
			</trkpt>
			<trkpt lat="51.196724" lon="16.975419">
				<ele>112.800003</ele>
			</trkpt>
			<trkpt lat="51.196746" lon="16.975311">
				<ele>112.800003</ele>
			</trkpt>
			<trkpt lat="51.196775" lon="16.975213">
				<ele>112.800003</ele>
			</trkpt>
			<trkpt lat="51.196814" lon="16.975123">
				<ele>112.757835</ele>
			</trkpt>
			<trkpt lat="51.196848" lon="16.975060">
				<ele>112.793076</ele>
			</trkpt>
			<trkpt lat="51.196882" lon="16.975006">
				<ele>112.744385</ele>
			</trkpt>
			<trkpt lat="51.196950" lon="16.974953">
				<ele>112.469925</ele>
			</trkpt>
			<trkpt lat="51.197000" lon="16.974916">
				<ele>112.432297</ele>
			</trkpt>
			<trkpt lat="51.197056" lon="16.974889">
				<ele>112.426666</ele>
			</trkpt>
			<trkpt lat="51.197119" lon="16.974871">
				<ele>112.363403</ele>
			</trkpt>
			<trkpt lat="51.197202" lon="16.974853">
				<ele>112.370674</ele>
			</trkpt>
			<trkpt lat="51.197270" lon="16.974844">
				<ele>112.397552</ele>
			</trkpt>
			<trkpt lat="51.197479" lon="16.974844">
				<ele>112.400002</ele>
			</trkpt>
			<trkpt lat="51.197613" lon="16.974853">
				<ele>112.600021</ele>
			</trkpt>
			<trkpt lat="51.197811" lon="16.974863">
				<ele>112.650536</ele>
			</trkpt>
			<trkpt lat="51.198019" lon="16.974863">
				<ele>112.788284</ele>
			</trkpt>
			<trkpt lat="51.198053" lon="16.974863">
				<ele>112.764114</ele>
			</trkpt>
			<trkpt lat="51.198317" lon="16.974871">
				<ele>112.722313</ele>
			</trkpt>
			<trkpt lat="51.198565" lon="16.974871">
				<ele>112.722298</ele>
			</trkpt>
			<trkpt lat="51.198661" lon="16.974863">
				<ele>112.743797</ele>
			</trkpt>
			<trkpt lat="51.198773" lon="16.974844">
				<ele>112.797546</ele>
			</trkpt>
			<trkpt lat="51.198875" lon="16.974835">
				<ele>112.848816</ele>
			</trkpt>
			<trkpt lat="51.198942" lon="16.974826">
				<ele>112.891815</ele>
			</trkpt>
			<trkpt lat="51.198981" lon="16.974808">
				<ele>112.999298</ele>
			</trkpt>
			<trkpt lat="51.199004" lon="16.974800">
				<ele>113.042305</ele>
			</trkpt>
			<trkpt lat="51.199212" lon="16.974674">
				<ele>113.400017</ele>
			</trkpt>
			<trkpt lat="51.199308" lon="16.974620">
				<ele>113.408447</ele>
			</trkpt>
			<trkpt lat="51.199404" lon="16.974557">
				<ele>113.453918</ele>
			</trkpt>
			<trkpt lat="51.199944" lon="16.974125">
				<ele>114.198799</ele>
			</trkpt>
			<trkpt lat="51.200158" lon="16.973945">
				<ele>114.735451</ele>
			</trkpt>
			<trkpt lat="51.200524" lon="16.973658">
				<ele>114.478844</ele>
			</trkpt>
			<trkpt lat="51.200653" lon="16.973568">
				<ele>114.616005</ele>
			</trkpt>
			<trkpt lat="51.200715" lon="16.973523">
				<ele>114.489861</ele>
			</trkpt>
			<trkpt lat="51.200693" lon="16.973452">
				<ele>114.265648</ele>
			</trkpt>
			<trkpt lat="51.200670" lon="16.973362">
				<ele>114.352394</ele>
			</trkpt>
			<trkpt lat="51.200698" lon="16.973335">
				<ele>114.225220</ele>
			</trkpt>
			<trkpt lat="51.200800" lon="16.973290">
				<ele>114.133141</ele>
			</trkpt>
			<trkpt lat="51.200918" lon="16.973192">
				<ele>113.851768</ele>
			</trkpt>
			<trkpt lat="51.201042" lon="16.973102">
				<ele>113.800011</ele>
			</trkpt>
			<trkpt lat="51.201059" lon="16.973066">
				<ele>113.800072</ele>
			</trkpt>
			<trkpt lat="51.201109" lon="16.973020">
				<ele>113.551315</ele>
			</trkpt>
			<trkpt lat="51.201228" lon="16.972940">
				<ele>113.318520</ele>
			</trkpt>
			<trkpt lat="51.201515" lon="16.972706">
				<ele>113.020874</ele>
			</trkpt>
			<trkpt lat="51.201531" lon="16.972769">
				<ele>113.494629</ele>
			</trkpt>
			<trkpt lat="51.201610" lon="16.972706">
				<ele>113.463364</ele>
			</trkpt>
			<trkpt lat="51.201757" lon="16.972599">
				<ele>113.564842</ele>
			</trkpt>
			<trkpt lat="51.202044" lon="16.972347">
				<ele>113.745193</ele>
			</trkpt>
			<trkpt lat="51.202185" lon="16.972203">
				<ele>113.973236</ele>
			</trkpt>
			<trkpt lat="51.202415" lon="16.971943">
				<ele>113.873108</ele>
			</trkpt>
			<trkpt lat="51.202505" lon="16.971826">
				<ele>114.007919</ele>
			</trkpt>
			<trkpt lat="51.202708" lon="16.971538">
				<ele>113.715012</ele>
			</trkpt>
			<trkpt lat="51.202797" lon="16.971412">
				<ele>113.966690</ele>
			</trkpt>
			<trkpt lat="51.203074" lon="16.970945">
				<ele>114.367844</ele>
			</trkpt>
			<trkpt lat="51.203147" lon="16.970819">
				<ele>113.945488</ele>
			</trkpt>
			<trkpt lat="51.203428" lon="16.970316">
				<ele>113.864677</ele>
			</trkpt>
			<trkpt lat="51.203552" lon="16.970074">
				<ele>114.337463</ele>
			</trkpt>
			<trkpt lat="51.203648" lon="16.969894">
				<ele>114.288742</ele>
			</trkpt>
			<trkpt lat="51.203738" lon="16.969687">
				<ele>113.626984</ele>
			</trkpt>
			<trkpt lat="51.203805" lon="16.969517">
				<ele>114.079002</ele>
			</trkpt>
			<trkpt lat="51.203839" lon="16.969427">
				<ele>114.189537</ele>
			</trkpt>
			<trkpt lat="51.203890" lon="16.969284">
				<ele>113.867111</ele>
			</trkpt>
			<trkpt lat="51.203935" lon="16.969131">
				<ele>113.826599</ele>
			</trkpt>
			<trkpt lat="51.203974" lon="16.968978">
				<ele>113.121506</ele>
			</trkpt>
			<trkpt lat="51.204019" lon="16.968762">
				<ele>112.940781</ele>
			</trkpt>
			<trkpt lat="51.204041" lon="16.968655">
				<ele>112.756561</ele>
			</trkpt>
			<trkpt lat="51.204081" lon="16.968431">
				<ele>113.514595</ele>
			</trkpt>
			<trkpt lat="51.204109" lon="16.968251">
				<ele>113.962227</ele>
			</trkpt>
			<trkpt lat="51.204160" lon="16.967900">
				<ele>113.492699</ele>
			</trkpt>
			<trkpt lat="51.204194" lon="16.967639">
				<ele>113.155983</ele>
			</trkpt>
			<trkpt lat="51.204273" lon="16.966993">
				<ele>112.659683</ele>
			</trkpt>
			<trkpt lat="51.204312" lon="16.966760">
				<ele>112.658371</ele>
			</trkpt>
			<trkpt lat="51.204363" lon="16.966508">
				<ele>113.386177</ele>
			</trkpt>
			<trkpt lat="51.204441" lon="16.966247">
				<ele>114.124001</ele>
			</trkpt>
			<trkpt lat="51.204492" lon="16.966112">
				<ele>114.226700</ele>
			</trkpt>
			<trkpt lat="51.204548" lon="16.965987">
				<ele>114.219391</ele>
			</trkpt>
			<trkpt lat="51.204621" lon="16.965852">
				<ele>115.000015</ele>
			</trkpt>
			<trkpt lat="51.204706" lon="16.965708">
				<ele>114.770081</ele>
			</trkpt>
			<trkpt lat="51.204774" lon="16.965609">
				<ele>114.773140</ele>
			</trkpt>
			<trkpt lat="51.204875" lon="16.965492">
				<ele>115.072113</ele>
			</trkpt>
			<trkpt lat="51.205021" lon="16.965349">
				<ele>115.604614</ele>
			</trkpt>
			<trkpt lat="51.205139" lon="16.965232">
				<ele>115.302910</ele>
			</trkpt>
			<trkpt lat="51.205257" lon="16.965116">
				<ele>115.273018</ele>
			</trkpt>
			<trkpt lat="51.205759" lon="16.964621">
				<ele>109.441246</ele>
			</trkpt>
			<trkpt lat="51.206152" lon="16.964244">
				<ele>112.480331</ele>
			</trkpt>
			<trkpt lat="51.206394" lon="16.964047">
				<ele>115.167969</ele>
			</trkpt>
			<trkpt lat="51.206608" lon="16.963911">
				<ele>115.325333</ele>
			</trkpt>
			<trkpt lat="51.206642" lon="16.963894">
				<ele>115.131859</ele>
			</trkpt>
			<trkpt lat="51.206726" lon="16.963867">
				<ele>114.658928</ele>
			</trkpt>
			<trkpt lat="51.206963" lon="16.963804">
				<ele>114.113327</ele>
			</trkpt>
			<trkpt lat="51.207041" lon="16.963795">
				<ele>114.063843</ele>
			</trkpt>
			<trkpt lat="51.207114" lon="16.963804">
				<ele>113.628006</ele>
			</trkpt>
			<trkpt lat="51.207194" lon="16.963813">
				<ele>113.466774</ele>
			</trkpt>
			<trkpt lat="51.207255" lon="16.963821">
				<ele>113.337791</ele>
			</trkpt>
			<trkpt lat="51.207334" lon="16.963848">
				<ele>113.159241</ele>
			</trkpt>
			<trkpt lat="51.207430" lon="16.963894">
				<ele>113.548363</ele>
			</trkpt>
			<trkpt lat="51.207587" lon="16.963993">
				<ele>113.689804</ele>
			</trkpt>
			<trkpt lat="51.207621" lon="16.964020">
				<ele>113.872078</ele>
			</trkpt>
			<trkpt lat="51.207756" lon="16.964110">
				<ele>112.757584</ele>
			</trkpt>
			<trkpt lat="51.207813" lon="16.964145">
				<ele>112.735893</ele>
			</trkpt>
			<trkpt lat="51.207942" lon="16.964234">
				<ele>113.448547</ele>
			</trkpt>
			<trkpt lat="51.208111" lon="16.964352">
				<ele>113.821152</ele>
			</trkpt>
			<trkpt lat="51.208302" lon="16.964469">
				<ele>112.724388</ele>
			</trkpt>
			<trkpt lat="51.208364" lon="16.964504">
				<ele>112.781815</ele>
			</trkpt>
			<trkpt lat="51.208466" lon="16.964550">
				<ele>113.000015</ele>
			</trkpt>
			<trkpt lat="51.208471" lon="16.964504">
				<ele>113.000015</ele>
			</trkpt>
			<trkpt lat="51.208476" lon="16.964487">
				<ele>113.000023</ele>
			</trkpt>
			<trkpt lat="51.208539" lon="16.964504">
				<ele>113.000015</ele>
			</trkpt>
			<trkpt lat="51.208567" lon="16.964513">
				<ele>113.000023</ele>
			</trkpt>
			<trkpt lat="51.208606" lon="16.964513">
				<ele>112.930283</ele>
			</trkpt>
			<trkpt lat="51.208707" lon="16.964513">
				<ele>112.800003</ele>
			</trkpt>
			<trkpt lat="51.208763" lon="16.964523">
				<ele>112.800003</ele>
			</trkpt>
			<trkpt lat="51.209366" lon="16.964639">
				<ele>113.000015</ele>
			</trkpt>
			<trkpt lat="51.212331" lon="16.965366">
				<ele>113.800003</ele>
			</trkpt>
			<trkpt lat="51.213316" lon="16.965609">
				<ele>114.185211</ele>
			</trkpt>
			<trkpt lat="51.213485" lon="16.965663">
				<ele>114.211365</ele>
			</trkpt>
			<trkpt lat="51.214324" lon="16.965888">
				<ele>114.582260</ele>
			</trkpt>
			<trkpt lat="51.214425" lon="16.965924">
				<ele>114.600021</ele>
			</trkpt>
			<trkpt lat="51.215185" lon="16.966104">
				<ele>114.600647</ele>
			</trkpt>
			<trkpt lat="51.216215" lon="16.966318">
				<ele>115.189713</ele>
			</trkpt>
			<trkpt lat="51.216473" lon="16.966382">
				<ele>115.400009</ele>
			</trkpt>
			<trkpt lat="51.216698" lon="16.966437">
				<ele>115.629929</ele>
			</trkpt>
			<trkpt lat="51.217469" lon="16.966643">
				<ele>116.000015</ele>
			</trkpt>
			<trkpt lat="51.217593" lon="16.966678">
				<ele>116.000015</ele>
			</trkpt>
			<trkpt lat="51.217722" lon="16.966705">
				<ele>115.982101</ele>
			</trkpt>
			<trkpt lat="51.217841" lon="16.966750">
				<ele>115.999466</ele>
			</trkpt>
			<trkpt lat="51.217908" lon="16.966795">
				<ele>115.877586</ele>
			</trkpt>
			<trkpt lat="51.218504" lon="16.966947">
				<ele>116.324150</ele>
			</trkpt>
			<trkpt lat="51.219219" lon="16.967127">
				<ele>117.000015</ele>
			</trkpt>
			<trkpt lat="51.219371" lon="16.967163">
				<ele>117.199997</ele>
			</trkpt>
			<trkpt lat="51.220254" lon="16.967397">
				<ele>117.894684</ele>
			</trkpt>
			<trkpt lat="51.220299" lon="16.967424">
				<ele>118.000023</ele>
			</trkpt>
			<trkpt lat="51.220361" lon="16.967460">
				<ele>118.000015</ele>
			</trkpt>
			<trkpt lat="51.220755" lon="16.967513">
				<ele>118.400009</ele>
			</trkpt>
			<trkpt lat="51.220755" lon="16.967576">
				<ele>118.400009</ele>
			</trkpt>
			<trkpt lat="51.220817" lon="16.967586">
				<ele>118.400009</ele>
			</trkpt>
			<trkpt lat="51.220856" lon="16.967595">
				<ele>118.400017</ele>
			</trkpt>
			<trkpt lat="51.220901" lon="16.967595">
				<ele>118.513229</ele>
			</trkpt>
			<trkpt lat="51.220918" lon="16.967603">
				<ele>118.556229</ele>
			</trkpt>
			<trkpt lat="51.221087" lon="16.967603">
				<ele>118.600250</ele>
			</trkpt>
			<trkpt lat="51.221110" lon="16.967603">
				<ele>118.600632</ele>
			</trkpt>
			<trkpt lat="51.221317" lon="16.967613">
				<ele>118.811905</ele>
			</trkpt>
			<trkpt lat="51.221796" lon="16.967622">
				<ele>119.145081</ele>
			</trkpt>
			<trkpt lat="51.221942" lon="16.967613">
				<ele>119.219604</ele>
			</trkpt>
			<trkpt lat="51.221987" lon="16.967603">
				<ele>119.375473</ele>
			</trkpt>
			<trkpt lat="51.222077" lon="16.967576">
				<ele>119.600021</ele>
			</trkpt>
			<trkpt lat="51.222066" lon="16.967361">
				<ele>119.310242</ele>
			</trkpt>
			<trkpt lat="51.222066" lon="16.967334">
				<ele>119.229630</ele>
			</trkpt>
			<trkpt lat="51.222049" lon="16.966939">
				<ele>119.000015</ele>
			</trkpt>
			<trkpt lat="51.222049" lon="16.966787">
				<ele>118.974564</ele>
			</trkpt>
			<trkpt lat="51.222066" lon="16.966597">
				<ele>118.991631</ele>
			</trkpt>
			<trkpt lat="51.222083" lon="16.966534">
				<ele>119.034637</ele>
			</trkpt>
			<trkpt lat="51.222099" lon="16.966471">
				<ele>118.981598</ele>
			</trkpt>
			<trkpt lat="51.222122" lon="16.966418">
				<ele>119.105690</ele>
			</trkpt>
			<trkpt lat="51.222145" lon="16.966364">
				<ele>119.217339</ele>
			</trkpt>
			<trkpt lat="51.222195" lon="16.966292">
				<ele>119.260651</ele>
			</trkpt>
			<trkpt lat="51.222291" lon="16.966202">
				<ele>119.174202</ele>
			</trkpt>
			<trkpt lat="51.222420" lon="16.966158">
				<ele>119.075821</ele>
			</trkpt>
			<trkpt lat="51.222781" lon="16.966095">
				<ele>119.059296</ele>
			</trkpt>
			<trkpt lat="51.222927" lon="16.966058">
				<ele>119.215858</ele>
			</trkpt>
			<trkpt lat="51.222994" lon="16.966031">
				<ele>119.400009</ele>
			</trkpt>
			<trkpt lat="51.223056" lon="16.965987">
				<ele>119.400017</ele>
			</trkpt>
			<trkpt lat="51.223084" lon="16.965960">
				<ele>119.378143</ele>
			</trkpt>
			<trkpt lat="51.223112" lon="16.965924">
				<ele>119.364944</ele>
			</trkpt>
			<trkpt lat="51.223174" lon="16.965852">
				<ele>119.400017</ele>
			</trkpt>
			<trkpt lat="51.223224" lon="16.965753">
				<ele>119.241882</ele>
			</trkpt>
			<trkpt lat="51.223270" lon="16.965645">
				<ele>119.188240</ele>
			</trkpt>
			<trkpt lat="51.223354" lon="16.965331">
				<ele>119.200005</ele>
			</trkpt>
			<trkpt lat="51.223438" lon="16.964945">
				<ele>119.000015</ele>
			</trkpt>
			<trkpt lat="51.223619" lon="16.964154">
				<ele>118.566422</ele>
			</trkpt>
			<trkpt lat="51.223636" lon="16.964055">
				<ele>118.420143</ele>
			</trkpt>
			<trkpt lat="51.223641" lon="16.964037">
				<ele>118.430893</ele>
			</trkpt>
			<trkpt lat="51.223664" lon="16.963930">
				<ele>118.345428</ele>
			</trkpt>
			<trkpt lat="51.223765" lon="16.963508">
				<ele>118.185600</ele>
			</trkpt>
			<trkpt lat="51.223788" lon="16.963391">
				<ele>118.146843</ele>
			</trkpt>
			<trkpt lat="51.223827" lon="16.963247">
				<ele>117.883598</ele>
			</trkpt>
			<trkpt lat="51.223849" lon="16.963131">
				<ele>117.820442</ele>
			</trkpt>
			<trkpt lat="51.223878" lon="16.963005">
				<ele>117.638092</ele>
			</trkpt>
			<trkpt lat="51.223939" lon="16.963031">
				<ele>117.946869</ele>
			</trkpt>
			<trkpt lat="51.223967" lon="16.962915">
				<ele>117.910591</ele>
			</trkpt>
			<trkpt lat="51.224299" lon="16.961486">
				<ele>117.709579</ele>
			</trkpt>
			<trkpt lat="51.224328" lon="16.961360">
				<ele>117.601860</ele>
			</trkpt>
			<trkpt lat="51.224558" lon="16.960408">
				<ele>117.400017</ele>
			</trkpt>
			<trkpt lat="51.224598" lon="16.960183">
				<ele>117.199989</ele>
			</trkpt>
			<trkpt lat="51.225008" lon="16.958351">
				<ele>116.181908</ele>
			</trkpt>
			<trkpt lat="51.225053" lon="16.958162">
				<ele>116.000015</ele>
			</trkpt>
			<trkpt lat="51.225160" lon="16.957713">
				<ele>116.108925</ele>
			</trkpt>
			<trkpt lat="51.225290" lon="16.957237">
				<ele>116.200005</ele>
			</trkpt>
			<trkpt lat="51.225413" lon="16.956896">
				<ele>116.345963</ele>
			</trkpt>
			<trkpt lat="51.225531" lon="16.956680">
				<ele>116.237694</ele>
			</trkpt>
			<trkpt lat="51.225914" lon="16.955997">
				<ele>116.199997</ele>
			</trkpt>
			<trkpt lat="51.226460" lon="16.955135">
				<ele>115.871628</ele>
			</trkpt>
			<trkpt lat="51.226555" lon="16.955009">
				<ele>115.714020</ele>
			</trkpt>
			<trkpt lat="51.227438" lon="16.953518">
				<ele>116.200005</ele>
			</trkpt>
			<trkpt lat="51.228063" lon="16.952476">
				<ele>116.121582</ele>
			</trkpt>
			<trkpt lat="51.228490" lon="16.951757">
				<ele>116.400009</ele>
			</trkpt>
			<trkpt lat="51.229801" lon="16.949673">
				<ele>116.593994</ele>
			</trkpt>
			<trkpt lat="51.230505" lon="16.948541">
				<ele>116.400009</ele>
			</trkpt>
			<trkpt lat="51.230600" lon="16.948344">
				<ele>116.600021</ele>
			</trkpt>
			<trkpt lat="51.230696" lon="16.948173">
				<ele>116.507797</ele>
			</trkpt>
			<trkpt lat="51.230651" lon="16.948120">
				<ele>116.380974</ele>
			</trkpt>
			<trkpt lat="51.230752" lon="16.947957">
				<ele>116.666725</ele>
			</trkpt>
			<trkpt lat="51.230774" lon="16.947921">
				<ele>116.673790</ele>
			</trkpt>
			<trkpt lat="51.230786" lon="16.947904">
				<ele>116.657646</ele>
			</trkpt>
			<trkpt lat="51.230864" lon="16.947787">
				<ele>116.558884</ele>
			</trkpt>
			<trkpt lat="51.230882" lon="16.947751">
				<ele>116.472115</ele>
			</trkpt>
			<trkpt lat="51.230915" lon="16.947697">
				<ele>116.463799</ele>
			</trkpt>
			<trkpt lat="51.231067" lon="16.947445">
				<ele>116.598755</ele>
			</trkpt>
			<trkpt lat="51.231230" lon="16.947113">
				<ele>116.193268</ele>
			</trkpt>
			<trkpt lat="51.231292" lon="16.946978">
				<ele>116.079376</ele>
			</trkpt>
			<trkpt lat="51.231556" lon="16.946367">
				<ele>116.000008</ele>
			</trkpt>
			<trkpt lat="51.231759" lon="16.946036">
				<ele>116.103210</ele>
			</trkpt>
			<trkpt lat="51.231832" lon="16.945919">
				<ele>116.108627</ele>
			</trkpt>
			<trkpt lat="51.231950" lon="16.945730">
				<ele>116.199997</ele>
			</trkpt>
			<trkpt lat="51.231967" lon="16.945703">
				<ele>116.200005</ele>
			</trkpt>
			<trkpt lat="51.231995" lon="16.945640">
				<ele>116.187569</ele>
			</trkpt>
			<trkpt lat="51.232012" lon="16.945594">
				<ele>116.199997</ele>
			</trkpt>
			<trkpt lat="51.232068" lon="16.945478">
				<ele>116.182281</ele>
			</trkpt>
			<trkpt lat="51.232215" lon="16.945065">
				<ele>116.199997</ele>
			</trkpt>
			<trkpt lat="51.232231" lon="16.945011">
				<ele>116.237259</ele>
			</trkpt>
			<trkpt lat="51.232248" lon="16.944957">
				<ele>116.280258</ele>
			</trkpt>
			<trkpt lat="51.232338" lon="16.944732">
				<ele>116.430054</ele>
			</trkpt>
			<trkpt lat="51.232479" lon="16.944265">
				<ele>116.535950</ele>
			</trkpt>
			<trkpt lat="51.232512" lon="16.944122">
				<ele>116.463409</ele>
			</trkpt>
			<trkpt lat="51.232535" lon="16.944013">
				<ele>116.497185</ele>
			</trkpt>
			<trkpt lat="51.232569" lon="16.943862">
				<ele>116.566338</ele>
			</trkpt>
			<trkpt lat="51.232630" lon="16.943619">
				<ele>116.580727</ele>
			</trkpt>
			<trkpt lat="51.232670" lon="16.943502">
				<ele>116.783356</ele>
			</trkpt>
			<trkpt lat="51.232703" lon="16.943420">
				<ele>116.829063</ele>
			</trkpt>
			<trkpt lat="51.232749" lon="16.943323">
				<ele>116.699112</ele>
			</trkpt>
			<trkpt lat="51.232822" lon="16.943223">
				<ele>117.006660</ele>
			</trkpt>
			<trkpt lat="51.232889" lon="16.943143">
				<ele>117.199997</ele>
			</trkpt>
			<trkpt lat="51.233007" lon="16.943053">
				<ele>117.217186</ele>
			</trkpt>
			<trkpt lat="51.233131" lon="16.942981">
				<ele>117.400009</ele>
			</trkpt>
			<trkpt lat="51.233407" lon="16.942846">
				<ele>117.600029</ele>
			</trkpt>
			<trkpt lat="51.233536" lon="16.942793">
				<ele>117.760689</ele>
			</trkpt>
			<trkpt lat="51.233671" lon="16.942720">
				<ele>118.000015</ele>
			</trkpt>
			<trkpt lat="51.233823" lon="16.942657">
				<ele>118.054291</ele>
			</trkpt>
			<trkpt lat="51.233835" lon="16.942738">
				<ele>117.865120</ele>
			</trkpt>
			<trkpt lat="51.233930" lon="16.942694">
				<ele>117.988724</ele>
			</trkpt>
			<trkpt lat="51.234605" lon="16.942378">
				<ele>118.846451</ele>
			</trkpt>
			<trkpt lat="51.234661" lon="16.942361">
				<ele>118.923874</ele>
			</trkpt>
			<trkpt lat="51.235010" lon="16.942298">
				<ele>119.233276</ele>
			</trkpt>
			<trkpt lat="51.235213" lon="16.942254">
				<ele>119.242844</ele>
			</trkpt>
			<trkpt lat="51.235308" lon="16.942235">
				<ele>119.511589</ele>
			</trkpt>
			<trkpt lat="51.235707" lon="16.942154">
				<ele>119.909698</ele>
			</trkpt>
			<trkpt lat="51.235842" lon="16.942091">
				<ele>120.087044</ele>
			</trkpt>
			<trkpt lat="51.235915" lon="16.942038">
				<ele>120.237511</ele>
			</trkpt>
			<trkpt lat="51.236231" lon="16.941778">
				<ele>120.600029</ele>
			</trkpt>
			<trkpt lat="51.236393" lon="16.941633">
				<ele>120.964249</ele>
			</trkpt>
			<trkpt lat="51.236725" lon="16.941336">
				<ele>121.392319</ele>
			</trkpt>
			<trkpt lat="51.236804" lon="16.941283">
				<ele>121.421417</ele>
			</trkpt>
			<trkpt lat="51.236866" lon="16.941220">
				<ele>121.497116</ele>
			</trkpt>
			<trkpt lat="51.237006" lon="16.941103">
				<ele>121.600021</ele>
			</trkpt>
			<trkpt lat="51.237625" lon="16.940546">
				<ele>123.636131</ele>
			</trkpt>
			<trkpt lat="51.237985" lon="16.940233">
				<ele>124.893005</ele>
			</trkpt>
			<trkpt lat="51.238407" lon="16.939864">
				<ele>126.232567</ele>
			</trkpt>
			<trkpt lat="51.238587" lon="16.939675">
				<ele>126.944824</ele>
			</trkpt>
			<trkpt lat="51.239498" lon="16.938652">
				<ele>128.813034</ele>
			</trkpt>
			<trkpt lat="51.239532" lon="16.938615">
				<ele>128.806366</ele>
			</trkpt>
			<trkpt lat="51.239560" lon="16.938579">
				<ele>128.807999</ele>
			</trkpt>
			<trkpt lat="51.239746" lon="16.938373">
				<ele>129.243271</ele>
			</trkpt>
			<trkpt lat="51.240679" lon="16.937331">
				<ele>129.544357</ele>
			</trkpt>
			<trkpt lat="51.241112" lon="16.936845">
				<ele>129.553528</ele>
			</trkpt>
			<trkpt lat="51.241253" lon="16.936692">
				<ele>129.502029</ele>
			</trkpt>
			<trkpt lat="51.242068" lon="16.935767">
				<ele>129.600021</ele>
			</trkpt>
			<trkpt lat="51.242096" lon="16.935732">
				<ele>129.600021</ele>
			</trkpt>
			<trkpt lat="51.242141" lon="16.935686">
				<ele>129.600021</ele>
			</trkpt>
			<trkpt lat="51.243226" lon="16.934474">
				<ele>129.803665</ele>
			</trkpt>
			<trkpt lat="51.243350" lon="16.934339">
				<ele>129.856125</ele>
			</trkpt>
			<trkpt lat="51.243317" lon="16.934258">
				<ele>129.640259</ele>
			</trkpt>
			<trkpt lat="51.243345" lon="16.934222">
				<ele>129.600021</ele>
			</trkpt>
			<trkpt lat="51.243603" lon="16.933935">
				<ele>129.759018</ele>
			</trkpt>
			<trkpt lat="51.243626" lon="16.933908">
				<ele>129.759918</ele>
			</trkpt>
			<trkpt lat="51.243648" lon="16.933889">
				<ele>129.800140</ele>
			</trkpt>
			<trkpt lat="51.243890" lon="16.933621">
				<ele>129.819366</ele>
			</trkpt>
			<trkpt lat="51.244171" lon="16.933296">
				<ele>129.881119</ele>
			</trkpt>
			<trkpt lat="51.244239" lon="16.933225">
				<ele>129.932678</ele>
			</trkpt>
			<trkpt lat="51.244335" lon="16.933117">
				<ele>129.800003</ele>
			</trkpt>
			<trkpt lat="51.244638" lon="16.932786">
				<ele>129.595917</ele>
			</trkpt>
			<trkpt lat="51.244790" lon="16.932623">
				<ele>129.596161</ele>
			</trkpt>
			<trkpt lat="51.244857" lon="16.932570">
				<ele>129.600021</ele>
			</trkpt>
			<trkpt lat="51.244913" lon="16.932533">
				<ele>129.600021</ele>
			</trkpt>
			<trkpt lat="51.244998" lon="16.932497">
				<ele>129.750244</ele>
			</trkpt>
			<trkpt lat="51.245116" lon="16.932480">
				<ele>130.085541</ele>
			</trkpt>
			<trkpt lat="51.245307" lon="16.932470">
				<ele>130.293060</ele>
			</trkpt>
			<trkpt lat="51.245471" lon="16.932470">
				<ele>130.555283</ele>
			</trkpt>
			<trkpt lat="51.245752" lon="16.932480">
				<ele>130.851776</ele>
			</trkpt>
			<trkpt lat="51.245808" lon="16.932480">
				<ele>130.862564</ele>
			</trkpt>
			<trkpt lat="51.245842" lon="16.932480">
				<ele>130.862549</ele>
			</trkpt>
			<trkpt lat="51.246033" lon="16.932497">
				<ele>131.079666</ele>
			</trkpt>
			<trkpt lat="51.246117" lon="16.932507">
				<ele>131.182709</ele>
			</trkpt>
			<trkpt lat="51.246134" lon="16.932516">
				<ele>131.199997</ele>
			</trkpt>
			<trkpt lat="51.246157" lon="16.932516">
				<ele>131.199997</ele>
			</trkpt>
			<trkpt lat="51.246269" lon="16.932533">
				<ele>131.375381</ele>
			</trkpt>
			<trkpt lat="51.246370" lon="16.932570">
				<ele>131.472443</ele>
			</trkpt>
			<trkpt lat="51.246393" lon="16.932579">
				<ele>131.536957</ele>
			</trkpt>
			<trkpt lat="51.246415" lon="16.932587">
				<ele>131.600021</ele>
			</trkpt>
			<trkpt lat="51.246466" lon="16.932614">
				<ele>131.605698</ele>
			</trkpt>
			<trkpt lat="51.246454" lon="16.932686">
				<ele>131.719696</ele>
			</trkpt>
			<trkpt lat="51.247298" lon="16.933082">
				<ele>132.695175</ele>
			</trkpt>
			<trkpt lat="51.247647" lon="16.933252">
				<ele>133.281219</ele>
			</trkpt>
			<trkpt lat="51.247781" lon="16.933315">
				<ele>133.735764</ele>
			</trkpt>
			<trkpt lat="51.248029" lon="16.933423">
				<ele>133.800018</ele>
			</trkpt>
			<trkpt lat="51.248445" lon="16.933566">
				<ele>134.155624</ele>
			</trkpt>
			<trkpt lat="51.248693" lon="16.933621">
				<ele>134.195831</ele>
			</trkpt>
			<trkpt lat="51.248844" lon="16.933612">
				<ele>134.000015</ele>
			</trkpt>
			<trkpt lat="51.248979" lon="16.933575">
				<ele>134.199997</ele>
			</trkpt>
			<trkpt lat="51.248962" lon="16.933539">
				<ele>134.198700</ele>
			</trkpt>
			<trkpt lat="51.248951" lon="16.933495">
				<ele>134.199997</ele>
			</trkpt>
			<trkpt lat="51.249024" lon="16.933449">
				<ele>134.353638</ele>
			</trkpt>
			<trkpt lat="51.249188" lon="16.933333">
				<ele>134.400009</ele>
			</trkpt>
			<trkpt lat="51.249204" lon="16.933315">
				<ele>134.400009</ele>
			</trkpt>
			<trkpt lat="51.249221" lon="16.933296">
				<ele>134.400009</ele>
			</trkpt>
			<trkpt lat="51.249322" lon="16.933216">
				<ele>134.501587</ele>
			</trkpt>
			<trkpt lat="51.249395" lon="16.933136">
				<ele>134.600021</ele>
			</trkpt>
			<trkpt lat="51.249474" lon="16.933046">
				<ele>134.622009</ele>
			</trkpt>
			<trkpt lat="51.249485" lon="16.933036">
				<ele>134.654251</ele>
			</trkpt>
			<trkpt lat="51.249570" lon="16.932920">
				<ele>134.730484</ele>
			</trkpt>
			<trkpt lat="51.249615" lon="16.932839">
				<ele>134.804108</ele>
			</trkpt>
			<trkpt lat="51.249648" lon="16.932767">
				<ele>134.732086</ele>
			</trkpt>
			<trkpt lat="51.249733" lon="16.932606">
				<ele>134.952927</ele>
			</trkpt>
			<trkpt lat="51.249761" lon="16.932543">
				<ele>135.000015</ele>
			</trkpt>
			<trkpt lat="51.249862" lon="16.932273">
				<ele>134.918381</ele>
			</trkpt>
			<trkpt lat="51.249969" lon="16.931977">
				<ele>135.030594</ele>
			</trkpt>
			<trkpt lat="51.250008" lon="16.931851">
				<ele>135.126846</ele>
			</trkpt>
			<trkpt lat="51.250098" lon="16.931688">
				<ele>135.384796</ele>
			</trkpt>
			<trkpt lat="51.250194" lon="16.931528">
				<ele>135.399994</ele>
			</trkpt>
			<trkpt lat="51.250273" lon="16.931438">
				<ele>135.400009</ele>
			</trkpt>
			<trkpt lat="51.250374" lon="16.931348">
				<ele>135.558746</ele>
			</trkpt>
			<trkpt lat="51.250419" lon="16.931321">
				<ele>135.507843</ele>
			</trkpt>
			<trkpt lat="51.250492" lon="16.931275">
				<ele>135.559998</ele>
			</trkpt>
			<trkpt lat="51.250615" lon="16.931231">
				<ele>135.688980</ele>
			</trkpt>
			<trkpt lat="51.250655" lon="16.931222">
				<ele>135.715851</ele>
			</trkpt>
			<trkpt lat="51.250902" lon="16.931168">
				<ele>135.817505</ele>
			</trkpt>
			<trkpt lat="51.251369" lon="16.931069">
				<ele>136.519699</ele>
			</trkpt>
			<trkpt lat="51.251397" lon="16.931069">
				<ele>136.545807</ele>
			</trkpt>
			<trkpt lat="51.251431" lon="16.931061">
				<ele>136.567307</ele>
			</trkpt>
			<trkpt lat="51.251470" lon="16.931051">
				<ele>136.595459</ele>
			</trkpt>
			<trkpt lat="51.251515" lon="16.931051">
				<ele>136.599228</ele>
			</trkpt>
			<trkpt lat="51.251526" lon="16.931042">
				<ele>136.604889</ele>
			</trkpt>
			<trkpt lat="51.251532" lon="16.931123">
				<ele>136.595947</ele>
			</trkpt>
			<trkpt lat="51.252387" lon="16.930935">
				<ele>138.013321</ele>
			</trkpt>
			<trkpt lat="51.252752" lon="16.930862">
				<ele>138.546631</ele>
			</trkpt>
			<trkpt lat="51.253083" lon="16.930791">
				<ele>138.996414</ele>
			</trkpt>
			<trkpt lat="51.253382" lon="16.930728">
				<ele>139.439575</ele>
			</trkpt>
			<trkpt lat="51.253798" lon="16.930646">
				<ele>140.133545</ele>
			</trkpt>
			<trkpt lat="51.253989" lon="16.930602">
				<ele>140.363297</ele>
			</trkpt>
			<trkpt lat="51.254028" lon="16.930602">
				<ele>140.416046</ele>
			</trkpt>
			<trkpt lat="51.254439" lon="16.930512">
				<ele>140.800003</ele>
			</trkpt>
			<trkpt lat="51.254512" lon="16.930495">
				<ele>140.817337</ele>
			</trkpt>
			<trkpt lat="51.254799" lon="16.930440">
				<ele>141.130386</ele>
			</trkpt>
			<trkpt lat="51.255018" lon="16.930377">
				<ele>141.400009</ele>
			</trkpt>
			<trkpt lat="51.255108" lon="16.930333">
				<ele>141.400009</ele>
			</trkpt>
			<trkpt lat="51.255349" lon="16.930216">
				<ele>141.529800</ele>
			</trkpt>
			<trkpt lat="51.255805" lon="16.929991">
				<ele>141.600021</ele>
			</trkpt>
			<trkpt lat="51.256283" lon="16.929730">
				<ele>141.796234</ele>
			</trkpt>
			<trkpt lat="51.256547" lon="16.929596">
				<ele>141.694870</ele>
			</trkpt>
			<trkpt lat="51.256626" lon="16.929551">
				<ele>141.823837</ele>
			</trkpt>
			<trkpt lat="51.257087" lon="16.929308">
				<ele>141.800003</ele>
			</trkpt>
			<trkpt lat="51.257502" lon="16.929084">
				<ele>142.448303</ele>
			</trkpt>
			<trkpt lat="51.257716" lon="16.928967">
				<ele>142.781830</ele>
			</trkpt>
			<trkpt lat="51.257711" lon="16.928941">
				<ele>142.685104</ele>
			</trkpt>
			<trkpt lat="51.257705" lon="16.928904">
				<ele>142.613876</ele>
			</trkpt>
			<trkpt lat="51.257728" lon="16.928887">
				<ele>142.643677</ele>
			</trkpt>
			<trkpt lat="51.257896" lon="16.928797">
				<ele>142.600037</ele>
			</trkpt>
			<trkpt lat="51.258695" lon="16.928338">
				<ele>141.800003</ele>
			</trkpt>
			<trkpt lat="51.259032" lon="16.928141">
				<ele>141.955032</ele>
			</trkpt>
			<trkpt lat="51.259240" lon="16.928023">
				<ele>142.160751</ele>
			</trkpt>
			<trkpt lat="51.260004" lon="16.927583">
				<ele>142.800003</ele>
			</trkpt>
			<trkpt lat="51.260044" lon="16.927557">
				<ele>142.845718</ele>
			</trkpt>
			<trkpt lat="51.260094" lon="16.927530">
				<ele>142.977478</ele>
			</trkpt>
			<trkpt lat="51.260865" lon="16.927080">
				<ele>143.800003</ele>
			</trkpt>
			<trkpt lat="51.261545" lon="16.926694">
				<ele>143.600021</ele>
			</trkpt>
			<trkpt lat="51.262365" lon="16.926218">
				<ele>143.199982</ele>
			</trkpt>
			<trkpt lat="51.262433" lon="16.926182">
				<ele>143.064224</ele>
			</trkpt>
			<trkpt lat="51.262528" lon="16.926119">
				<ele>142.997589</ele>
			</trkpt>
			<trkpt lat="51.262866" lon="16.925931">
				<ele>142.293091</ele>
			</trkpt>
			<trkpt lat="51.263164" lon="16.925761">
				<ele>142.199997</ele>
			</trkpt>
			<trkpt lat="51.263495" lon="16.925572">
				<ele>142.000015</ele>
			</trkpt>
			<trkpt lat="51.264451" lon="16.925023">
				<ele>141.577347</ele>
			</trkpt>
			<trkpt lat="51.264788" lon="16.924826">
				<ele>141.600021</ele>
			</trkpt>
			<trkpt lat="51.264934" lon="16.924736">
				<ele>141.799988</ele>
			</trkpt>
			<trkpt lat="51.265322" lon="16.924511">
				<ele>142.483414</ele>
			</trkpt>
			<trkpt lat="51.265485" lon="16.924430">
				<ele>142.701996</ele>
			</trkpt>
			<trkpt lat="51.265648" lon="16.924350">
				<ele>142.798157</ele>
			</trkpt>
			<trkpt lat="51.265750" lon="16.924323">
				<ele>142.937561</ele>
			</trkpt>
			<trkpt lat="51.265828" lon="16.924296">
				<ele>143.102249</ele>
			</trkpt>
			<trkpt lat="51.266059" lon="16.924260">
				<ele>143.200012</ele>
			</trkpt>
			<trkpt lat="51.266407" lon="16.924206">
				<ele>142.437424</ele>
			</trkpt>
			<trkpt lat="51.266525" lon="16.924180">
				<ele>142.227325</ele>
			</trkpt>
			<trkpt lat="51.266677" lon="16.924134">
				<ele>142.013596</ele>
			</trkpt>
			<trkpt lat="51.266789" lon="16.924090">
				<ele>141.589233</ele>
			</trkpt>
			<trkpt lat="51.267008" lon="16.924017">
				<ele>141.153183</ele>
			</trkpt>
			<trkpt lat="51.267076" lon="16.923991">
				<ele>140.982895</ele>
			</trkpt>
			<trkpt lat="51.267154" lon="16.923964">
				<ele>140.757172</ele>
			</trkpt>
			<trkpt lat="51.267194" lon="16.923945">
				<ele>140.649689</ele>
			</trkpt>
			<trkpt lat="51.267301" lon="16.923918">
				<ele>140.400009</ele>
			</trkpt>
			<trkpt lat="51.267345" lon="16.923910">
				<ele>140.400009</ele>
			</trkpt>
			<trkpt lat="51.267447" lon="16.923883">
				<ele>140.199997</ele>
			</trkpt>
			<trkpt lat="51.268188" lon="16.923738">
				<ele>138.799438</ele>
			</trkpt>
			<trkpt lat="51.268239" lon="16.923730">
				<ele>138.725677</ele>
			</trkpt>
			<trkpt lat="51.268306" lon="16.923712">
				<ele>138.674927</ele>
			</trkpt>
			<trkpt lat="51.268633" lon="16.923658">
				<ele>138.800003</ele>
			</trkpt>
			<trkpt lat="51.268655" lon="16.923658">
				<ele>138.800003</ele>
			</trkpt>
			<trkpt lat="51.268672" lon="16.923649">
				<ele>138.800003</ele>
			</trkpt>
			<trkpt lat="51.268734" lon="16.923641">
				<ele>138.892868</ele>
			</trkpt>
			<trkpt lat="51.268796" lon="16.923631">
				<ele>139.064850</ele>
			</trkpt>
			<trkpt lat="51.269245" lon="16.923568">
				<ele>139.878006</ele>
			</trkpt>
			<trkpt lat="51.269352" lon="16.923541">
				<ele>140.153244</ele>
			</trkpt>
			<trkpt lat="51.269504" lon="16.923497">
				<ele>140.044464</ele>
			</trkpt>
			<trkpt lat="51.269633" lon="16.923451">
				<ele>139.770416</ele>
			</trkpt>
			<trkpt lat="51.269678" lon="16.923434">
				<ele>139.641449</ele>
			</trkpt>
			<trkpt lat="51.269734" lon="16.923398">
				<ele>139.579132</ele>
			</trkpt>
			<trkpt lat="51.269796" lon="16.923371">
				<ele>139.518982</ele>
			</trkpt>
			<trkpt lat="51.270083" lon="16.923191">
				<ele>138.786346</ele>
			</trkpt>
			<trkpt lat="51.270229" lon="16.923092">
				<ele>138.506424</ele>
			</trkpt>
			<trkpt lat="51.270285" lon="16.923065">
				<ele>138.600021</ele>
			</trkpt>
			<trkpt lat="51.270370" lon="16.923012">
				<ele>138.552689</ele>
			</trkpt>
			<trkpt lat="51.270386" lon="16.923002">
				<ele>138.525818</ele>
			</trkpt>
			<trkpt lat="51.271251" lon="16.922472">
				<ele>138.600037</ele>
			</trkpt>
			<trkpt lat="51.271977" lon="16.922033">
				<ele>138.400650</ele>
			</trkpt>
			<trkpt lat="51.272151" lon="16.921916">
				<ele>138.476196</ele>
			</trkpt>
			<trkpt lat="51.272213" lon="16.921880">
				<ele>138.323242</ele>
			</trkpt>
			<trkpt lat="51.272297" lon="16.921826">
				<ele>138.257950</ele>
			</trkpt>
			<trkpt lat="51.272336" lon="16.921807">
				<ele>138.358719</ele>
			</trkpt>
			<trkpt lat="51.272398" lon="16.921771">
				<ele>138.729660</ele>
			</trkpt>
			<trkpt lat="51.272449" lon="16.921736">
				<ele>138.664444</ele>
			</trkpt>
			<trkpt lat="51.273309" lon="16.921197">
				<ele>140.380722</ele>
			</trkpt>
			<trkpt lat="51.273741" lon="16.920909">
				<ele>142.005341</ele>
			</trkpt>
			<trkpt lat="51.273989" lon="16.920748">
				<ele>142.626785</ele>
			</trkpt>
			<trkpt lat="51.274197" lon="16.920604">
				<ele>143.285187</ele>
			</trkpt>
			<trkpt lat="51.274219" lon="16.920585">
				<ele>143.349701</ele>
			</trkpt>
			<trkpt lat="51.274444" lon="16.920425">
				<ele>143.800003</ele>
			</trkpt>
			<trkpt lat="51.274680" lon="16.920272">
				<ele>144.577850</ele>
			</trkpt>
			<trkpt lat="51.274966" lon="16.920065">
				<ele>145.442581</ele>
			</trkpt>
			<trkpt lat="51.275056" lon="16.920002">
				<ele>145.770142</ele>
			</trkpt>
			<trkpt lat="51.275219" lon="16.919876">
				<ele>146.165894</ele>
			</trkpt>
			<trkpt lat="51.275388" lon="16.919723">
				<ele>146.821915</ele>
			</trkpt>
			<trkpt lat="51.275613" lon="16.919499">
				<ele>147.473022</ele>
			</trkpt>
			<trkpt lat="51.276045" lon="16.919050">
				<ele>148.898376</ele>
			</trkpt>
			<trkpt lat="51.276073" lon="16.919023">
				<ele>148.973648</ele>
			</trkpt>
			<trkpt lat="51.276484" lon="16.918583">
				<ele>150.175995</ele>
			</trkpt>
			<trkpt lat="51.276798" lon="16.918241">
				<ele>150.697601</ele>
			</trkpt>
			<trkpt lat="51.277107" lon="16.917882">
				<ele>150.800003</ele>
			</trkpt>
			<trkpt lat="51.277394" lon="16.917559">
				<ele>150.199997</ele>
			</trkpt>
			<trkpt lat="51.277451" lon="16.917505">
				<ele>150.307907</ele>
			</trkpt>
			<trkpt lat="51.277574" lon="16.917379">
				<ele>149.961945</ele>
			</trkpt>
			<trkpt lat="51.277659" lon="16.917306">
				<ele>149.555573</ele>
			</trkpt>
			<trkpt lat="51.277714" lon="16.917262">
				<ele>149.308365</ele>
			</trkpt>
			<trkpt lat="51.277759" lon="16.917226">
				<ele>149.228714</ele>
			</trkpt>
			<trkpt lat="51.277855" lon="16.917163">
				<ele>149.199982</ele>
			</trkpt>
			<trkpt lat="51.278063" lon="16.917029">
				<ele>148.586258</ele>
			</trkpt>
			<trkpt lat="51.278473" lon="16.916777">
				<ele>147.383713</ele>
			</trkpt>
			<trkpt lat="51.279580" lon="16.916121">
				<ele>144.613312</ele>
			</trkpt>
			<trkpt lat="51.280030" lon="16.915851">
				<ele>144.279846</ele>
			</trkpt>
			<trkpt lat="51.280715" lon="16.915448">
				<ele>144.400024</ele>
			</trkpt>
			<trkpt lat="51.280839" lon="16.915358">
				<ele>144.599960</ele>
			</trkpt>
			<trkpt lat="51.281007" lon="16.915249">
				<ele>144.764771</ele>
			</trkpt>
			<trkpt lat="51.281159" lon="16.915125">
				<ele>144.901825</ele>
			</trkpt>
			<trkpt lat="51.281451" lon="16.914872">
				<ele>145.199997</ele>
			</trkpt>
			<trkpt lat="51.281738" lon="16.914603">
				<ele>145.600037</ele>
			</trkpt>
			<trkpt lat="51.282030" lon="16.914325">
				<ele>146.000015</ele>
			</trkpt>
			<trkpt lat="51.282216" lon="16.914154">
				<ele>146.279236</ele>
			</trkpt>
			<trkpt lat="51.282277" lon="16.914091">
				<ele>146.400009</ele>
			</trkpt>
			<trkpt lat="51.282389" lon="16.914001">
				<ele>146.595261</ele>
			</trkpt>
			<trkpt lat="51.282457" lon="16.913956">
				<ele>146.600021</ele>
			</trkpt>
			<trkpt lat="51.282524" lon="16.913920">
				<ele>146.650375</ele>
			</trkpt>
			<trkpt lat="51.282620" lon="16.913884">
				<ele>146.800003</ele>
			</trkpt>
			<trkpt lat="51.282648" lon="16.913876">
				<ele>146.799988</ele>
			</trkpt>
			<trkpt lat="51.282833" lon="16.913821">
				<ele>146.946655</ele>
			</trkpt>
			<trkpt lat="51.282985" lon="16.913786">
				<ele>147.000031</ele>
			</trkpt>
			<trkpt lat="51.283255" lon="16.913731">
				<ele>147.199997</ele>
			</trkpt>
			<trkpt lat="51.283547" lon="16.913677">
				<ele>147.380325</ele>
			</trkpt>
			<trkpt lat="51.283862" lon="16.913624">
				<ele>147.661514</ele>
			</trkpt>
			<trkpt lat="51.283924" lon="16.913614">
				<ele>147.761627</ele>
			</trkpt>
			<trkpt lat="51.284143" lon="16.913570">
				<ele>148.000015</ele>
			</trkpt>
			<trkpt lat="51.284233" lon="16.913551">
				<ele>148.165375</ele>
			</trkpt>
			<trkpt lat="51.284328" lon="16.913534">
				<ele>148.360855</ele>
			</trkpt>
			<trkpt lat="51.284632" lon="16.913480">
				<ele>148.400009</ele>
			</trkpt>
			<trkpt lat="51.284715" lon="16.913462">
				<ele>148.519745</ele>
			</trkpt>
			<trkpt lat="51.284833" lon="16.913444">
				<ele>148.600006</ele>
			</trkpt>
			<trkpt lat="51.285317" lon="16.913354">
				<ele>148.870819</ele>
			</trkpt>
			<trkpt lat="51.286614" lon="16.913112">
				<ele>150.000000</ele>
			</trkpt>
			<trkpt lat="51.286744" lon="16.913075">
				<ele>150.048065</ele>
			</trkpt>
			<trkpt lat="51.286800" lon="16.913058">
				<ele>150.096420</ele>
			</trkpt>
			<trkpt lat="51.286817" lon="16.913048">
				<ele>150.123291</ele>
			</trkpt>
			<trkpt lat="51.287025" lon="16.912951">
				<ele>150.397385</ele>
			</trkpt>
			<trkpt lat="51.287182" lon="16.912851">
				<ele>150.582840</ele>
			</trkpt>
			<trkpt lat="51.287233" lon="16.912815">
				<ele>150.757950</ele>
			</trkpt>
			<trkpt lat="51.288328" lon="16.911980">
				<ele>151.532974</ele>
			</trkpt>
			<trkpt lat="51.288839" lon="16.911593">
				<ele>152.155975</ele>
			</trkpt>
			<trkpt lat="51.289649" lon="16.910974">
				<ele>154.028732</ele>
			</trkpt>
			<trkpt lat="51.289907" lon="16.910794">
				<ele>154.761230</ele>
			</trkpt>
			<trkpt lat="51.290093" lon="16.910687">
				<ele>155.351181</ele>
			</trkpt>
			<trkpt lat="51.290294" lon="16.910588">
				<ele>155.845291</ele>
			</trkpt>
			<trkpt lat="51.290587" lon="16.910498">
				<ele>156.688400</ele>
			</trkpt>
			<trkpt lat="51.290890" lon="16.910398">
				<ele>157.522110</ele>
			</trkpt>
			<trkpt lat="51.292104" lon="16.910048">
				<ele>158.400009</ele>
			</trkpt>
			<trkpt lat="51.292250" lon="16.910004">
				<ele>158.600037</ele>
			</trkpt>
			<trkpt lat="51.292350" lon="16.909968">
				<ele>158.797607</ele>
			</trkpt>
			<trkpt lat="51.292626" lon="16.909922">
				<ele>159.208450</ele>
			</trkpt>
			<trkpt lat="51.292794" lon="16.909833">
				<ele>159.663712</ele>
			</trkpt>
			<trkpt lat="51.292957" lon="16.909735">
				<ele>160.147964</ele>
			</trkpt>
			<trkpt lat="51.293115" lon="16.909653">
				<ele>160.374420</ele>
			</trkpt>
			<trkpt lat="51.293143" lon="16.909635">
				<ele>160.499359</ele>
			</trkpt>
			<trkpt lat="51.293176" lon="16.909735">
				<ele>160.360657</ele>
			</trkpt>
			<trkpt lat="51.293306" lon="16.910004">
				<ele>160.126114</ele>
			</trkpt>
			<trkpt lat="51.293845" lon="16.911054">
				<ele>162.252441</ele>
			</trkpt>
			<trkpt lat="51.294053" lon="16.911450">
				<ele>163.232880</ele>
			</trkpt>
			<trkpt lat="51.294148" lon="16.911666">
				<ele>163.901611</ele>
			</trkpt>
			<trkpt lat="51.294171" lon="16.911756">
				<ele>164.166092</ele>
			</trkpt>
			<trkpt lat="51.294188" lon="16.911809">
				<ele>164.219833</ele>
			</trkpt>
			<trkpt lat="51.294216" lon="16.911926">
				<ele>164.611649</ele>
			</trkpt>
			<trkpt lat="51.294233" lon="16.912096">
				<ele>164.934540</ele>
			</trkpt>
			<trkpt lat="51.294238" lon="16.912232">
				<ele>164.995255</ele>
			</trkpt>
			<trkpt lat="51.294238" lon="16.912331">
				<ele>165.244629</ele>
			</trkpt>
			<trkpt lat="51.294278" lon="16.912312">
				<ele>165.269241</ele>
			</trkpt>
			<trkpt lat="51.294271" lon="16.912492">
				<ele>165.537338</ele>
			</trkpt>
			<trkpt lat="51.294221" lon="16.912941">
				<ele>166.093002</ele>
			</trkpt>
			<trkpt lat="51.294154" lon="16.913525">
				<ele>167.130920</ele>
			</trkpt>
			<trkpt lat="51.294075" lon="16.914226">
				<ele>169.099762</ele>
			</trkpt>
			<trkpt lat="51.294805" lon="16.914675">
				<ele>170.626648</ele>
			</trkpt>
			<trkpt lat="51.295575" lon="16.915115">
				<ele>171.478363</ele>
			</trkpt>
			<trkpt lat="51.295749" lon="16.915159">
				<ele>170.807999</ele>
			</trkpt>
			<trkpt lat="51.296126" lon="16.915277">
				<ele>169.759415</ele>
			</trkpt>
			<trkpt lat="51.296372" lon="16.915348">
				<ele>169.625214</ele>
			</trkpt>
			<trkpt lat="51.296457" lon="16.915367">
				<ele>169.612030</ele>
			</trkpt>
			<trkpt lat="51.296816" lon="16.915465">
				<ele>170.225784</ele>
			</trkpt>
			<trkpt lat="51.297154" lon="16.915564">
				<ele>170.913818</ele>
			</trkpt>
			<trkpt lat="51.297698" lon="16.915725">
				<ele>172.017532</ele>
			</trkpt>
			<trkpt lat="51.297934" lon="16.915807">
				<ele>172.750397</ele>
			</trkpt>
			<trkpt lat="51.297827" lon="16.916857">
				<ele>173.883636</ele>
			</trkpt>
			<trkpt lat="51.297749" lon="16.917559">
				<ele>175.297012</ele>
			</trkpt>
			<trkpt lat="51.297670" lon="16.918340">
				<ele>177.058014</ele>
			</trkpt>
			<trkpt lat="51.297541" lon="16.919589">
				<ele>179.179031</ele>
			</trkpt>
			<trkpt lat="51.297530" lon="16.919723">
				<ele>179.523010</ele>
			</trkpt>
			<trkpt lat="51.297524" lon="16.919796">
				<ele>179.705750</ele>
			</trkpt>
			<trkpt lat="51.297530" lon="16.919849">
				<ele>179.835831</ele>
			</trkpt>
			<trkpt lat="51.297541" lon="16.919922">
				<ele>179.914185</ele>
			</trkpt>
			<trkpt lat="51.297563" lon="16.919975">
				<ele>180.118408</ele>
			</trkpt>
			<trkpt lat="51.297811" lon="16.920459">
				<ele>182.582199</ele>
			</trkpt>
			<trkpt lat="51.297833" lon="16.920496">
				<ele>182.748795</ele>
			</trkpt>
			<trkpt lat="51.297901" lon="16.920639">
				<ele>183.235382</ele>
			</trkpt>
			<trkpt lat="51.298030" lon="16.920918">
				<ele>184.295486</ele>
			</trkpt>
			<trkpt lat="51.298120" lon="16.921151">
				<ele>185.003754</ele>
			</trkpt>
			<trkpt lat="51.298165" lon="16.921277">
				<ele>185.287445</ele>
			</trkpt>
			<trkpt lat="51.298350" lon="16.921861">
				<ele>185.800003</ele>
			</trkpt>
			<trkpt lat="51.298395" lon="16.921943">
				<ele>185.800003</ele>
			</trkpt>
			<trkpt lat="51.298445" lon="16.921979">
				<ele>185.836655</ele>
			</trkpt>
			<trkpt lat="51.298490" lon="16.921987">
				<ele>185.822052</ele>
			</trkpt>
			<trkpt lat="51.298485" lon="16.922067">
				<ele>185.933777</ele>
			</trkpt>
			<trkpt lat="51.298473" lon="16.922140">
				<ele>186.043839</ele>
			</trkpt>
			<trkpt lat="51.298423" lon="16.922688">
				<ele>185.951035</ele>
			</trkpt>
			<trkpt lat="51.298418" lon="16.922769">
				<ele>185.929565</ele>
			</trkpt>
			<trkpt lat="51.298395" lon="16.922975">
				<ele>186.065063</ele>
			</trkpt>
			<trkpt lat="51.298350" lon="16.923371">
				<ele>186.119690</ele>
			</trkpt>
			<trkpt lat="51.298328" lon="16.923568">
				<ele>186.082336</ele>
			</trkpt>
			<trkpt lat="51.298418" lon="16.923587">
				<ele>186.200012</ele>
			</trkpt>
			<trkpt lat="51.298732" lon="16.923675">
				<ele>186.221695</ele>
			</trkpt>
			<trkpt lat="51.298749" lon="16.923685">
				<ele>186.264694</ele>
			</trkpt>
			<trkpt lat="51.298822" lon="16.923704">
				<ele>186.433228</ele>
			</trkpt>
			<trkpt lat="51.298996" lon="16.923748">
				<ele>186.785599</ele>
			</trkpt>
			<trkpt lat="51.299097" lon="16.923765">
				<ele>187.048920</ele>
			</trkpt>
			<trkpt lat="51.299165" lon="16.923793">
				<ele>187.112366</ele>
			</trkpt>
			<trkpt lat="51.299277" lon="16.923811">
				<ele>187.209091</ele>
			</trkpt>
			<trkpt lat="51.299293" lon="16.923811">
				<ele>187.207321</ele>
			</trkpt>
			<trkpt lat="51.299411" lon="16.923801">
				<ele>186.640762</ele>
			</trkpt>
			<trkpt lat="51.299501" lon="16.923801">
				<ele>186.125961</ele>
			</trkpt>
			<trkpt lat="51.299501" lon="16.923883">
				<ele>186.835571</ele>
			</trkpt>
			<trkpt lat="51.299496" lon="16.923991">
				<ele>187.170654</ele>
			</trkpt>
			<trkpt lat="51.299513" lon="16.924278">
				<ele>187.698792</ele>
			</trkpt>
			<trkpt lat="51.299557" lon="16.924907">
				<ele>188.346039</ele>
			</trkpt>
			<trkpt lat="51.299586" lon="16.925203">
				<ele>188.866394</ele>
			</trkpt>
			<trkpt lat="51.299602" lon="16.925346">
				<ele>189.130951</ele>
			</trkpt>
			<trkpt lat="51.299647" lon="16.925356">
				<ele>189.157837</ele>
			</trkpt>
			<trkpt lat="51.299687" lon="16.925373">
				<ele>189.202820</ele>
			</trkpt>
			<trkpt lat="51.299737" lon="16.925401">
				<ele>189.221100</ele>
			</trkpt>
			<trkpt lat="51.299967" lon="16.925553">
				<ele>189.815720</ele>
			</trkpt>
			<trkpt lat="51.300456" lon="16.925822">
				<ele>191.354736</ele>
			</trkpt>
			<trkpt lat="51.301208" lon="16.926228">
				<ele>195.404541</ele>
			</trkpt>
			<trkpt lat="51.301254" lon="16.926245">
				<ele>195.628464</ele>
			</trkpt>
			<trkpt lat="51.301281" lon="16.926254">
				<ele>195.780289</ele>
			</trkpt>
			<trkpt lat="51.301546" lon="16.926380">
				<ele>197.462906</ele>
			</trkpt>
			<trkpt lat="51.302293" lon="16.926595">
				<ele>201.050369</ele>
			</trkpt>
			<trkpt lat="51.302371" lon="16.926623">
				<ele>201.276093</ele>
			</trkpt>
			<trkpt lat="51.302461" lon="16.926685">
				<ele>201.627136</ele>
			</trkpt>
			<trkpt lat="51.302495" lon="16.926730">
				<ele>201.889633</ele>
			</trkpt>
			<trkpt lat="51.302523" lon="16.926784">
				<ele>202.181839</ele>
			</trkpt>
			<trkpt lat="51.302551" lon="16.926856">
				<ele>202.532516</ele>
			</trkpt>
			<trkpt lat="51.302568" lon="16.926928">
				<ele>202.622650</ele>
			</trkpt>
			<trkpt lat="51.302579" lon="16.927017">
				<ele>202.656555</ele>
			</trkpt>
			<trkpt lat="51.302579" lon="16.927126">
				<ele>202.656555</ele>
			</trkpt>
			<trkpt lat="51.302568" lon="16.927727">
				<ele>202.248566</ele>
			</trkpt>
			<trkpt lat="51.302562" lon="16.928275">
				<ele>202.040588</ele>
			</trkpt>
			<trkpt lat="51.302568" lon="16.928608">
				<ele>202.151642</ele>
			</trkpt>
			<trkpt lat="51.302568" lon="16.928715">
				<ele>202.075546</ele>
			</trkpt>
			<trkpt lat="51.302579" lon="16.929390">
				<ele>203.913040</ele>
			</trkpt>
			<trkpt lat="51.302612" lon="16.930836">
				<ele>208.290192</ele>
			</trkpt>
			<trkpt lat="51.302630" lon="16.932273">
				<ele>213.029831</ele>
			</trkpt>
			<trkpt lat="51.302641" lon="16.932507">
				<ele>213.129669</ele>
			</trkpt>
			<trkpt lat="51.302663" lon="16.932686">
				<ele>213.000015</ele>
			</trkpt>
			<trkpt lat="51.302686" lon="16.932839">
				<ele>212.791168</ele>
			</trkpt>
			<trkpt lat="51.302725" lon="16.932973">
				<ele>212.629242</ele>
			</trkpt>
			<trkpt lat="51.302798" lon="16.933136">
				<ele>212.511749</ele>
			</trkpt>
			<trkpt lat="51.302893" lon="16.933306">
				<ele>211.694717</ele>
			</trkpt>
			<trkpt lat="51.302995" lon="16.933449">
				<ele>211.425171</ele>
			</trkpt>
			<trkpt lat="51.304539" lon="16.935201">
				<ele>220.359344</ele>
			</trkpt>
			<trkpt lat="51.304657" lon="16.935300">
				<ele>221.616150</ele>
			</trkpt>
			<trkpt lat="51.304780" lon="16.935373">
				<ele>224.195679</ele>
			</trkpt>
			<trkpt lat="51.304898" lon="16.935426">
				<ele>224.591858</ele>
			</trkpt>
			<trkpt lat="51.305016" lon="16.935470">
				<ele>225.002243</ele>
			</trkpt>
			<trkpt lat="51.305168" lon="16.935507">
				<ele>225.317551</ele>
			</trkpt>
			<trkpt lat="51.305326" lon="16.935516">
				<ele>225.004044</ele>
			</trkpt>
			<trkpt lat="51.305668" lon="16.935516">
				<ele>223.684174</ele>
			</trkpt>
			<trkpt lat="51.305758" lon="16.935533">
				<ele>222.735718</ele>
			</trkpt>
			<trkpt lat="51.305831" lon="16.935560">
				<ele>222.216583</ele>
			</trkpt>
			<trkpt lat="51.305932" lon="16.935606">
				<ele>221.270660</ele>
			</trkpt>
			<trkpt lat="51.306022" lon="16.935677">
				<ele>219.762375</ele>
			</trkpt>
			<trkpt lat="51.306128" lon="16.935767">
				<ele>218.791077</ele>
			</trkpt>
			<trkpt lat="51.306207" lon="16.935875">
				<ele>218.249573</ele>
			</trkpt>
			<trkpt lat="51.306280" lon="16.936001">
				<ele>217.493256</ele>
			</trkpt>
			<trkpt lat="51.306381" lon="16.936189">
				<ele>217.369827</ele>
			</trkpt>
			<trkpt lat="51.306404" lon="16.936252">
				<ele>216.753876</ele>
			</trkpt>
			<trkpt lat="51.306695" lon="16.936944">
				<ele>215.321198</ele>
			</trkpt>
			<trkpt lat="51.306775" lon="16.937088">
				<ele>215.841949</ele>
			</trkpt>
			<trkpt lat="51.306775" lon="16.937088">
				<ele>215.841949</ele>
			</trkpt>
			<trkpt lat="51.306785" lon="16.937115">
				<ele>216.099915</ele>
			</trkpt>
			<trkpt lat="51.306875" lon="16.937250">
				<ele>216.344757</ele>
			</trkpt>
			<trkpt lat="51.306960" lon="16.937348">
				<ele>216.456482</ele>
			</trkpt>
			<trkpt lat="51.307055" lon="16.937420">
				<ele>216.469055</ele>
			</trkpt>
			<trkpt lat="51.307151" lon="16.937474">
				<ele>216.600006</ele>
			</trkpt>
			<trkpt lat="51.307246" lon="16.937510">
				<ele>216.388504</ele>
			</trkpt>
			<trkpt lat="51.307426" lon="16.937537">
				<ele>215.432205</ele>
			</trkpt>
			<trkpt lat="51.308426" lon="16.937717">
				<ele>210.679382</ele>
			</trkpt>
			<trkpt lat="51.309048" lon="16.937923">
				<ele>207.760681</ele>
			</trkpt>
			<trkpt lat="51.309801" lon="16.938139">
				<ele>202.995941</ele>
			</trkpt>
			<trkpt lat="51.310060" lon="16.938210">
				<ele>201.736938</ele>
			</trkpt>
			<trkpt lat="51.310133" lon="16.938229">
				<ele>201.332672</ele>
			</trkpt>
			<trkpt lat="51.310245" lon="16.938256">
				<ele>200.718277</ele>
			</trkpt>
			<trkpt lat="51.310385" lon="16.938229">
				<ele>200.251312</ele>
			</trkpt>
			<trkpt lat="51.310441" lon="16.938183">
				<ele>200.388565</ele>
			</trkpt>
			<trkpt lat="51.310542" lon="16.938103">
				<ele>200.099731</ele>
			</trkpt>
			<trkpt lat="51.310677" lon="16.937941">
				<ele>199.898514</ele>
			</trkpt>
			<trkpt lat="51.310784" lon="16.937770">
				<ele>199.758835</ele>
			</trkpt>
			<trkpt lat="51.310885" lon="16.937699">
				<ele>199.329361</ele>
			</trkpt>
			<trkpt lat="51.310980" lon="16.937690">
				<ele>198.949615</ele>
			</trkpt>
			<trkpt lat="51.311205" lon="16.937734">
				<ele>197.615860</ele>
			</trkpt>
			<trkpt lat="51.311626" lon="16.937843">
				<ele>195.647278</ele>
			</trkpt>
			<trkpt lat="51.311884" lon="16.937789">
				<ele>194.636322</ele>
			</trkpt>
			<trkpt lat="51.312087" lon="16.937707">
				<ele>193.774078</ele>
			</trkpt>
			<trkpt lat="51.312210" lon="16.937663">
				<ele>193.008011</ele>
			</trkpt>
			<trkpt lat="51.312317" lon="16.937690">
				<ele>192.433105</ele>
			</trkpt>
			<trkpt lat="51.312446" lon="16.937824">
				<ele>191.600006</ele>
			</trkpt>
			<trkpt lat="51.313007" lon="16.938462">
				<ele>191.649323</ele>
			</trkpt>
			<trkpt lat="51.313232" lon="16.938831">
				<ele>190.775848</ele>
			</trkpt>
			<trkpt lat="51.313507" lon="16.939271">
				<ele>189.243347</ele>
			</trkpt>
			<trkpt lat="51.313698" lon="16.939495">
				<ele>187.600021</ele>
			</trkpt>
			<trkpt lat="51.313805" lon="16.939604">
				<ele>187.443054</ele>
			</trkpt>
			<trkpt lat="51.313917" lon="16.939667">
				<ele>187.323181</ele>
			</trkpt>
			<trkpt lat="51.314029" lon="16.939728">
				<ele>187.255051</ele>
			</trkpt>
			<trkpt lat="51.314754" lon="16.939837">
				<ele>186.200012</ele>
			</trkpt>
			<trkpt lat="51.315063" lon="16.939954">
				<ele>185.600037</ele>
			</trkpt>
			<trkpt lat="51.315203" lon="16.940017">
				<ele>185.564850</ele>
			</trkpt>
			<trkpt lat="51.315444" lon="16.940115">
				<ele>185.287659</ele>
			</trkpt>
			<trkpt lat="51.315747" lon="16.940277">
				<ele>184.558105</ele>
			</trkpt>
			<trkpt lat="51.315882" lon="16.940367">
				<ele>184.345520</ele>
			</trkpt>
			<trkpt lat="51.316028" lon="16.940466">
				<ele>184.066040</ele>
			</trkpt>
			<trkpt lat="51.316158" lon="16.940556">
				<ele>184.077637</ele>
			</trkpt>
			<trkpt lat="51.316472" lon="16.940709">
				<ele>183.187576</ele>
			</trkpt>
			<trkpt lat="51.316719" lon="16.940825">
				<ele>182.953201</ele>
			</trkpt>
			<trkpt lat="51.318044" lon="16.941418">
				<ele>180.970978</ele>
			</trkpt>
			<trkpt lat="51.318218" lon="16.941508">
				<ele>180.800003</ele>
			</trkpt>
			<trkpt lat="51.318387" lon="16.941598">
				<ele>180.878845</ele>
			</trkpt>
			<trkpt lat="51.318543" lon="16.941688">
				<ele>180.482483</ele>
			</trkpt>
			<trkpt lat="51.318718" lon="16.941804">
				<ele>180.156036</ele>
			</trkpt>
			<trkpt lat="51.318998" lon="16.941984">
				<ele>180.595200</ele>
			</trkpt>
			<trkpt lat="51.319346" lon="16.942227">
				<ele>180.400009</ele>
			</trkpt>
			<trkpt lat="51.319470" lon="16.942262">
				<ele>180.400024</ele>
			</trkpt>
			<trkpt lat="51.319582" lon="16.942181">
				<ele>180.259598</ele>
			</trkpt>
			<trkpt lat="51.319650" lon="16.942109">
				<ele>180.272903</ele>
			</trkpt>
			<trkpt lat="51.319722" lon="16.942011">
				<ele>180.350983</ele>
			</trkpt>
			<trkpt lat="51.319717" lon="16.941929">
				<ele>180.448959</ele>
			</trkpt>
			<trkpt lat="51.320070" lon="16.941220">
				<ele>180.249344</ele>
			</trkpt>
			<trkpt lat="51.320188" lon="16.941040">
				<ele>180.175201</ele>
			</trkpt>
			<trkpt lat="51.320273" lon="16.940933">
				<ele>180.108597</ele>
			</trkpt>
			<trkpt lat="51.320323" lon="16.940887">
				<ele>179.939911</ele>
			</trkpt>
			<trkpt lat="51.320396" lon="16.940843">
				<ele>179.800003</ele>
			</trkpt>
			<trkpt lat="51.320514" lon="16.940797">
				<ele>179.670731</ele>
			</trkpt>
			<trkpt lat="51.320604" lon="16.940789">
				<ele>179.355240</ele>
			</trkpt>
			<trkpt lat="51.320705" lon="16.940789">
				<ele>179.171478</ele>
			</trkpt>
			<trkpt lat="51.320868" lon="16.940807">
				<ele>178.704041</ele>
			</trkpt>
			<trkpt lat="51.321390" lon="16.940933">
				<ele>177.541000</ele>
			</trkpt>
			<trkpt lat="51.321822" lon="16.941059">
				<ele>176.310196</ele>
			</trkpt>
			<trkpt lat="51.322036" lon="16.941112">
				<ele>175.825073</ele>
			</trkpt>
			<trkpt lat="51.322199" lon="16.941130">
				<ele>175.800018</ele>
			</trkpt>
			<trkpt lat="51.322327" lon="16.941149">
				<ele>175.696793</ele>
			</trkpt>
			<trkpt lat="51.322440" lon="16.941130">
				<ele>175.600037</ele>
			</trkpt>
			<trkpt lat="51.322586" lon="16.941067">
				<ele>175.422318</ele>
			</trkpt>
			<trkpt lat="51.323119" lon="16.940726">
				<ele>174.954926</ele>
			</trkpt>
			<trkpt lat="51.323579" lon="16.940403">
				<ele>174.600021</ele>
			</trkpt>
			<trkpt lat="51.323602" lon="16.940466">
				<ele>174.403519</ele>
			</trkpt>
			<trkpt lat="51.323624" lon="16.940556">
				<ele>174.242157</ele>
			</trkpt>
			<trkpt lat="51.324545" lon="16.939900">
				<ele>173.503189</ele>
			</trkpt>
			<trkpt lat="51.324971" lon="16.939585">
				<ele>172.835632</ele>
			</trkpt>
			<trkpt lat="51.325629" lon="16.939118">
				<ele>171.254013</ele>
			</trkpt>
			<trkpt lat="51.325864" lon="16.938948">
				<ele>171.009247</ele>
			</trkpt>
			<trkpt lat="51.326089" lon="16.938776">
				<ele>170.526184</ele>
			</trkpt>
			<trkpt lat="51.326459" lon="16.938579">
				<ele>169.887680</ele>
			</trkpt>
			<trkpt lat="51.326852" lon="16.938382">
				<ele>169.229202</ele>
			</trkpt>
			<trkpt lat="51.327189" lon="16.938229">
				<ele>168.932465</ele>
			</trkpt>
			<trkpt lat="51.327442" lon="16.938139">
				<ele>168.882584</ele>
			</trkpt>
			<trkpt lat="51.327632" lon="16.938103">
				<ele>168.345123</ele>
			</trkpt>
			<trkpt lat="51.327773" lon="16.938094">
				<ele>168.147430</ele>
			</trkpt>
			<trkpt lat="51.327874" lon="16.938094">
				<ele>168.000015</ele>
			</trkpt>
			<trkpt lat="51.327880" lon="16.938013">
				<ele>168.396347</ele>
			</trkpt>
			<trkpt lat="51.328008" lon="16.938013">
				<ele>168.440887</ele>
			</trkpt>
			<trkpt lat="51.328273" lon="16.938086">
				<ele>168.400009</ele>
			</trkpt>
			<trkpt lat="51.328924" lon="16.938336">
				<ele>168.338531</ele>
			</trkpt>
			<trkpt lat="51.329423" lon="16.938535">
				<ele>168.455566</ele>
			</trkpt>
			<trkpt lat="51.330686" lon="16.938992">
				<ele>168.425995</ele>
			</trkpt>
			<trkpt lat="51.331528" lon="16.939271">
				<ele>167.116241</ele>
			</trkpt>
			<trkpt lat="51.332089" lon="16.939441">
				<ele>167.000000</ele>
			</trkpt>
			<trkpt lat="51.332903" lon="16.939694">
				<ele>166.143677</ele>
			</trkpt>
			<trkpt lat="51.333094" lon="16.939720">
				<ele>165.873062</ele>
			</trkpt>
			<trkpt lat="51.333385" lon="16.939612">
				<ele>165.169205</ele>
			</trkpt>
			<trkpt lat="51.333935" lon="16.939405">
				<ele>163.830322</ele>
			</trkpt>
			<trkpt lat="51.334082" lon="16.939397">
				<ele>163.255310</ele>
			</trkpt>
			<trkpt lat="51.334273" lon="16.939424">
				<ele>162.432281</ele>
			</trkpt>
			<trkpt lat="51.334474" lon="16.939514">
				<ele>161.820358</ele>
			</trkpt>
			<trkpt lat="51.335311" lon="16.939881">
				<ele>159.507751</ele>
			</trkpt>
			<trkpt lat="51.335675" lon="16.940044">
				<ele>158.256088</ele>
			</trkpt>
			<trkpt lat="51.335737" lon="16.940080">
				<ele>158.142303</ele>
			</trkpt>
			<trkpt lat="51.336085" lon="16.940233">
				<ele>156.377151</ele>
			</trkpt>
			<trkpt lat="51.336383" lon="16.940367">
				<ele>154.943909</ele>
			</trkpt>
			<trkpt lat="51.336624" lon="16.940411">
				<ele>154.020264</ele>
			</trkpt>
			<trkpt lat="51.336697" lon="16.940420">
				<ele>154.000031</ele>
			</trkpt>
			<trkpt lat="51.336933" lon="16.940420">
				<ele>153.139465</ele>
			</trkpt>
			<trkpt lat="51.337106" lon="16.940420">
				<ele>152.655777</ele>
			</trkpt>
			<trkpt lat="51.337163" lon="16.940420">
				<ele>152.389099</ele>
			</trkpt>
			<trkpt lat="51.337286" lon="16.940420">
				<ele>152.134842</ele>
			</trkpt>
			<trkpt lat="51.337578" lon="16.940457">
				<ele>150.985809</ele>
			</trkpt>
			<trkpt lat="51.337746" lon="16.940501">
				<ele>150.800003</ele>
			</trkpt>
			<trkpt lat="51.337898" lon="16.940573">
				<ele>150.730148</ele>
			</trkpt>
			<trkpt lat="51.338010" lon="16.940646">
				<ele>150.560852</ele>
			</trkpt>
			<trkpt lat="51.338111" lon="16.940744">
				<ele>150.463303</ele>
			</trkpt>
			<trkpt lat="51.338217" lon="16.940933">
				<ele>150.376953</ele>
			</trkpt>
			<trkpt lat="51.339082" lon="16.942648">
				<ele>149.607941</ele>
			</trkpt>
			<trkpt lat="51.339335" lon="16.943179">
				<ele>149.488220</ele>
			</trkpt>
			<trkpt lat="51.339418" lon="16.943340">
				<ele>149.435577</ele>
			</trkpt>
			<trkpt lat="51.339536" lon="16.943537">
				<ele>149.204468</ele>
			</trkpt>
			<trkpt lat="51.339688" lon="16.943772">
				<ele>149.125534</ele>
			</trkpt>
			<trkpt lat="51.339868" lon="16.943960">
				<ele>149.092972</ele>
			</trkpt>
			<trkpt lat="51.339991" lon="16.944086">
				<ele>148.891922</ele>
			</trkpt>
			<trkpt lat="51.340328" lon="16.944445">
				<ele>148.281982</ele>
			</trkpt>
			<trkpt lat="51.341321" lon="16.945433">
				<ele>147.207703</ele>
			</trkpt>
			<trkpt lat="51.341512" lon="16.945621">
				<ele>147.000015</ele>
			</trkpt>
			<trkpt lat="51.341686" lon="16.945793">
				<ele>146.562469</ele>
			</trkpt>
			<trkpt lat="51.341860" lon="16.945999">
				<ele>146.655426</ele>
			</trkpt>
			<trkpt lat="51.342780" lon="16.947257">
				<ele>145.538513</ele>
			</trkpt>
			<trkpt lat="51.343790" lon="16.948676">
				<ele>145.096939</ele>
			</trkpt>
			<trkpt lat="51.343914" lon="16.948847">
				<ele>144.963501</ele>
			</trkpt>
			<trkpt lat="51.344660" lon="16.949871">
				<ele>144.840118</ele>
			</trkpt>
			<trkpt lat="51.344761" lon="16.949969">
				<ele>145.117142</ele>
			</trkpt>
			<trkpt lat="51.344828" lon="16.950032">
				<ele>145.137283</ele>
			</trkpt>
			<trkpt lat="51.344985" lon="16.950168">
				<ele>145.702652</ele>
			</trkpt>
			<trkpt lat="51.345159" lon="16.950338">
				<ele>146.164978</ele>
			</trkpt>
			<trkpt lat="51.345215" lon="16.950392">
				<ele>146.001846</ele>
			</trkpt>
			<trkpt lat="51.346663" lon="16.951776">
				<ele>143.763412</ele>
			</trkpt>
			<trkpt lat="51.347729" lon="16.953051">
				<ele>141.800003</ele>
			</trkpt>
			<trkpt lat="51.347785" lon="16.953114">
				<ele>141.628296</ele>
			</trkpt>
			<trkpt lat="51.347920" lon="16.953240">
				<ele>141.140823</ele>
			</trkpt>
			<trkpt lat="51.348038" lon="16.953338">
				<ele>140.600021</ele>
			</trkpt>
			<trkpt lat="51.348301" lon="16.953447">
				<ele>140.919250</ele>
			</trkpt>
			<trkpt lat="51.351942" lon="16.954200">
				<ele>136.242966</ele>
			</trkpt>
			<trkpt lat="51.352442" lon="16.954309">
				<ele>135.093231</ele>
			</trkpt>
			<trkpt lat="51.354058" lon="16.954839">
				<ele>132.698776</ele>
			</trkpt>
			<trkpt lat="51.354136" lon="16.954865">
				<ele>132.937790</ele>
			</trkpt>
			<trkpt lat="51.356139" lon="16.955521">
				<ele>132.031052</ele>
			</trkpt>
			<trkpt lat="51.358198" lon="16.956186">
				<ele>134.390640</ele>
			</trkpt>
			<trkpt lat="51.358905" lon="16.956429">
				<ele>130.695282</ele>
			</trkpt>
			<trkpt lat="51.360688" lon="16.957013">
				<ele>125.248047</ele>
			</trkpt>
			<trkpt lat="51.361064" lon="16.957030">
				<ele>124.800003</ele>
			</trkpt>
			<trkpt lat="51.362506" lon="16.957102">
				<ele>124.190369</ele>
			</trkpt>
			<trkpt lat="51.362915" lon="16.957129">
				<ele>124.515137</ele>
			</trkpt>
			<trkpt lat="51.363992" lon="16.957175">
				<ele>123.891205</ele>
			</trkpt>
			<trkpt lat="51.364266" lon="16.957183">
				<ele>123.318550</ele>
			</trkpt>
			<trkpt lat="51.364396" lon="16.957192">
				<ele>123.124908</ele>
			</trkpt>
			<trkpt lat="51.364469" lon="16.957192">
				<ele>123.029922</ele>
			</trkpt>
			<trkpt lat="51.364558" lon="16.957192">
				<ele>122.804199</ele>
			</trkpt>
			<trkpt lat="51.364648" lon="16.957175">
				<ele>122.635338</ele>
			</trkpt>
			<trkpt lat="51.365158" lon="16.957049">
				<ele>122.199997</ele>
			</trkpt>
			<trkpt lat="51.365361" lon="16.956986">
				<ele>121.823135</ele>
			</trkpt>
			<trkpt lat="51.365456" lon="16.956940">
				<ele>121.770432</ele>
			</trkpt>
			<trkpt lat="51.365568" lon="16.956887">
				<ele>121.458717</ele>
			</trkpt>
			<trkpt lat="51.365697" lon="16.956797">
				<ele>121.293259</ele>
			</trkpt>
			<trkpt lat="51.365787" lon="16.956726">
				<ele>121.043961</ele>
			</trkpt>
			<trkpt lat="51.366465" lon="16.956141">
				<ele>119.321991</ele>
			</trkpt>
			<trkpt lat="51.366566" lon="16.956060">
				<ele>119.199989</ele>
			</trkpt>
			<trkpt lat="51.366628" lon="16.956015">
				<ele>118.975891</ele>
			</trkpt>
			<trkpt lat="51.366768" lon="16.955953">
				<ele>118.825775</ele>
			</trkpt>
			<trkpt lat="51.367195" lon="16.956087">
				<ele>118.200005</ele>
			</trkpt>
			<trkpt lat="51.367307" lon="16.956141">
				<ele>118.099091</ele>
			</trkpt>
			<trkpt lat="51.367407" lon="16.956223">
				<ele>117.867981</ele>
			</trkpt>
			<trkpt lat="51.367424" lon="16.956240">
				<ele>117.819611</ele>
			</trkpt>
			<trkpt lat="51.367486" lon="16.956294">
				<ele>117.947968</ele>
			</trkpt>
			<trkpt lat="51.367587" lon="16.956393">
				<ele>118.238167</ele>
			</trkpt>
			<trkpt lat="51.367710" lon="16.956519">
				<ele>117.705650</ele>
			</trkpt>
			<trkpt lat="51.367800" lon="16.956590">
				<ele>117.430725</ele>
			</trkpt>
			<trkpt lat="51.367845" lon="16.956617">
				<ele>117.355492</ele>
			</trkpt>
			<trkpt lat="51.367907" lon="16.956653">
				<ele>117.215721</ele>
			</trkpt>
			<trkpt lat="51.368086" lon="16.956716">
				<ele>116.876007</ele>
			</trkpt>
			<trkpt lat="51.368277" lon="16.956760">
				<ele>116.616318</ele>
			</trkpt>
			<trkpt lat="51.368299" lon="16.956770">
				<ele>116.637466</ele>
			</trkpt>
			<trkpt lat="51.368423" lon="16.956797">
				<ele>116.799995</ele>
			</trkpt>
			<trkpt lat="51.368479" lon="16.956815">
				<ele>116.796539</ele>
			</trkpt>
			<trkpt lat="51.368608" lon="16.956877">
				<ele>116.611298</ele>
			</trkpt>
			<trkpt lat="51.368669" lon="16.956932">
				<ele>116.468704</ele>
			</trkpt>
			<trkpt lat="51.368737" lon="16.956995">
				<ele>116.473587</ele>
			</trkpt>
			<trkpt lat="51.368860" lon="16.957183">
				<ele>116.400009</ele>
			</trkpt>
			<trkpt lat="51.368956" lon="16.957416">
				<ele>116.400009</ele>
			</trkpt>
			<trkpt lat="51.369045" lon="16.957668">
				<ele>116.199997</ele>
			</trkpt>
			<trkpt lat="51.369247" lon="16.958414">
				<ele>116.199997</ele>
			</trkpt>
			<trkpt lat="51.369247" lon="16.958414">
				<ele>116.199997</ele>
			</trkpt>
			<trkpt lat="51.369336" lon="16.958747">
				<ele>116.438873</ele>
			</trkpt>
			<trkpt lat="51.369426" lon="16.958890">
				<ele>116.585770</ele>
			</trkpt>
			<trkpt lat="51.369460" lon="16.958953">
				<ele>116.611877</ele>
			</trkpt>
			<trkpt lat="51.369566" lon="16.959087">
				<ele>116.583206</ele>
			</trkpt>
			<trkpt lat="51.369634" lon="16.959160">
				<ele>116.409081</ele>
			</trkpt>
			<trkpt lat="51.369701" lon="16.959204">
				<ele>116.404610</ele>
			</trkpt>
			<trkpt lat="51.369830" lon="16.959294">
				<ele>116.438385</ele>
			</trkpt>
			<trkpt lat="51.369971" lon="16.959376">
				<ele>116.600029</ele>
			</trkpt>
			<trkpt lat="51.369982" lon="16.959339">
				<ele>116.513847</ele>
			</trkpt>
			<trkpt lat="51.370004" lon="16.959259">
				<ele>116.400009</ele>
			</trkpt>
			<trkpt lat="51.370066" lon="16.959114">
				<ele>116.424927</ele>
			</trkpt>
			<trkpt lat="51.370138" lon="16.958997">
				<ele>116.580948</ele>
			</trkpt>
			<trkpt lat="51.370268" lon="16.958881">
				<ele>116.419220</ele>
			</trkpt>
			<trkpt lat="51.370453" lon="16.958764">
				<ele>116.199997</ele>
			</trkpt>
			<trkpt lat="51.370515" lon="16.958720">
				<ele>116.167137</ele>
			</trkpt>
			<trkpt lat="51.370537" lon="16.958594">
				<ele>115.812439</ele>
			</trkpt>
			<trkpt lat="51.370543" lon="16.958540">
				<ele>115.661964</ele>
			</trkpt>
			<trkpt lat="51.370683" lon="16.958575">
				<ele>115.758690</ele>
			</trkpt>
			<trkpt lat="51.370722" lon="16.958584">
				<ele>115.785561</ele>
			</trkpt>
			<trkpt lat="51.370812" lon="16.958603">
				<ele>115.742142</ele>
			</trkpt>
			<trkpt lat="51.370913" lon="16.958630">
				<ele>115.708160</ele>
			</trkpt>
			<trkpt lat="51.371417" lon="16.958863">
				<ele>115.894867</ele>
			</trkpt>
			<trkpt lat="51.371502" lon="16.958908">
				<ele>115.731949</ele>
			</trkpt>
			<trkpt lat="51.371547" lon="16.958926">
				<ele>115.710442</ele>
			</trkpt>
			<trkpt lat="51.371563" lon="16.958845">
				<ele>115.384979</ele>
			</trkpt>
			<trkpt lat="51.371614" lon="16.958863">
				<ele>115.378265</ele>
			</trkpt>
			<trkpt lat="51.371647" lon="16.958908">
				<ele>115.349365</ele>
			</trkpt>
			<trkpt lat="51.371782" lon="16.959213">
				<ele>115.856644</ele>
			</trkpt>
			<trkpt lat="51.371844" lon="16.959483">
				<ele>115.498428</ele>
			</trkpt>
			<trkpt lat="51.371899" lon="16.959735">
				<ele>115.246941</ele>
			</trkpt>
			<trkpt lat="51.371956" lon="16.960076">
				<ele>114.875275</ele>
			</trkpt>
			<trkpt lat="51.372006" lon="16.960355">
				<ele>114.703186</ele>
			</trkpt>
			<trkpt lat="51.372057" lon="16.960498">
				<ele>114.549911</ele>
			</trkpt>
			<trkpt lat="51.372090" lon="16.960579">
				<ele>114.356415</ele>
			</trkpt>
			<trkpt lat="51.372141" lon="16.960642">
				<ele>114.138474</ele>
			</trkpt>
			<trkpt lat="51.372382" lon="16.960839">
				<ele>113.600021</ele>
			</trkpt>
			<trkpt lat="51.372550" lon="16.960984">
				<ele>113.377609</ele>
			</trkpt>
			<trkpt lat="51.372831" lon="16.961288">
				<ele>112.986702</ele>
			</trkpt>
			<trkpt lat="51.372948" lon="16.961414">
				<ele>112.638824</ele>
			</trkpt>
			<trkpt lat="51.373033" lon="16.961460">
				<ele>112.776756</ele>
			</trkpt>
			<trkpt lat="51.373520" lon="16.961657">
				<ele>112.800003</ele>
			</trkpt>
			<trkpt lat="51.373924" lon="16.961657">
				<ele>112.600021</ele>
			</trkpt>
			<trkpt lat="51.374238" lon="16.961630">
				<ele>112.400017</ele>
			</trkpt>
			<trkpt lat="51.374317" lon="16.961621">
				<ele>112.400024</ele>
			</trkpt>
			<trkpt lat="51.374479" lon="16.961576">
				<ele>112.264030</ele>
			</trkpt>
			<trkpt lat="51.374625" lon="16.961558">
				<ele>112.400009</ele>
			</trkpt>
			<trkpt lat="51.374692" lon="16.961567">
				<ele>112.400009</ele>
			</trkpt>
			<trkpt lat="51.374782" lon="16.961584">
				<ele>112.400017</ele>
			</trkpt>
			<trkpt lat="51.375247" lon="16.961701">
				<ele>112.000015</ele>
			</trkpt>
			<trkpt lat="51.375444" lon="16.961756">
				<ele>111.829987</ele>
			</trkpt>
			<trkpt lat="51.375595" lon="16.961800">
				<ele>111.600044</ele>
			</trkpt>
			<trkpt lat="51.375718" lon="16.961827">
				<ele>111.456085</ele>
			</trkpt>
			<trkpt lat="51.375870" lon="16.961873">
				<ele>111.400017</ele>
			</trkpt>
			<trkpt lat="51.376206" lon="16.961971">
				<ele>111.121826</ele>
			</trkpt>
			<trkpt lat="51.376190" lon="16.962106">
				<ele>111.203392</ele>
			</trkpt>
			<trkpt lat="51.376503" lon="16.962178">
				<ele>110.641823</ele>
			</trkpt>
			<trkpt lat="51.376660" lon="16.962213">
				<ele>110.785835</ele>
			</trkpt>
			<trkpt lat="51.376778" lon="16.962250">
				<ele>110.628807</ele>
			</trkpt>
			<trkpt lat="51.377249" lon="16.962357">
				<ele>110.199997</ele>
			</trkpt>
			<trkpt lat="51.377541" lon="16.962439">
				<ele>110.199997</ele>
			</trkpt>
			<trkpt lat="51.377905" lon="16.962546">
				<ele>110.000015</ele>
			</trkpt>
			<trkpt lat="51.378264" lon="16.962645">
				<ele>109.665367</ele>
			</trkpt>
			<trkpt lat="51.378500" lon="16.962699">
				<ele>109.421844</ele>
			</trkpt>
			<trkpt lat="51.378685" lon="16.962762">
				<ele>109.327316</ele>
			</trkpt>
			<trkpt lat="51.378730" lon="16.962779">
				<ele>109.364502</ele>
			</trkpt>
			<trkpt lat="51.378791" lon="16.962789">
				<ele>109.199997</ele>
			</trkpt>
			<trkpt lat="51.379167" lon="16.962942">
				<ele>108.800003</ele>
			</trkpt>
			<trkpt lat="51.380316" lon="16.963399">
				<ele>108.000015</ele>
			</trkpt>
			<trkpt lat="51.380569" lon="16.963498">
				<ele>107.783546</ele>
			</trkpt>
			<trkpt lat="51.380883" lon="16.963615">
				<ele>107.436745</ele>
			</trkpt>
			<trkpt lat="51.381365" lon="16.963804">
				<ele>107.200012</ele>
			</trkpt>
			<trkpt lat="51.381622" lon="16.963911">
				<ele>107.199997</ele>
			</trkpt>
			<trkpt lat="51.381914" lon="16.964028">
				<ele>107.199997</ele>
			</trkpt>
			<trkpt lat="51.381964" lon="16.964110">
				<ele>107.199997</ele>
			</trkpt>
			<trkpt lat="51.382015" lon="16.964154">
				<ele>107.200005</ele>
			</trkpt>
			<trkpt lat="51.383989" lon="16.965007">
				<ele>105.779480</ele>
			</trkpt>
			<trkpt lat="51.385188" lon="16.965511">
				<ele>105.000015</ele>
			</trkpt>
			<trkpt lat="51.386001" lon="16.965834">
				<ele>105.000015</ele>
			</trkpt>
			<trkpt lat="51.386814" lon="16.966158">
				<ele>105.000015</ele>
			</trkpt>
			<trkpt lat="51.386920" lon="16.966175">
				<ele>105.000015</ele>
			</trkpt>
			<trkpt lat="51.387190" lon="16.966167">
				<ele>104.800003</ele>
			</trkpt>
			<trkpt lat="51.388608" lon="16.966167">
				<ele>104.199997</ele>
			</trkpt>
			<trkpt lat="51.389556" lon="16.966167">
				<ele>103.400009</ele>
			</trkpt>
			<trkpt lat="51.389611" lon="16.966131">
				<ele>103.400002</ele>
			</trkpt>
			<trkpt lat="51.389645" lon="16.966058">
				<ele>103.400009</ele>
			</trkpt>
			<trkpt lat="51.389696" lon="16.965995">
				<ele>103.446838</ele>
			</trkpt>
			<trkpt lat="51.389780" lon="16.965968">
				<ele>103.404724</ele>
			</trkpt>
			<trkpt lat="51.389808" lon="16.965995">
				<ele>103.382332</ele>
			</trkpt>
			<trkpt lat="51.389948" lon="16.966049">
				<ele>103.199997</ele>
			</trkpt>
			<trkpt lat="51.390060" lon="16.966121">
				<ele>103.179855</ele>
			</trkpt>
			<trkpt lat="51.390329" lon="16.966400">
				<ele>103.199997</ele>
			</trkpt>
			<trkpt lat="51.390643" lon="16.966724">
				<ele>103.000015</ele>
			</trkpt>
			<trkpt lat="51.391445" lon="16.967559">
				<ele>102.400009</ele>
			</trkpt>
			<trkpt lat="51.391730" lon="16.967865">
				<ele>102.308960</ele>
			</trkpt>
			<trkpt lat="51.391937" lon="16.968089">
				<ele>102.199997</ele>
			</trkpt>
			<trkpt lat="51.392162" lon="16.968322">
				<ele>102.000015</ele>
			</trkpt>
			<trkpt lat="51.392392" lon="16.968574">
				<ele>102.000023</ele>
			</trkpt>
			<trkpt lat="51.392700" lon="16.968888">
				<ele>101.600029</ele>
			</trkpt>
			<trkpt lat="51.392801" lon="16.968997">
				<ele>101.629166</ele>
			</trkpt>
			<trkpt lat="51.392908" lon="16.969113">
				<ele>101.731567</ele>
			</trkpt>
			<trkpt lat="51.393030" lon="16.969194">
				<ele>101.600021</ele>
			</trkpt>
			<trkpt lat="51.393132" lon="16.969247">
				<ele>101.600029</ele>
			</trkpt>
			<trkpt lat="51.393193" lon="16.969274">
				<ele>101.600021</ele>
			</trkpt>
			<trkpt lat="51.393300" lon="16.969293">
				<ele>101.514709</ele>
			</trkpt>
			<trkpt lat="51.393429" lon="16.969293">
				<ele>101.400009</ele>
			</trkpt>
			<trkpt lat="51.393602" lon="16.969301">
				<ele>101.254776</ele>
			</trkpt>
			<trkpt lat="51.393866" lon="16.969301">
				<ele>101.000015</ele>
			</trkpt>
			<trkpt lat="51.394051" lon="16.969310">
				<ele>100.800003</ele>
			</trkpt>
			<trkpt lat="51.394123" lon="16.969310">
				<ele>100.800003</ele>
			</trkpt>
			<trkpt lat="51.394309" lon="16.969337">
				<ele>100.800011</ele>
			</trkpt>
			<trkpt lat="51.394443" lon="16.969364">
				<ele>100.638268</ele>
			</trkpt>
			<trkpt lat="51.394667" lon="16.969418">
				<ele>100.600021</ele>
			</trkpt>
			<trkpt lat="51.394903" lon="16.969481">
				<ele>100.600029</ele>
			</trkpt>
			<trkpt lat="51.395166" lon="16.969553">
				<ele>100.568954</ele>
			</trkpt>
			<trkpt lat="51.395368" lon="16.969607">
				<ele>100.600021</ele>
			</trkpt>
			<trkpt lat="51.395491" lon="16.969643">
				<ele>100.600021</ele>
			</trkpt>
			<trkpt lat="51.395609" lon="16.969670">
				<ele>100.600021</ele>
			</trkpt>
			<trkpt lat="51.395766" lon="16.969724">
				<ele>100.600029</ele>
			</trkpt>
			<trkpt lat="51.396130" lon="16.969840">
				<ele>100.400009</ele>
			</trkpt>
			<trkpt lat="51.396299" lon="16.969894">
				<ele>100.400017</ele>
			</trkpt>
			<trkpt lat="51.396456" lon="16.969913">
				<ele>100.199997</ele>
			</trkpt>
			<trkpt lat="51.396551" lon="16.969886">
				<ele>100.400009</ele>
			</trkpt>
			<trkpt lat="51.396753" lon="16.969804">
				<ele>100.400009</ele>
			</trkpt>
			<trkpt lat="51.397447" lon="16.969544">
				<ele>100.133049</ele>
			</trkpt>
			<trkpt lat="51.397773" lon="16.969410">
				<ele>100.200005</ele>
			</trkpt>
			<trkpt lat="51.398389" lon="16.969176">
				<ele>100.024277</ele>
			</trkpt>
			<trkpt lat="51.398725" lon="16.969058">
				<ele>100.014664</ele>
			</trkpt>
			<trkpt lat="51.399510" lon="16.968762">
				<ele>99.936562</ele>
			</trkpt>
			<trkpt lat="51.400104" lon="16.968555">
				<ele>99.400009</ele>
			</trkpt>
			<trkpt lat="51.400631" lon="16.968368">
				<ele>99.443703</ele>
			</trkpt>
			<trkpt lat="51.400737" lon="16.968341">
				<ele>99.518944</ele>
			</trkpt>
			<trkpt lat="51.400782" lon="16.968341">
				<ele>99.518944</ele>
			</trkpt>
			<trkpt lat="51.400922" lon="16.968349">
				<ele>99.517197</ele>
			</trkpt>
			<trkpt lat="51.401348" lon="16.968395">
				<ele>99.199997</ele>
			</trkpt>
			<trkpt lat="51.401925" lon="16.968458">
				<ele>99.011070</ele>
			</trkpt>
			<trkpt lat="51.402531" lon="16.968538">
				<ele>98.800003</ele>
			</trkpt>
			<trkpt lat="51.403119" lon="16.968610">
				<ele>98.370308</ele>
			</trkpt>
			<trkpt lat="51.403848" lon="16.968718">
				<ele>98.258408</ele>
			</trkpt>
			<trkpt lat="51.404285" lon="16.968771">
				<ele>98.483917</ele>
			</trkpt>
			<trkpt lat="51.404475" lon="16.968817">
				<ele>98.837921</ele>
			</trkpt>
			<trkpt lat="51.405165" lon="16.968934">
				<ele>99.000015</ele>
			</trkpt>
			<trkpt lat="51.406100" lon="16.969050">
				<ele>98.400009</ele>
			</trkpt>
			<trkpt lat="51.406588" lon="16.969113">
				<ele>98.199997</ele>
			</trkpt>
			<trkpt lat="51.407440" lon="16.969221">
				<ele>97.800011</ele>
			</trkpt>
			<trkpt lat="51.407585" lon="16.969194">
				<ele>97.741730</ele>
			</trkpt>
			<trkpt lat="51.407675" lon="16.969167">
				<ele>97.612564</ele>
			</trkpt>
			<trkpt lat="51.407748" lon="16.969131">
				<ele>97.600021</ele>
			</trkpt>
			<trkpt lat="51.408000" lon="16.969014">
				<ele>97.800003</ele>
			</trkpt>
			<trkpt lat="51.408639" lon="16.968735">
				<ele>97.499908</ele>
			</trkpt>
			<trkpt lat="51.410235" lon="16.968079">
				<ele>97.732346</ele>
			</trkpt>
			<trkpt lat="51.410359" lon="16.968062">
				<ele>97.516060</ele>
			</trkpt>
			<trkpt lat="51.410387" lon="16.968062">
				<ele>97.477692</ele>
			</trkpt>
			<trkpt lat="51.410415" lon="16.968071">
				<ele>97.449921</ele>
			</trkpt>
			<trkpt lat="51.410689" lon="16.968232">
				<ele>96.522049</ele>
			</trkpt>
			<trkpt lat="51.412314" lon="16.969158">
				<ele>95.818680</ele>
			</trkpt>
			<trkpt lat="51.412729" lon="16.969391">
				<ele>95.763008</ele>
			</trkpt>
			<trkpt lat="51.413905" lon="16.970056">
				<ele>94.887337</ele>
			</trkpt>
			<trkpt lat="51.416606" lon="16.971584">
				<ele>94.960709</ele>
			</trkpt>
			<trkpt lat="51.417413" lon="16.972041">
				<ele>94.697945</ele>
			</trkpt>
			<trkpt lat="51.418404" lon="16.972616">
				<ele>95.000015</ele>
			</trkpt>
			<trkpt lat="51.418825" lon="16.972859">
				<ele>95.192299</ele>
			</trkpt>
			<trkpt lat="51.419435" lon="16.973200">
				<ele>94.430298</ele>
			</trkpt>
			<trkpt lat="51.419502" lon="16.973245">
				<ele>94.400009</ele>
			</trkpt>
			<trkpt lat="51.419564" lon="16.973282">
				<ele>94.400017</ele>
			</trkpt>
			<trkpt lat="51.419614" lon="16.973299">
				<ele>94.369225</ele>
			</trkpt>
			<trkpt lat="51.419715" lon="16.973371">
				<ele>94.288689</ele>
			</trkpt>
			<trkpt lat="51.419732" lon="16.973345">
				<ele>94.364006</ele>
			</trkpt>
			<trkpt lat="51.419760" lon="16.973308">
				<ele>94.400009</ele>
			</trkpt>
			<trkpt lat="51.419922" lon="16.973308">
				<ele>94.400002</ele>
			</trkpt>
			<trkpt lat="51.420040" lon="16.973308">
				<ele>94.234642</ele>
			</trkpt>
			<trkpt lat="51.420129" lon="16.973308">
				<ele>94.400017</ele>
			</trkpt>
			<trkpt lat="51.420253" lon="16.973335">
				<ele>94.199997</ele>
			</trkpt>
			<trkpt lat="51.420320" lon="16.973362">
				<ele>94.216743</ele>
			</trkpt>
			<trkpt lat="51.420471" lon="16.973452">
				<ele>94.199997</ele>
			</trkpt>
			<trkpt lat="51.420673" lon="16.973568">
				<ele>94.200005</ele>
			</trkpt>
			<trkpt lat="51.420841" lon="16.973676">
				<ele>94.199997</ele>
			</trkpt>
			<trkpt lat="51.421385" lon="16.974000">
				<ele>94.400009</ele>
			</trkpt>
			<trkpt lat="51.421502" lon="16.974054">
				<ele>94.400009</ele>
			</trkpt>
			<trkpt lat="51.421699" lon="16.974161">
				<ele>94.400017</ele>
			</trkpt>
			<trkpt lat="51.422001" lon="16.974332">
				<ele>94.400009</ele>
			</trkpt>
			<trkpt lat="51.422281" lon="16.974503">
				<ele>94.159561</ele>
			</trkpt>
			<trkpt lat="51.422611" lon="16.974691">
				<ele>94.199997</ele>
			</trkpt>
			<trkpt lat="51.422914" lon="16.974880">
				<ele>94.362633</ele>
			</trkpt>
			<trkpt lat="51.423502" lon="16.975213">
				<ele>94.800003</ele>
			</trkpt>
			<trkpt lat="51.423636" lon="16.975293">
				<ele>94.629227</ele>
			</trkpt>
			<trkpt lat="51.424180" lon="16.975599">
				<ele>94.297134</ele>
			</trkpt>
			<trkpt lat="51.424471" lon="16.975742">
				<ele>94.316513</ele>
			</trkpt>
			<trkpt lat="51.424583" lon="16.975787">
				<ele>94.132095</ele>
			</trkpt>
			<trkpt lat="51.424689" lon="16.975787">
				<ele>93.987152</ele>
			</trkpt>
			<trkpt lat="51.424874" lon="16.975733">
				<ele>93.893066</ele>
			</trkpt>
			<trkpt lat="51.425278" lon="16.975590">
				<ele>94.192795</ele>
			</trkpt>
			<trkpt lat="51.425541" lon="16.975490">
				<ele>94.600021</ele>
			</trkpt>
			<trkpt lat="51.425703" lon="16.975463">
				<ele>94.799995</ele>
			</trkpt>
			<trkpt lat="51.425833" lon="16.975463">
				<ele>94.799995</ele>
			</trkpt>
			<trkpt lat="51.425955" lon="16.975490">
				<ele>94.800003</ele>
			</trkpt>
			<trkpt lat="51.426124" lon="16.975572">
				<ele>94.855492</ele>
			</trkpt>
			<trkpt lat="51.426303" lon="16.975725">
				<ele>94.751755</ele>
			</trkpt>
			<trkpt lat="51.426437" lon="16.975842">
				<ele>94.739563</ele>
			</trkpt>
			<trkpt lat="51.426571" lon="16.975966">
				<ele>94.437393</ele>
			</trkpt>
			<trkpt lat="51.427266" lon="16.976561">
				<ele>94.600029</ele>
			</trkpt>
			<trkpt lat="51.427927" lon="16.977126">
				<ele>93.800003</ele>
			</trkpt>
			<trkpt lat="51.428185" lon="16.977350">
				<ele>93.800003</ele>
			</trkpt>
			<trkpt lat="51.428342" lon="16.977494">
				<ele>93.716507</ele>
			</trkpt>
			<trkpt lat="51.428571" lon="16.977683">
				<ele>93.400009</ele>
			</trkpt>
			<trkpt lat="51.428845" lon="16.977916">
				<ele>93.000015</ele>
			</trkpt>
			<trkpt lat="51.429042" lon="16.978096">
				<ele>93.000015</ele>
			</trkpt>
			<trkpt lat="51.429249" lon="16.978276">
				<ele>93.182327</ele>
			</trkpt>
			<trkpt lat="51.429288" lon="16.978320">
				<ele>93.199997</ele>
			</trkpt>
			<trkpt lat="51.429411" lon="16.978410">
				<ele>93.199997</ele>
			</trkpt>
			<trkpt lat="51.429590" lon="16.978572">
				<ele>93.400009</ele>
			</trkpt>
			<trkpt lat="51.429736" lon="16.978689">
				<ele>93.199997</ele>
			</trkpt>
			<trkpt lat="51.429899" lon="16.978842">
				<ele>93.000023</ele>
			</trkpt>
			<trkpt lat="51.430056" lon="16.978976">
				<ele>92.800003</ele>
			</trkpt>
			<trkpt lat="51.430375" lon="16.979245">
				<ele>92.548195</ele>
			</trkpt>
			<trkpt lat="51.430604" lon="16.979452">
				<ele>92.796341</ele>
			</trkpt>
			<trkpt lat="51.430800" lon="16.979614">
				<ele>92.966537</ele>
			</trkpt>
			<trkpt lat="51.430895" lon="16.979668">
				<ele>93.220192</ele>
			</trkpt>
			<trkpt lat="51.431007" lon="16.979704">
				<ele>93.400009</ele>
			</trkpt>
			<trkpt lat="51.431097" lon="16.979721">
				<ele>93.769539</ele>
			</trkpt>
			<trkpt lat="51.431204" lon="16.979713">
				<ele>93.800003</ele>
			</trkpt>
			<trkpt lat="51.431338" lon="16.979668">
				<ele>93.925781</ele>
			</trkpt>
			<trkpt lat="51.431623" lon="16.979524">
				<ele>93.800003</ele>
			</trkpt>
			<trkpt lat="51.432407" lon="16.979093">
				<ele>93.917648</ele>
			</trkpt>
			<trkpt lat="51.433142" lon="16.978689">
				<ele>93.653870</ele>
			</trkpt>
			<trkpt lat="51.433399" lon="16.978555">
				<ele>93.544312</ele>
			</trkpt>
			<trkpt lat="51.433488" lon="16.978536">
				<ele>93.588135</ele>
			</trkpt>
			<trkpt lat="51.433522" lon="16.978545">
				<ele>93.514175</ele>
			</trkpt>
			<trkpt lat="51.433561" lon="16.978509">
				<ele>93.515137</ele>
			</trkpt>
			<trkpt lat="51.433640" lon="16.978446">
				<ele>93.400497</ele>
			</trkpt>
			<trkpt lat="51.433936" lon="16.978266">
				<ele>92.405731</ele>
			</trkpt>
			<trkpt lat="51.434424" lon="16.977953">
				<ele>92.737137</ele>
			</trkpt>
			<trkpt lat="51.434592" lon="16.977809">
				<ele>92.841454</ele>
			</trkpt>
			<trkpt lat="51.435017" lon="16.977440">
				<ele>93.565964</ele>
			</trkpt>
			<trkpt lat="51.435460" lon="16.976928">
				<ele>94.050217</ele>
			</trkpt>
			<trkpt lat="51.436305" lon="16.975320">
				<ele>93.800003</ele>
			</trkpt>
			<trkpt lat="51.437381" lon="16.973551">
				<ele>96.179070</ele>
			</trkpt>
			<trkpt lat="51.437565" lon="16.973056">
				<ele>96.569122</ele>
			</trkpt>
			<trkpt lat="51.437727" lon="16.972626">
				<ele>95.969025</ele>
			</trkpt>
			<trkpt lat="51.438019" lon="16.971844">
				<ele>95.193970</ele>
			</trkpt>
			<trkpt lat="51.438153" lon="16.971484">
				<ele>95.391785</ele>
			</trkpt>
			<trkpt lat="51.438254" lon="16.971232">
				<ele>95.600029</ele>
			</trkpt>
			<trkpt lat="51.438523" lon="16.970838">
				<ele>96.054443</ele>
			</trkpt>
			<trkpt lat="51.439072" lon="16.970236">
				<ele>97.600021</ele>
			</trkpt>
			<trkpt lat="51.439463" lon="16.969724">
				<ele>97.995522</ele>
			</trkpt>
			<trkpt lat="51.439866" lon="16.969176">
				<ele>98.400009</ele>
			</trkpt>
			<trkpt lat="51.440113" lon="16.969023">
				<ele>98.794769</ele>
			</trkpt>
			<trkpt lat="51.440382" lon="16.968942">
				<ele>98.958199</ele>
			</trkpt>
			<trkpt lat="51.440903" lon="16.968798">
				<ele>99.800003</ele>
			</trkpt>
			<trkpt lat="51.441126" lon="16.968232">
				<ele>99.581596</ele>
			</trkpt>
			<trkpt lat="51.441502" lon="16.967271">
				<ele>98.860657</ele>
			</trkpt>
			<trkpt lat="51.441670" lon="16.966831">
				<ele>98.580566</ele>
			</trkpt>
			<trkpt lat="51.442095" lon="16.965726">
				<ele>98.184418</ele>
			</trkpt>
			<trkpt lat="51.442241" lon="16.965322">
				<ele>97.985733</ele>
			</trkpt>
			<trkpt lat="51.442308" lon="16.965286">
				<ele>98.175591</ele>
			</trkpt>
			<trkpt lat="51.442353" lon="16.965286">
				<ele>98.237259</ele>
			</trkpt>
			<trkpt lat="51.442476" lon="16.965305">
				<ele>98.525017</ele>
			</trkpt>
			<trkpt lat="51.442633" lon="16.965331">
				<ele>98.600266</ele>
			</trkpt>
			<trkpt lat="51.442694" lon="16.965339">
				<ele>98.613930</ele>
			</trkpt>
			<trkpt lat="51.442846" lon="16.965339">
				<ele>98.600029</ele>
			</trkpt>
			<trkpt lat="51.442935" lon="16.965339">
				<ele>98.600021</ele>
			</trkpt>
			<trkpt lat="51.442980" lon="16.965339">
				<ele>98.521881</ele>
			</trkpt>
			<trkpt lat="51.443008" lon="16.965322">
				<ele>98.446625</ele>
			</trkpt>
			<trkpt lat="51.443080" lon="16.965286">
				<ele>98.400009</ele>
			</trkpt>
			<trkpt lat="51.443209" lon="16.965223">
				<ele>98.076927</ele>
			</trkpt>
			<trkpt lat="51.443299" lon="16.965215">
				<ele>97.829712</ele>
			</trkpt>
			<trkpt lat="51.443361" lon="16.965232">
				<ele>97.657745</ele>
			</trkpt>
			<trkpt lat="51.443484" lon="16.965295">
				<ele>97.399994</ele>
			</trkpt>
			<trkpt lat="51.443601" lon="16.965385">
				<ele>97.199997</ele>
			</trkpt>
			<trkpt lat="51.443769" lon="16.965519">
				<ele>97.492409</ele>
			</trkpt>
			<trkpt lat="51.443876" lon="16.965636">
				<ele>97.600029</ele>
			</trkpt>
			<trkpt lat="51.443976" lon="16.965672">
				<ele>97.582001</ele>
			</trkpt>
			<trkpt lat="51.444228" lon="16.965816">
				<ele>97.766563</ele>
			</trkpt>
			<trkpt lat="51.444335" lon="16.965871">
				<ele>97.706039</ele>
			</trkpt>
			<trkpt lat="51.444542" lon="16.965978">
				<ele>97.622192</ele>
			</trkpt>
			<trkpt lat="51.445029" lon="16.966221">
				<ele>96.400009</ele>
			</trkpt>
			<trkpt lat="51.445119" lon="16.966238">
				<ele>96.400009</ele>
			</trkpt>
			<trkpt lat="51.445181" lon="16.966257">
				<ele>96.400009</ele>
			</trkpt>
			<trkpt lat="51.445231" lon="16.966247">
				<ele>96.400009</ele>
			</trkpt>
			<trkpt lat="51.445281" lon="16.966221">
				<ele>96.400009</ele>
			</trkpt>
			<trkpt lat="51.445337" lon="16.966184">
				<ele>96.400009</ele>
			</trkpt>
			<trkpt lat="51.445421" lon="16.966041">
				<ele>95.999542</ele>
			</trkpt>
			<trkpt lat="51.445388" lon="16.966014">
				<ele>95.924294</ele>
			</trkpt>
			<trkpt lat="51.445393" lon="16.965987">
				<ele>95.849045</ele>
			</trkpt>
			<trkpt lat="51.445645" lon="16.965035">
				<ele>94.761841</ele>
			</trkpt>
			<trkpt lat="51.446177" lon="16.963221">
				<ele>92.914688</ele>
			</trkpt>
			<trkpt lat="51.446300" lon="16.962779">
				<ele>92.600029</ele>
			</trkpt>
			<trkpt lat="51.446351" lon="16.962492">
				<ele>92.400009</ele>
			</trkpt>
			<trkpt lat="51.446378" lon="16.962295">
				<ele>92.278931</ele>
			</trkpt>
			<trkpt lat="51.446423" lon="16.961423">
				<ele>92.199989</ele>
			</trkpt>
			<trkpt lat="51.446429" lon="16.961405">
				<ele>92.199997</ele>
			</trkpt>
			<trkpt lat="51.446435" lon="16.961397">
				<ele>92.209122</ele>
			</trkpt>
			<trkpt lat="51.446502" lon="16.961397">
				<ele>92.511765</ele>
			</trkpt>
			<trkpt lat="51.446507" lon="16.961271">
				<ele>92.410080</ele>
			</trkpt>
			<trkpt lat="51.446552" lon="16.960605">
				<ele>92.513939</ele>
			</trkpt>
			<trkpt lat="51.446575" lon="16.960345">
				<ele>92.600014</ele>
			</trkpt>
			<trkpt lat="51.446597" lon="16.960112">
				<ele>92.600021</ele>
			</trkpt>
			<trkpt lat="51.446636" lon="16.959887">
				<ele>92.575546</ele>
			</trkpt>
			<trkpt lat="51.446675" lon="16.959680">
				<ele>92.683029</ele>
			</trkpt>
			<trkpt lat="51.446731" lon="16.959473">
				<ele>92.644257</ele>
			</trkpt>
			<trkpt lat="51.446838" lon="16.959150">
				<ele>92.745216</ele>
			</trkpt>
			<trkpt lat="51.446983" lon="16.958737">
				<ele>92.707329</ele>
			</trkpt>
			<trkpt lat="51.447381" lon="16.957632">
				<ele>92.501076</ele>
			</trkpt>
			<trkpt lat="51.447650" lon="16.956869">
				<ele>92.396667</ele>
			</trkpt>
			<trkpt lat="51.447907" lon="16.956123">
				<ele>92.640717</ele>
			</trkpt>
			<trkpt lat="51.448243" lon="16.955081">
				<ele>92.300781</ele>
			</trkpt>
			<trkpt lat="51.449441" lon="16.951273">
				<ele>92.275909</ele>
			</trkpt>
			<trkpt lat="51.449698" lon="16.950473">
				<ele>92.400009</ele>
			</trkpt>
			<trkpt lat="51.450214" lon="16.948829">
				<ele>92.129532</ele>
			</trkpt>
			<trkpt lat="51.450359" lon="16.948397">
				<ele>91.747185</ele>
			</trkpt>
			<trkpt lat="51.450527" lon="16.947940">
				<ele>91.800003</ele>
			</trkpt>
			<trkpt lat="51.450678" lon="16.947571">
				<ele>91.590408</ele>
			</trkpt>
			<trkpt lat="51.451165" lon="16.946403">
				<ele>91.043365</ele>
			</trkpt>
			<trkpt lat="51.451473" lon="16.945694">
				<ele>90.667015</ele>
			</trkpt>
			<trkpt lat="51.451557" lon="16.945533">
				<ele>90.800003</ele>
			</trkpt>
			<trkpt lat="51.451641" lon="16.945397">
				<ele>90.694374</ele>
			</trkpt>
			<trkpt lat="51.451747" lon="16.945263">
				<ele>90.584312</ele>
			</trkpt>
			<trkpt lat="51.452095" lon="16.944849">
				<ele>90.449364</ele>
			</trkpt>
			<trkpt lat="51.453135" lon="16.943673">
				<ele>90.800003</ele>
			</trkpt>
			<trkpt lat="51.453247" lon="16.943565">
				<ele>90.799995</ele>
			</trkpt>
			<trkpt lat="51.453382" lon="16.943466">
				<ele>90.830154</ele>
			</trkpt>
			<trkpt lat="51.453505" lon="16.943394">
				<ele>90.816307</ele>
			</trkpt>
			<trkpt lat="51.453679" lon="16.943296">
				<ele>90.780823</ele>
			</trkpt>
			<trkpt lat="51.453869" lon="16.943197">
				<ele>90.844704</ele>
			</trkpt>
			<trkpt lat="51.453964" lon="16.943151">
				<ele>91.009872</ele>
			</trkpt>
			<trkpt lat="51.454098" lon="16.943097">
				<ele>90.399582</ele>
			</trkpt>
			<trkpt lat="51.454183" lon="16.943053">
				<ele>90.247787</ele>
			</trkpt>
			<trkpt lat="51.454261" lon="16.942990">
				<ele>90.973816</ele>
			</trkpt>
			<trkpt lat="51.454328" lon="16.942910">
				<ele>91.377213</ele>
			</trkpt>
			<trkpt lat="51.454395" lon="16.942820">
				<ele>91.313065</ele>
			</trkpt>
			<trkpt lat="51.454457" lon="16.942703">
				<ele>91.246758</ele>
			</trkpt>
			<trkpt lat="51.454507" lon="16.942558">
				<ele>90.930450</ele>
			</trkpt>
			<trkpt lat="51.454563" lon="16.942361">
				<ele>90.732994</ele>
			</trkpt>
			<trkpt lat="51.454854" lon="16.941130">
				<ele>90.657036</ele>
			</trkpt>
			<trkpt lat="51.455185" lon="16.939765">
				<ele>90.547165</ele>
			</trkpt>
			<trkpt lat="51.455252" lon="16.939468">
				<ele>90.692802</ele>
			</trkpt>
			<trkpt lat="51.455307" lon="16.939271">
				<ele>90.770752</ele>
			</trkpt>
			<trkpt lat="51.455364" lon="16.939091">
				<ele>90.768867</ele>
			</trkpt>
			<trkpt lat="51.455409" lon="16.938948">
				<ele>90.897850</ele>
			</trkpt>
			<trkpt lat="51.455470" lon="16.938803">
				<ele>90.800003</ele>
			</trkpt>
			<trkpt lat="51.455554" lon="16.938615">
				<ele>90.827080</ele>
			</trkpt>
			<trkpt lat="51.456432" lon="16.936774">
				<ele>90.778542</ele>
			</trkpt>
			<trkpt lat="51.456606" lon="16.936415">
				<ele>90.905060</ele>
			</trkpt>
			<trkpt lat="51.456858" lon="16.935875">
				<ele>90.780334</ele>
			</trkpt>
			<trkpt lat="51.457099" lon="16.935381">
				<ele>90.800003</ele>
			</trkpt>
			<trkpt lat="51.457345" lon="16.934860">
				<ele>91.081703</ele>
			</trkpt>
			<trkpt lat="51.457435" lon="16.934654">
				<ele>91.000023</ele>
			</trkpt>
			<trkpt lat="51.457519" lon="16.934438">
				<ele>91.000015</ele>
			</trkpt>
			<trkpt lat="51.457641" lon="16.934078">
				<ele>91.171822</ele>
			</trkpt>
			<trkpt lat="51.457770" lon="16.933675">
				<ele>91.151375</ele>
			</trkpt>
			<trkpt lat="51.458006" lon="16.932893">
				<ele>91.207047</ele>
			</trkpt>
			<trkpt lat="51.458084" lon="16.932650">
				<ele>91.214813</ele>
			</trkpt>
			<trkpt lat="51.458173" lon="16.932417">
				<ele>91.232353</ele>
			</trkpt>
			<trkpt lat="51.458364" lon="16.931950">
				<ele>91.067894</ele>
			</trkpt>
			<trkpt lat="51.458890" lon="16.930773">
				<ele>91.100784</ele>
			</trkpt>
			<trkpt lat="51.459405" lon="16.929604">
				<ele>91.096184</ele>
			</trkpt>
			<trkpt lat="51.459892" lon="16.928528">
				<ele>90.866753</ele>
			</trkpt>
			<trkpt lat="51.460110" lon="16.928015">
				<ele>90.634956</ele>
			</trkpt>
			<trkpt lat="51.460255" lon="16.927665">
				<ele>90.548874</ele>
			</trkpt>
			<trkpt lat="51.460357" lon="16.927396">
				<ele>90.161102</ele>
			</trkpt>
			<trkpt lat="51.460446" lon="16.927143">
				<ele>90.079971</ele>
			</trkpt>
			<trkpt lat="51.460843" lon="16.925985">
				<ele>90.199997</ele>
			</trkpt>
			<trkpt lat="51.461275" lon="16.924700">
				<ele>90.818802</ele>
			</trkpt>
			<trkpt lat="51.461358" lon="16.924430">
				<ele>91.000015</ele>
			</trkpt>
			<trkpt lat="51.461425" lon="16.924180">
				<ele>91.000015</ele>
			</trkpt>
			<trkpt lat="51.461470" lon="16.923937">
				<ele>90.777756</ele>
			</trkpt>
			<trkpt lat="51.461515" lon="16.923658">
				<ele>90.591965</ele>
			</trkpt>
			<trkpt lat="51.461711" lon="16.922256">
				<ele>91.199989</ele>
			</trkpt>
			<trkpt lat="51.461722" lon="16.922176">
				<ele>91.199997</ele>
			</trkpt>
			<trkpt lat="51.461884" lon="16.921025">
				<ele>91.600021</ele>
			</trkpt>
			<trkpt lat="51.461969" lon="16.920433">
				<ele>91.800003</ele>
			</trkpt>
			<trkpt lat="51.462069" lon="16.919696">
				<ele>91.600021</ele>
			</trkpt>
			<trkpt lat="51.462276" lon="16.918232">
				<ele>91.310822</ele>
			</trkpt>
			<trkpt lat="51.462556" lon="16.916256">
				<ele>90.969604</ele>
			</trkpt>
			<trkpt lat="51.462590" lon="16.916023">
				<ele>90.872849</ele>
			</trkpt>
			<trkpt lat="51.462668" lon="16.915519">
				<ele>91.000023</ele>
			</trkpt>
			<trkpt lat="51.462791" lon="16.915061">
				<ele>90.878464</ele>
			</trkpt>
			<trkpt lat="51.462948" lon="16.914532">
				<ele>90.800011</ele>
			</trkpt>
			<trkpt lat="51.463054" lon="16.914180">
				<ele>90.930893</ele>
			</trkpt>
			<trkpt lat="51.463194" lon="16.914235">
				<ele>90.575050</ele>
			</trkpt>
			<trkpt lat="51.463222" lon="16.914243">
				<ele>90.553558</ele>
			</trkpt>
			<trkpt lat="51.463245" lon="16.914262">
				<ele>90.499802</ele>
			</trkpt>
			<trkpt lat="51.463832" lon="16.914486">
				<ele>90.400009</ele>
			</trkpt>
			<trkpt lat="51.464056" lon="16.914567">
				<ele>90.445267</ele>
			</trkpt>
			<trkpt lat="51.464246" lon="16.914622">
				<ele>90.395668</ele>
			</trkpt>
			<trkpt lat="51.464666" lon="16.914729">
				<ele>90.188423</ele>
			</trkpt>
			<trkpt lat="51.464839" lon="16.914765">
				<ele>90.116081</ele>
			</trkpt>
			<trkpt lat="51.465063" lon="16.914801">
				<ele>90.103149</ele>
			</trkpt>
			<trkpt lat="51.465220" lon="16.914809">
				<ele>90.199997</ele>
			</trkpt>
			<trkpt lat="51.465433" lon="16.914828">
				<ele>90.199997</ele>
			</trkpt>
			<trkpt lat="51.467151" lon="16.914918">
				<ele>90.876274</ele>
			</trkpt>
			<trkpt lat="51.468024" lon="16.914972">
				<ele>90.603012</ele>
			</trkpt>
			<trkpt lat="51.468331" lon="16.914981">
				<ele>90.968170</ele>
			</trkpt>
			<trkpt lat="51.468527" lon="16.914989">
				<ele>89.035492</ele>
			</trkpt>
			<trkpt lat="51.468757" lon="16.914998">
				<ele>90.482590</ele>
			</trkpt>
			<trkpt lat="51.469467" lon="16.915043">
				<ele>90.865959</ele>
			</trkpt>
			<trkpt lat="51.469641" lon="16.915043">
				<ele>91.112404</ele>
			</trkpt>
			<trkpt lat="51.470257" lon="16.915079">
				<ele>91.464622</ele>
			</trkpt>
			<trkpt lat="51.470407" lon="16.915079">
				<ele>92.303032</ele>
			</trkpt>
			<trkpt lat="51.470531" lon="16.915088">
				<ele>92.081337</ele>
			</trkpt>
			<trkpt lat="51.470570" lon="16.915088">
				<ele>91.772575</ele>
			</trkpt>
			<trkpt lat="51.470660" lon="16.915088">
				<ele>91.400009</ele>
			</trkpt>
			<trkpt lat="51.471140" lon="16.915070">
				<ele>91.332024</ele>
			</trkpt>
			<trkpt lat="51.471437" lon="16.915052">
				<ele>91.535980</ele>
			</trkpt>
			<trkpt lat="51.471930" lon="16.915035">
				<ele>91.338882</ele>
			</trkpt>
			<trkpt lat="51.472097" lon="16.915025">
				<ele>91.365196</ele>
			</trkpt>
			<trkpt lat="51.472601" lon="16.914972">
				<ele>91.202011</ele>
			</trkpt>
			<trkpt lat="51.473675" lon="16.914855">
				<ele>91.036751</ele>
			</trkpt>
			<trkpt lat="51.474011" lon="16.914809">
				<ele>90.327499</ele>
			</trkpt>
			<trkpt lat="51.475326" lon="16.914656">
				<ele>90.353119</ele>
			</trkpt>
			<trkpt lat="51.477256" lon="16.914432">
				<ele>90.685867</ele>
			</trkpt>
			<trkpt lat="51.477256" lon="16.914432">
				<ele>90.685867</ele>
			</trkpt>
			<trkpt lat="51.477519" lon="16.914406">
				<ele>90.683517</ele>
			</trkpt>
			<trkpt lat="51.478364" lon="16.914325">
				<ele>91.012161</ele>
			</trkpt>
			<trkpt lat="51.478476" lon="16.914306">
				<ele>91.080864</ele>
			</trkpt>
			<trkpt lat="51.479024" lon="16.914207">
				<ele>91.111298</ele>
			</trkpt>
			<trkpt lat="51.479153" lon="16.914180">
				<ele>91.261780</ele>
			</trkpt>
			<trkpt lat="51.479483" lon="16.914109">
				<ele>91.400002</ele>
			</trkpt>
			<trkpt lat="51.479791" lon="16.913993">
				<ele>91.199997</ele>
			</trkpt>
			<trkpt lat="51.480076" lon="16.913857">
				<ele>90.999969</ele>
			</trkpt>
			<trkpt lat="51.480328" lon="16.913731">
				<ele>90.890785</ele>
			</trkpt>
			<trkpt lat="51.480434" lon="16.913669">
				<ele>90.771240</ele>
			</trkpt>
			<trkpt lat="51.480451" lon="16.913651">
				<ele>90.806641</ele>
			</trkpt>
			<trkpt lat="51.480478" lon="16.913641">
				<ele>90.836082</ele>
			</trkpt>
			<trkpt lat="51.480478" lon="16.913633">
				<ele>90.851044</ele>
			</trkpt>
			<trkpt lat="51.480597" lon="16.913570">
				<ele>90.949310</ele>
			</trkpt>
			<trkpt lat="51.480759" lon="16.913462">
				<ele>90.800003</ele>
			</trkpt>
			<trkpt lat="51.480910" lon="16.913364">
				<ele>90.768867</ele>
			</trkpt>
			<trkpt lat="51.480971" lon="16.913310">
				<ele>90.596664</ele>
			</trkpt>
			<trkpt lat="51.481049" lon="16.913247">
				<ele>90.526245</ele>
			</trkpt>
			<trkpt lat="51.481363" lon="16.912932">
				<ele>90.765884</ele>
			</trkpt>
			<trkpt lat="51.481542" lon="16.912744">
				<ele>91.199997</ele>
			</trkpt>
			<trkpt lat="51.481995" lon="16.912232">
				<ele>92.125198</ele>
			</trkpt>
			<trkpt lat="51.482079" lon="16.912133">
				<ele>92.000015</ele>
			</trkpt>
			<trkpt lat="51.482180" lon="16.912016">
				<ele>92.266769</ele>
			</trkpt>
			<trkpt lat="51.482398" lon="16.911746">
				<ele>89.470749</ele>
			</trkpt>
			<trkpt lat="51.482856" lon="16.911180">
				<ele>90.145546</ele>
			</trkpt>
			<trkpt lat="51.483041" lon="16.910947">
				<ele>92.309814</ele>
			</trkpt>
			<trkpt lat="51.483075" lon="16.910901">
				<ele>92.468506</ele>
			</trkpt>
			<trkpt lat="51.483902" lon="16.909878">
				<ele>91.328506</ele>
			</trkpt>
			<trkpt lat="51.484093" lon="16.909635">
				<ele>91.413986</ele>
			</trkpt>
			<trkpt lat="51.484842" lon="16.908701">
				<ele>91.164146</ele>
			</trkpt>
			<trkpt lat="51.485015" lon="16.908467">
				<ele>91.054276</ele>
			</trkpt>
			<trkpt lat="51.485653" lon="16.907685">
				<ele>91.780815</ele>
			</trkpt>
			<trkpt lat="51.485693" lon="16.907641">
				<ele>91.698151</ele>
			</trkpt>
			<trkpt lat="51.485799" lon="16.907515">
				<ele>91.608604</ele>
			</trkpt>
			<trkpt lat="51.485984" lon="16.907299">
				<ele>92.430298</ele>
			</trkpt>
			<trkpt lat="51.486101" lon="16.907174">
				<ele>92.671127</ele>
			</trkpt>
			<trkpt lat="51.486274" lon="16.906985">
				<ele>92.736534</ele>
			</trkpt>
			<trkpt lat="51.486353" lon="16.906905">
				<ele>92.834290</ele>
			</trkpt>
			<trkpt lat="51.486526" lon="16.906779">
				<ele>92.779312</ele>
			</trkpt>
			<trkpt lat="51.486806" lon="16.906527">
				<ele>92.737686</ele>
			</trkpt>
			<trkpt lat="51.487013" lon="16.906366">
				<ele>92.648079</ele>
			</trkpt>
			<trkpt lat="51.487136" lon="16.906267">
				<ele>92.844620</ele>
			</trkpt>
			<trkpt lat="51.487209" lon="16.906222">
				<ele>92.837341</ele>
			</trkpt>
			<trkpt lat="51.487293" lon="16.906177">
				<ele>92.883247</ele>
			</trkpt>
			<trkpt lat="51.487376" lon="16.906150">
				<ele>92.947006</ele>
			</trkpt>
			<trkpt lat="51.487460" lon="16.906123">
				<ele>92.873795</ele>
			</trkpt>
			<trkpt lat="51.487544" lon="16.906096">
				<ele>92.893044</ele>
			</trkpt>
			<trkpt lat="51.487628" lon="16.906087">
				<ele>92.879845</ele>
			</trkpt>
			<trkpt lat="51.487740" lon="16.906087">
				<ele>92.685616</ele>
			</trkpt>
			<trkpt lat="51.487846" lon="16.906096">
				<ele>92.471664</ele>
			</trkpt>
			<trkpt lat="51.487952" lon="16.906114">
				<ele>92.329338</ele>
			</trkpt>
			<trkpt lat="51.488053" lon="16.906150">
				<ele>91.873528</ele>
			</trkpt>
			<trkpt lat="51.488282" lon="16.906240">
				<ele>91.234314</ele>
			</trkpt>
			<trkpt lat="51.488696" lon="16.906366">
				<ele>91.000015</ele>
			</trkpt>
			<trkpt lat="51.488931" lon="16.906465">
				<ele>91.273232</ele>
			</trkpt>
			<trkpt lat="51.490336" lon="16.907003">
				<ele>92.228355</ele>
			</trkpt>
			<trkpt lat="51.490945" lon="16.907228">
				<ele>92.585152</ele>
			</trkpt>
			<trkpt lat="51.491130" lon="16.907291">
				<ele>92.379799</ele>
			</trkpt>
			<trkpt lat="51.491213" lon="16.907299">
				<ele>92.551758</ele>
			</trkpt>
			<trkpt lat="51.491297" lon="16.907299">
				<ele>92.565353</ele>
			</trkpt>
			<trkpt lat="51.491381" lon="16.907291">
				<ele>92.587326</ele>
			</trkpt>
			<trkpt lat="51.491465" lon="16.907272">
				<ele>92.499672</ele>
			</trkpt>
			<trkpt lat="51.491543" lon="16.907246">
				<ele>92.616806</ele>
			</trkpt>
			<trkpt lat="51.491627" lon="16.907209">
				<ele>92.775864</ele>
			</trkpt>
			<trkpt lat="51.491706" lon="16.907156">
				<ele>92.562012</ele>
			</trkpt>
			<trkpt lat="51.491789" lon="16.907093">
				<ele>92.497604</ele>
			</trkpt>
			<trkpt lat="51.491862" lon="16.907030">
				<ele>92.600021</ele>
			</trkpt>
			<trkpt lat="51.491935" lon="16.906949">
				<ele>92.451294</ele>
			</trkpt>
			<trkpt lat="51.492008" lon="16.906859">
				<ele>92.337051</ele>
			</trkpt>
			<trkpt lat="51.492086" lon="16.906743">
				<ele>92.288666</ele>
			</trkpt>
			<trkpt lat="51.492170" lon="16.906582">
				<ele>92.067642</ele>
			</trkpt>
			<trkpt lat="51.492237" lon="16.906429">
				<ele>92.018272</ele>
			</trkpt>
			<trkpt lat="51.492271" lon="16.906312">
				<ele>91.981873</ele>
			</trkpt>
			<trkpt lat="51.492310" lon="16.906177">
				<ele>91.871330</ele>
			</trkpt>
			<trkpt lat="51.492332" lon="16.906077">
				<ele>91.774422</ele>
			</trkpt>
			<trkpt lat="51.492355" lon="16.905980">
				<ele>91.800621</ele>
			</trkpt>
			<trkpt lat="51.492360" lon="16.905934">
				<ele>91.822113</ele>
			</trkpt>
			<trkpt lat="51.492410" lon="16.905647">
				<ele>91.950806</ele>
			</trkpt>
			<trkpt lat="51.492422" lon="16.905494">
				<ele>92.166580</ele>
			</trkpt>
			<trkpt lat="51.492432" lon="16.905422">
				<ele>92.249428</ele>
			</trkpt>
			<trkpt lat="51.492444" lon="16.905387">
				<ele>92.466331</ele>
			</trkpt>
			<trkpt lat="51.492461" lon="16.905351">
				<ele>92.600021</ele>
			</trkpt>
			<trkpt lat="51.492494" lon="16.905324">
				<ele>92.600021</ele>
			</trkpt>
			<trkpt lat="51.492517" lon="16.905297">
				<ele>92.548256</ele>
			</trkpt>
			<trkpt lat="51.492556" lon="16.905251">
				<ele>92.523933</ele>
			</trkpt>
			<trkpt lat="51.492573" lon="16.905215">
				<ele>92.583054</ele>
			</trkpt>
			<trkpt lat="51.492601" lon="16.905153">
				<ele>92.847778</ele>
			</trkpt>
			<trkpt lat="51.492611" lon="16.905108">
				<ele>92.937958</ele>
			</trkpt>
			<trkpt lat="51.492623" lon="16.905018">
				<ele>93.035370</ele>
			</trkpt>
			<trkpt lat="51.492628" lon="16.904946">
				<ele>93.025795</ele>
			</trkpt>
			<trkpt lat="51.492628" lon="16.904911">
				<ele>93.025795</ele>
			</trkpt>
			<trkpt lat="51.492623" lon="16.904874">
				<ele>93.047287</ele>
			</trkpt>
			<trkpt lat="51.492606" lon="16.904794">
				<ele>93.090279</ele>
			</trkpt>
			<trkpt lat="51.492584" lon="16.904722">
				<ele>93.154762</ele>
			</trkpt>
			<trkpt lat="51.492550" lon="16.904659">
				<ele>93.200005</ele>
			</trkpt>
			<trkpt lat="51.492517" lon="16.904605">
				<ele>93.084167</ele>
			</trkpt>
			<trkpt lat="51.492489" lon="16.904587">
				<ele>93.035812</ele>
			</trkpt>
			<trkpt lat="51.492444" lon="16.904551">
				<ele>92.984253</ele>
			</trkpt>
			<trkpt lat="51.492399" lon="16.904532">
				<ele>92.953308</ele>
			</trkpt>
			<trkpt lat="51.492394" lon="16.904524">
				<ele>92.934753</ele>
			</trkpt>
			<trkpt lat="51.492365" lon="16.904452">
				<ele>92.686783</ele>
			</trkpt>
			<trkpt lat="51.492355" lon="16.904408">
				<ele>92.600327</ele>
			</trkpt>
			<trkpt lat="51.492332" lon="16.904272">
				<ele>92.535835</ele>
			</trkpt>
			<trkpt lat="51.492304" lon="16.903958">
				<ele>92.460587</ele>
			</trkpt>
			<trkpt lat="51.492310" lon="16.903895">
				<ele>92.432198</ele>
			</trkpt>
			<trkpt lat="51.492326" lon="16.903806">
				<ele>92.400009</ele>
			</trkpt>
			<trkpt lat="51.492332" lon="16.903796">
				<ele>92.400017</ele>
			</trkpt>
			<trkpt lat="51.492355" lon="16.903716">
				<ele>92.420319</ele>
			</trkpt>
			<trkpt lat="51.492365" lon="16.903680">
				<ele>92.522446</ele>
			</trkpt>
			<trkpt lat="51.492377" lon="16.903653">
				<ele>92.597687</ele>
			</trkpt>
			<trkpt lat="51.492394" lon="16.903616">
				<ele>92.600021</ele>
			</trkpt>
			<trkpt lat="51.492416" lon="16.903572">
				<ele>92.600021</ele>
			</trkpt>
			<trkpt lat="51.492427" lon="16.903553">
				<ele>92.590958</ele>
			</trkpt>
			<trkpt lat="51.492438" lon="16.903536">
				<ele>92.526451</ele>
			</trkpt>
			<trkpt lat="51.492461" lon="16.903509">
				<ele>92.397469</ele>
			</trkpt>
			<trkpt lat="51.492477" lon="16.903482">
				<ele>92.345100</ele>
			</trkpt>
			<trkpt lat="51.492511" lon="16.903446">
				<ele>92.337097</ele>
			</trkpt>
			<trkpt lat="51.492539" lon="16.903427">
				<ele>92.283752</ele>
			</trkpt>
			<trkpt lat="51.492628" lon="16.903356">
				<ele>92.199997</ele>
			</trkpt>
			<trkpt lat="51.492735" lon="16.903293">
				<ele>91.879196</ele>
			</trkpt>
			<trkpt lat="51.492919" lon="16.903194">
				<ele>91.017738</ele>
			</trkpt>
			<trkpt lat="51.493395" lon="16.902951">
				<ele>90.600021</ele>
			</trkpt>
			<trkpt lat="51.494334" lon="16.902458">
				<ele>90.217049</ele>
			</trkpt>
			<trkpt lat="51.496795" lon="16.901164">
				<ele>89.199997</ele>
			</trkpt>
			<trkpt lat="51.496935" lon="16.901093">
				<ele>89.205566</ele>
			</trkpt>
			<trkpt lat="51.497013" lon="16.901047">
				<ele>89.252426</ele>
			</trkpt>
			<trkpt lat="51.502404" lon="16.898236">
				<ele>89.199997</ele>
			</trkpt>
			<trkpt lat="51.504506" lon="16.897140">
				<ele>90.021164</ele>
			</trkpt>
			<trkpt lat="51.504607" lon="16.897077">
				<ele>89.642937</ele>
			</trkpt>
			<trkpt lat="51.505144" lon="16.896771">
				<ele>90.066589</ele>
			</trkpt>
			<trkpt lat="51.505429" lon="16.896565">
				<ele>89.631020</ele>
			</trkpt>
			<trkpt lat="51.505647" lon="16.896340">
				<ele>89.194412</ele>
			</trkpt>
			<trkpt lat="51.506005" lon="16.896016">
				<ele>89.121780</ele>
			</trkpt>
			<trkpt lat="51.506279" lon="16.895783">
				<ele>89.000015</ele>
			</trkpt>
			<trkpt lat="51.506794" lon="16.895361">
				<ele>88.600021</ele>
			</trkpt>
			<trkpt lat="51.507789" lon="16.894580">
				<ele>88.841606</ele>
			</trkpt>
			<trkpt lat="51.508382" lon="16.894131">
				<ele>88.973259</ele>
			</trkpt>
			<trkpt lat="51.508958" lon="16.893745">
				<ele>89.388344</ele>
			</trkpt>
			<trkpt lat="51.509360" lon="16.893429">
				<ele>89.514084</ele>
			</trkpt>
			<trkpt lat="51.509427" lon="16.893376">
				<ele>89.523544</ele>
			</trkpt>
			<trkpt lat="51.509757" lon="16.893142">
				<ele>89.634552</ele>
			</trkpt>
			<trkpt lat="51.509958" lon="16.892980">
				<ele>89.660370</ele>
			</trkpt>
			<trkpt lat="51.510204" lon="16.892810">
				<ele>90.000015</ele>
			</trkpt>
			<trkpt lat="51.510512" lon="16.892594">
				<ele>90.213531</ele>
			</trkpt>
			<trkpt lat="51.510618" lon="16.892531">
				<ele>90.211433</ele>
			</trkpt>
			<trkpt lat="51.510690" lon="16.892513">
				<ele>90.659225</ele>
			</trkpt>
			<trkpt lat="51.510791" lon="16.892513">
				<ele>90.800003</ele>
			</trkpt>
			<trkpt lat="51.510858" lon="16.892523">
				<ele>90.828163</ele>
			</trkpt>
			<trkpt lat="51.510886" lon="16.892523">
				<ele>90.856895</ele>
			</trkpt>
			<trkpt lat="51.510953" lon="16.892550">
				<ele>91.001411</ele>
			</trkpt>
			<trkpt lat="51.510981" lon="16.892414">
				<ele>91.086876</ele>
			</trkpt>
			<trkpt lat="51.511026" lon="16.892200">
				<ele>91.005119</ele>
			</trkpt>
			<trkpt lat="51.511048" lon="16.892100">
				<ele>91.069611</ele>
			</trkpt>
			<trkpt lat="51.511065" lon="16.892020">
				<ele>90.947113</ele>
			</trkpt>
			<trkpt lat="51.511160" lon="16.891678">
				<ele>90.932785</ele>
			</trkpt>
			<trkpt lat="51.511345" lon="16.890978">
				<ele>90.841095</ele>
			</trkpt>
			<trkpt lat="51.511361" lon="16.890915">
				<ele>90.778442</ele>
			</trkpt>
			<trkpt lat="51.511406" lon="16.890743">
				<ele>90.680008</ele>
			</trkpt>
			<trkpt lat="51.511490" lon="16.890474">
				<ele>90.167084</ele>
			</trkpt>
			<trkpt lat="51.511546" lon="16.890366">
				<ele>90.122307</ele>
			</trkpt>
			<trkpt lat="51.511591" lon="16.890250">
				<ele>90.004082</ele>
			</trkpt>
			<trkpt lat="51.511630" lon="16.890177">
				<ele>89.813766</ele>
			</trkpt>
			<trkpt lat="51.511663" lon="16.890116">
				<ele>89.799683</ele>
			</trkpt>
			<trkpt lat="51.511775" lon="16.889936">
				<ele>89.537460</ele>
			</trkpt>
			<trkpt lat="51.511898" lon="16.889783">
				<ele>89.466606</ele>
			</trkpt>
			<trkpt lat="51.511960" lon="16.889666">
				<ele>89.431900</ele>
			</trkpt>
			<trkpt lat="51.511982" lon="16.889621">
				<ele>89.436554</ele>
			</trkpt>
			<trkpt lat="51.512005" lon="16.889567">
				<ele>89.447388</ele>
			</trkpt>
			<trkpt lat="51.512049" lon="16.889468">
				<ele>89.496559</ele>
			</trkpt>
			<trkpt lat="51.512082" lon="16.889342">
				<ele>89.571915</ele>
			</trkpt>
			<trkpt lat="51.512122" lon="16.889190">
				<ele>89.601547</ele>
			</trkpt>
			<trkpt lat="51.512189" lon="16.888884">
				<ele>89.883514</ele>
			</trkpt>
			<trkpt lat="51.512251" lon="16.888606">
				<ele>90.110977</ele>
			</trkpt>
			<trkpt lat="51.512351" lon="16.888202">
				<ele>90.781120</ele>
			</trkpt>
			<trkpt lat="51.512407" lon="16.887950">
				<ele>91.096191</ele>
			</trkpt>
			<trkpt lat="51.512446" lon="16.887753">
				<ele>91.214424</ele>
			</trkpt>
			<trkpt lat="51.512507" lon="16.887384">
				<ele>91.372826</ele>
			</trkpt>
			<trkpt lat="51.512613" lon="16.886621">
				<ele>91.687386</ele>
			</trkpt>
			<trkpt lat="51.512686" lon="16.886108">
				<ele>91.491615</ele>
			</trkpt>
			<trkpt lat="51.512759" lon="16.885569">
				<ele>91.422760</ele>
			</trkpt>
			<trkpt lat="51.512776" lon="16.885353">
				<ele>91.138824</ele>
			</trkpt>
			<trkpt lat="51.512798" lon="16.885066">
				<ele>90.800003</ele>
			</trkpt>
			<trkpt lat="51.512826" lon="16.884653">
				<ele>90.067764</ele>
			</trkpt>
			<trkpt lat="51.512843" lon="16.884347">
				<ele>89.732307</ele>
			</trkpt>
			<trkpt lat="51.512849" lon="16.884267">
				<ele>89.794914</ele>
			</trkpt>
			<trkpt lat="51.512865" lon="16.884114">
				<ele>89.599167</ele>
			</trkpt>
			<trkpt lat="51.512888" lon="16.883961">
				<ele>89.537872</ele>
			</trkpt>
			<trkpt lat="51.512910" lon="16.883835">
				<ele>89.400017</ele>
			</trkpt>
			<trkpt lat="51.512943" lon="16.883701">
				<ele>89.411781</ele>
			</trkpt>
			<trkpt lat="51.512994" lon="16.883558">
				<ele>89.400009</ele>
			</trkpt>
			<trkpt lat="51.513206" lon="16.882973">
				<ele>89.400017</ele>
			</trkpt>
			<trkpt lat="51.513229" lon="16.882875">
				<ele>89.382065</ele>
			</trkpt>
			<trkpt lat="51.513240" lon="16.882803">
				<ele>89.240883</ele>
			</trkpt>
			<trkpt lat="51.513240" lon="16.882703">
				<ele>89.199997</ele>
			</trkpt>
			<trkpt lat="51.513240" lon="16.882623">
				<ele>89.162079</ele>
			</trkpt>
			<trkpt lat="51.513229" lon="16.882533">
				<ele>89.017944</ele>
			</trkpt>
			<trkpt lat="51.513218" lon="16.882426">
				<ele>88.809570</ele>
			</trkpt>
			<trkpt lat="51.513212" lon="16.882300">
				<ele>89.000023</ele>
			</trkpt>
			<trkpt lat="51.513218" lon="16.882210">
				<ele>89.216866</ele>
			</trkpt>
			<trkpt lat="51.513229" lon="16.882129">
				<ele>89.400009</ele>
			</trkpt>
			<trkpt lat="51.513246" lon="16.882030">
				<ele>89.522079</ele>
			</trkpt>
			<trkpt lat="51.513290" lon="16.881896">
				<ele>89.600014</ele>
			</trkpt>
			<trkpt lat="51.513363" lon="16.881671">
				<ele>89.605881</ele>
			</trkpt>
			<trkpt lat="51.513441" lon="16.881447">
				<ele>89.790886</ele>
			</trkpt>
			<trkpt lat="51.513575" lon="16.881042">
				<ele>89.602104</ele>
			</trkpt>
			<trkpt lat="51.513620" lon="16.880925">
				<ele>89.600021</ele>
			</trkpt>
			<trkpt lat="51.513642" lon="16.880862">
				<ele>89.600021</ele>
			</trkpt>
			<trkpt lat="51.513682" lon="16.880808">
				<ele>89.584038</ele>
			</trkpt>
			<trkpt lat="51.513715" lon="16.880755">
				<ele>89.600014</ele>
			</trkpt>
			<trkpt lat="51.513749" lon="16.880718">
				<ele>89.600021</ele>
			</trkpt>
			<trkpt lat="51.513788" lon="16.880692">
				<ele>89.600029</ele>
			</trkpt>
			<trkpt lat="51.513832" lon="16.880665">
				<ele>89.582672</ele>
			</trkpt>
			<trkpt lat="51.513877" lon="16.880638">
				<ele>89.554779</ele>
			</trkpt>
			<trkpt lat="51.513928" lon="16.880629">
				<ele>89.415047</ele>
			</trkpt>
			<trkpt lat="51.513989" lon="16.880619">
				<ele>89.400009</ele>
			</trkpt>
			<trkpt lat="51.514039" lon="16.880629">
				<ele>89.303314</ele>
			</trkpt>
			<trkpt lat="51.514123" lon="16.880638">
				<ele>89.066849</ele>
			</trkpt>
			<trkpt lat="51.514224" lon="16.880647">
				<ele>89.000015</ele>
			</trkpt>
			<trkpt lat="51.515029" lon="16.880898">
				<ele>89.400009</ele>
			</trkpt>
			<trkpt lat="51.515392" lon="16.881024">
				<ele>89.799995</ele>
			</trkpt>
			<trkpt lat="51.515426" lon="16.881042">
				<ele>89.800003</ele>
			</trkpt>
			<trkpt lat="51.515465" lon="16.881051">
				<ele>89.800003</ele>
			</trkpt>
			<trkpt lat="51.515772" lon="16.881221">
				<ele>89.999245</ele>
			</trkpt>
			<trkpt lat="51.520926" lon="16.883531">
				<ele>89.267090</ele>
			</trkpt>
			<trkpt lat="51.520982" lon="16.883548">
				<ele>89.353554</ele>
			</trkpt>
			<trkpt lat="51.521032" lon="16.883512">
				<ele>89.346329</ele>
			</trkpt>
			<trkpt lat="51.522116" lon="16.882416">
				<ele>89.400009</ele>
			</trkpt>
			<trkpt lat="51.522832" lon="16.881689">
				<ele>89.400009</ele>
			</trkpt>
			<trkpt lat="51.523240" lon="16.881267">
				<ele>89.385345</ele>
			</trkpt>
			<trkpt lat="51.523665" lon="16.880854">
				<ele>89.578369</ele>
			</trkpt>
			<trkpt lat="51.524028" lon="16.880548">
				<ele>89.375580</ele>
			</trkpt>
			<trkpt lat="51.524325" lon="16.880332">
				<ele>89.313705</ele>
			</trkpt>
			<trkpt lat="51.525068" lon="16.879847">
				<ele>89.400002</ele>
			</trkpt>
			<trkpt lat="51.525672" lon="16.879461">
				<ele>89.303810</ele>
			</trkpt>
			<trkpt lat="51.526521" lon="16.878913">
				<ele>89.303864</ele>
			</trkpt>
			<trkpt lat="51.527292" lon="16.878418">
				<ele>89.199997</ele>
			</trkpt>
			<trkpt lat="51.527784" lon="16.878095">
				<ele>89.376442</ele>
			</trkpt>
			<trkpt lat="51.528203" lon="16.877826">
				<ele>89.545326</ele>
			</trkpt>
			<trkpt lat="51.528595" lon="16.877610">
				<ele>89.285767</ele>
			</trkpt>
			<trkpt lat="51.528930" lon="16.877439">
				<ele>89.258286</ele>
			</trkpt>
			<trkpt lat="51.529611" lon="16.877152">
				<ele>89.282463</ele>
			</trkpt>
			<trkpt lat="51.530020" lon="16.877000">
				<ele>89.299950</ele>
			</trkpt>
			<trkpt lat="51.530606" lon="16.876766">
				<ele>89.471100</ele>
			</trkpt>
			<trkpt lat="51.531495" lon="16.876407">
				<ele>89.414200</ele>
			</trkpt>
			<trkpt lat="51.532791" lon="16.875885">
				<ele>89.038445</ele>
			</trkpt>
			<trkpt lat="51.534708" lon="16.875105">
				<ele>89.554985</ele>
			</trkpt>
			<trkpt lat="51.535021" lon="16.874979">
				<ele>87.445175</ele>
			</trkpt>
			<trkpt lat="51.536177" lon="16.874520">
				<ele>88.843079</ele>
			</trkpt>
			<trkpt lat="51.536205" lon="16.874512">
				<ele>88.785149</ele>
			</trkpt>
			<trkpt lat="51.536569" lon="16.874359">
				<ele>88.882370</ele>
			</trkpt>
			<trkpt lat="51.538167" lon="16.873703">
				<ele>90.843384</ele>
			</trkpt>
			<trkpt lat="51.538301" lon="16.873650">
				<ele>90.996750</ele>
			</trkpt>
			<trkpt lat="51.538871" lon="16.873424">
				<ele>88.984474</ele>
			</trkpt>
			<trkpt lat="51.539843" lon="16.873029">
				<ele>89.744705</ele>
			</trkpt>
			<trkpt lat="51.540502" lon="16.872759">
				<ele>89.847115</ele>
			</trkpt>
			<trkpt lat="51.540620" lon="16.872715">
				<ele>89.970741</ele>
			</trkpt>
			<trkpt lat="51.541368" lon="16.872445">
				<ele>90.528526</ele>
			</trkpt>
			<trkpt lat="51.541525" lon="16.872418">
				<ele>90.609154</ele>
			</trkpt>
			<trkpt lat="51.541625" lon="16.872409">
				<ele>90.662903</ele>
			</trkpt>
			<trkpt lat="51.541737" lon="16.872409">
				<ele>90.830627</ele>
			</trkpt>
			<trkpt lat="51.541938" lon="16.872418">
				<ele>90.922806</ele>
			</trkpt>
			<trkpt lat="51.542016" lon="16.872418">
				<ele>91.131897</ele>
			</trkpt>
			<trkpt lat="51.542122" lon="16.872445">
				<ele>91.219025</ele>
			</trkpt>
			<trkpt lat="51.542793" lon="16.872652">
				<ele>92.069489</ele>
			</trkpt>
			<trkpt lat="51.542905" lon="16.872669">
				<ele>92.116318</ele>
			</trkpt>
			<trkpt lat="51.543033" lon="16.872669">
				<ele>92.398590</ele>
			</trkpt>
			<trkpt lat="51.543140" lon="16.872688">
				<ele>92.400009</ele>
			</trkpt>
			<trkpt lat="51.543195" lon="16.872705">
				<ele>92.400009</ele>
			</trkpt>
			<trkpt lat="51.543256" lon="16.872751">
				<ele>92.407562</ele>
			</trkpt>
			<trkpt lat="51.543351" lon="16.872831">
				<ele>92.419464</ele>
			</trkpt>
			<trkpt lat="51.543396" lon="16.872894">
				<ele>92.439445</ele>
			</trkpt>
			<trkpt lat="51.543430" lon="16.872939">
				<ele>92.632919</ele>
			</trkpt>
			<trkpt lat="51.543497" lon="16.873047">
				<ele>93.014694</ele>
			</trkpt>
			<trkpt lat="51.543592" lon="16.873137">
				<ele>93.180244</ele>
			</trkpt>
			<trkpt lat="51.543704" lon="16.873191">
				<ele>93.064987</ele>
			</trkpt>
			<trkpt lat="51.543816" lon="16.873218">
				<ele>93.199997</ele>
			</trkpt>
			<trkpt lat="51.544162" lon="16.873208">
				<ele>93.019775</ele>
			</trkpt>
			<trkpt lat="51.544396" lon="16.873235">
				<ele>93.199997</ele>
			</trkpt>
			<trkpt lat="51.544564" lon="16.873271">
				<ele>93.199997</ele>
			</trkpt>
			<trkpt lat="51.545513" lon="16.873604">
				<ele>93.056442</ele>
			</trkpt>
			<trkpt lat="51.545932" lon="16.873703">
				<ele>93.186775</ele>
			</trkpt>
			<trkpt lat="51.546106" lon="16.873711">
				<ele>93.199997</ele>
			</trkpt>
			<trkpt lat="51.546251" lon="16.873684">
				<ele>93.259850</ele>
			</trkpt>
			<trkpt lat="51.546457" lon="16.873631">
				<ele>93.402313</ele>
			</trkpt>
			<trkpt lat="51.546665" lon="16.873568">
				<ele>93.599838</ele>
			</trkpt>
			<trkpt lat="51.546888" lon="16.873442">
				<ele>94.033783</ele>
			</trkpt>
			<trkpt lat="51.548128" lon="16.872445">
				<ele>95.000008</ele>
			</trkpt>
			<trkpt lat="51.549061" lon="16.871690">
				<ele>95.594841</ele>
			</trkpt>
			<trkpt lat="51.549117" lon="16.871646">
				<ele>95.600021</ele>
			</trkpt>
			<trkpt lat="51.549295" lon="16.871502">
				<ele>95.637444</ele>
			</trkpt>
			<trkpt lat="51.549496" lon="16.871386">
				<ele>95.800003</ele>
			</trkpt>
			<trkpt lat="51.549580" lon="16.871331">
				<ele>95.743271</ele>
			</trkpt>
			<trkpt lat="51.549614" lon="16.871323">
				<ele>95.771942</ele>
			</trkpt>
			<trkpt lat="51.549642" lon="16.871313">
				<ele>95.800003</ele>
			</trkpt>
			<trkpt lat="51.549675" lon="16.871313">
				<ele>95.800011</ele>
			</trkpt>
			<trkpt lat="51.549698" lon="16.871323">
				<ele>95.800003</ele>
			</trkpt>
			<trkpt lat="51.549714" lon="16.871340">
				<ele>95.804520</ele>
			</trkpt>
			<trkpt lat="51.549743" lon="16.871367">
				<ele>95.754807</ele>
			</trkpt>
			<trkpt lat="51.549776" lon="16.871376">
				<ele>95.689453</ele>
			</trkpt>
			<trkpt lat="51.549815" lon="16.871376">
				<ele>95.797142</ele>
			</trkpt>
			<trkpt lat="51.549838" lon="16.871403">
				<ele>95.711151</ele>
			</trkpt>
			<trkpt lat="51.549860" lon="16.871430">
				<ele>95.621338</ele>
			</trkpt>
			<trkpt lat="51.549877" lon="16.871466">
				<ele>95.572968</ele>
			</trkpt>
			<trkpt lat="51.549904" lon="16.871547">
				<ele>95.557251</ele>
			</trkpt>
			<trkpt lat="51.549927" lon="16.871619">
				<ele>95.365471</ele>
			</trkpt>
			<trkpt lat="51.550044" lon="16.871924">
				<ele>95.354942</ele>
			</trkpt>
			<trkpt lat="51.550508" lon="16.873684">
				<ele>96.400009</ele>
			</trkpt>
			<trkpt lat="51.550541" lon="16.873910">
				<ele>96.400009</ele>
			</trkpt>
			<trkpt lat="51.550580" lon="16.874097">
				<ele>96.437592</ele>
			</trkpt>
			<trkpt lat="51.550580" lon="16.874143">
				<ele>96.459778</ele>
			</trkpt>
			<trkpt lat="51.550580" lon="16.874215">
				<ele>96.459785</ele>
			</trkpt>
			<trkpt lat="51.550558" lon="16.874269">
				<ele>96.409225</ele>
			</trkpt>
			<trkpt lat="51.550541" lon="16.874332">
				<ele>96.542244</ele>
			</trkpt>
			<trkpt lat="51.550536" lon="16.874394">
				<ele>96.541557</ele>
			</trkpt>
			<trkpt lat="51.550536" lon="16.874439">
				<ele>96.567215</ele>
			</trkpt>
			<trkpt lat="51.550541" lon="16.874493">
				<ele>96.600014</ele>
			</trkpt>
			<trkpt lat="51.550547" lon="16.874520">
				<ele>96.600021</ele>
			</trkpt>
			<trkpt lat="51.550569" lon="16.874574">
				<ele>96.600021</ele>
			</trkpt>
			<trkpt lat="51.550603" lon="16.874629">
				<ele>96.587708</ele>
			</trkpt>
			<trkpt lat="51.550620" lon="16.874646">
				<ele>96.539322</ele>
			</trkpt>
			<trkpt lat="51.550647" lon="16.874663">
				<ele>96.498863</ele>
			</trkpt>
			<trkpt lat="51.550681" lon="16.874682">
				<ele>96.451981</ele>
			</trkpt>
			<trkpt lat="51.550720" lon="16.874682">
				<ele>96.516884</ele>
			</trkpt>
			<trkpt lat="51.550737" lon="16.874692">
				<ele>96.506134</ele>
			</trkpt>
			<trkpt lat="51.550759" lon="16.874709">
				<ele>96.481865</ele>
			</trkpt>
			<trkpt lat="51.550793" lon="16.874753">
				<ele>96.312645</ele>
			</trkpt>
			<trkpt lat="51.550882" lon="16.874906">
				<ele>96.506508</ele>
			</trkpt>
			<trkpt lat="51.551022" lon="16.875086">
				<ele>96.557861</ele>
			</trkpt>
			<trkpt lat="51.551122" lon="16.875221">
				<ele>96.600029</ele>
			</trkpt>
			<trkpt lat="51.551256" lon="16.875382">
				<ele>96.800003</ele>
			</trkpt>
			<trkpt lat="51.551385" lon="16.875491">
				<ele>96.847382</ele>
			</trkpt>
			<trkpt lat="51.551536" lon="16.875608">
				<ele>96.957748</ele>
			</trkpt>
			<trkpt lat="51.551619" lon="16.875652">
				<ele>96.891075</ele>
			</trkpt>
			<trkpt lat="51.551759" lon="16.875724">
				<ele>96.559563</ele>
			</trkpt>
			<trkpt lat="51.552245" lon="16.875895">
				<ele>95.240463</ele>
			</trkpt>
			<trkpt lat="51.553150" lon="16.876200">
				<ele>96.704498</ele>
			</trkpt>
			<trkpt lat="51.554870" lon="16.876793">
				<ele>96.141281</ele>
			</trkpt>
			<trkpt lat="51.557495" lon="16.877692">
				<ele>97.058578</ele>
			</trkpt>
			<trkpt lat="51.557601" lon="16.877728">
				<ele>97.046768</ele>
			</trkpt>
			<trkpt lat="51.559947" lon="16.878535">
				<ele>97.851074</ele>
			</trkpt>
			<trkpt lat="51.560254" lon="16.878634">
				<ele>98.000015</ele>
			</trkpt>
			<trkpt lat="51.560824" lon="16.878832">
				<ele>98.400009</ele>
			</trkpt>
			<trkpt lat="51.562158" lon="16.879290">
				<ele>98.400009</ele>
			</trkpt>
			<trkpt lat="51.562979" lon="16.879560">
				<ele>97.563873</ele>
			</trkpt>
			<trkpt lat="51.563795" lon="16.879839">
				<ele>97.194550</ele>
			</trkpt>
			<trkpt lat="51.564219" lon="16.879982">
				<ele>97.000015</ele>
			</trkpt>
			<trkpt lat="51.564342" lon="16.880009">
				<ele>97.199997</ele>
			</trkpt>
			<trkpt lat="51.564716" lon="16.880072">
				<ele>97.199997</ele>
			</trkpt>
			<trkpt lat="51.564922" lon="16.880089">
				<ele>97.193214</ele>
			</trkpt>
			<trkpt lat="51.565202" lon="16.880081">
				<ele>96.759094</ele>
			</trkpt>
			<trkpt lat="51.565425" lon="16.880063">
				<ele>96.674965</ele>
			</trkpt>
			<trkpt lat="51.568714" lon="16.879560">
				<ele>96.305710</ele>
			</trkpt>
			<trkpt lat="51.569111" lon="16.879487">
				<ele>96.286163</ele>
			</trkpt>
			<trkpt lat="51.569262" lon="16.879452">
				<ele>96.388283</ele>
			</trkpt>
			<trkpt lat="51.569339" lon="16.879434">
				<ele>96.436653</ele>
			</trkpt>
			<trkpt lat="51.569624" lon="16.879326">
				<ele>96.457024</ele>
			</trkpt>
			<trkpt lat="51.569898" lon="16.879200">
				<ele>96.697716</ele>
			</trkpt>
			<trkpt lat="51.570155" lon="16.879047">
				<ele>96.800011</ele>
			</trkpt>
			<trkpt lat="51.570289" lon="16.878967">
				<ele>96.800003</ele>
			</trkpt>
			<trkpt lat="51.570591" lon="16.878770">
				<ele>96.800003</ele>
			</trkpt>
			<trkpt lat="51.572366" lon="16.877592">
				<ele>97.199997</ele>
			</trkpt>
			<trkpt lat="51.572679" lon="16.877386">
				<ele>97.199997</ele>
			</trkpt>
			<trkpt lat="51.572913" lon="16.877197">
				<ele>97.336754</ele>
			</trkpt>
			<trkpt lat="51.573064" lon="16.877072">
				<ele>97.303856</ele>
			</trkpt>
			<trkpt lat="51.573209" lon="16.876927">
				<ele>97.400009</ele>
			</trkpt>
			<trkpt lat="51.573477" lon="16.876650">
				<ele>97.189293</ele>
			</trkpt>
			<trkpt lat="51.573723" lon="16.876344">
				<ele>97.000023</ele>
			</trkpt>
			<trkpt lat="51.573907" lon="16.876084">
				<ele>96.909416</ele>
			</trkpt>
			<trkpt lat="51.574096" lon="16.875795">
				<ele>96.635323</ele>
			</trkpt>
			<trkpt lat="51.574158" lon="16.875948">
				<ele>96.701691</ele>
			</trkpt>
			<trkpt lat="51.574270" lon="16.876147">
				<ele>96.610062</ele>
			</trkpt>
			<trkpt lat="51.574342" lon="16.876227">
				<ele>96.800003</ele>
			</trkpt>
			<trkpt lat="51.574398" lon="16.876263">
				<ele>96.774300</ele>
			</trkpt>
			<trkpt lat="51.574448" lon="16.876271">
				<ele>96.662498</ele>
			</trkpt>
			<trkpt lat="51.574493" lon="16.876263">
				<ele>96.600021</ele>
			</trkpt>
			<trkpt lat="51.575029" lon="16.876092">
				<ele>96.200005</ele>
			</trkpt>
			<trkpt lat="51.575191" lon="16.876047">
				<ele>96.171394</ele>
			</trkpt>
			<trkpt lat="51.575274" lon="16.876057">
				<ele>96.000015</ele>
			</trkpt>
			<trkpt lat="51.575397" lon="16.876084">
				<ele>96.000015</ele>
			</trkpt>
			<trkpt lat="51.576419" lon="16.876443">
				<ele>95.649338</ele>
			</trkpt>
			<trkpt lat="51.576648" lon="16.876506">
				<ele>95.600029</ele>
			</trkpt>
			<trkpt lat="51.576793" lon="16.876514">
				<ele>95.400009</ele>
			</trkpt>
			<trkpt lat="51.577028" lon="16.876389">
				<ele>95.180405</ele>
			</trkpt>
			<trkpt lat="51.579038" lon="16.874852">
				<ele>95.199997</ele>
			</trkpt>
			<trkpt lat="51.579439" lon="16.874539">
				<ele>95.585480</ele>
			</trkpt>
			<trkpt lat="51.579461" lon="16.874520">
				<ele>95.600021</ele>
			</trkpt>
			<trkpt lat="51.582107" lon="16.872436">
				<ele>93.955399</ele>
			</trkpt>
			<trkpt lat="51.582174" lon="16.872319">
				<ele>93.840927</ele>
			</trkpt>
			<trkpt lat="51.582203" lon="16.872202">
				<ele>93.767632</ele>
			</trkpt>
			<trkpt lat="51.582203" lon="16.872023">
				<ele>93.869568</ele>
			</trkpt>
			<trkpt lat="51.582197" lon="16.871906">
				<ele>94.199997</ele>
			</trkpt>
			<trkpt lat="51.582543" lon="16.871816">
				<ele>93.962929</ele>
			</trkpt>
			<trkpt lat="51.582839" lon="16.871709">
				<ele>94.199432</ele>
			</trkpt>
			<trkpt lat="51.583084" lon="16.871592">
				<ele>94.199997</ele>
			</trkpt>
			<trkpt lat="51.583336" lon="16.871447">
				<ele>94.255287</ele>
			</trkpt>
			<trkpt lat="51.583536" lon="16.871304">
				<ele>94.252213</ele>
			</trkpt>
			<trkpt lat="51.584184" lon="16.870801">
				<ele>94.346268</ele>
			</trkpt>
			<trkpt lat="51.586272" lon="16.869166">
				<ele>94.600014</ele>
			</trkpt>
			<trkpt lat="51.586506" lon="16.868977">
				<ele>94.704590</ele>
			</trkpt>
			<trkpt lat="51.586903" lon="16.868673">
				<ele>94.800003</ele>
			</trkpt>
			<trkpt lat="51.587204" lon="16.868438">
				<ele>94.600021</ele>
			</trkpt>
			<trkpt lat="51.587723" lon="16.868025">
				<ele>94.405373</ele>
			</trkpt>
			<trkpt lat="51.588828" lon="16.867145">
				<ele>94.400009</ele>
			</trkpt>
			<trkpt lat="51.589190" lon="16.866866">
				<ele>94.410805</ele>
			</trkpt>
			<trkpt lat="51.589319" lon="16.866768">
				<ele>94.414200</ele>
			</trkpt>
			<trkpt lat="51.589297" lon="16.866696">
				<ele>94.267632</ele>
			</trkpt>
			<trkpt lat="51.590502" lon="16.865734">
				<ele>93.958939</ele>
			</trkpt>
			<trkpt lat="51.591094" lon="16.865250">
				<ele>93.793816</ele>
			</trkpt>
			<trkpt lat="51.591133" lon="16.865222">
				<ele>93.718575</ele>
			</trkpt>
			<trkpt lat="51.591155" lon="16.865160">
				<ele>93.542664</ele>
			</trkpt>
			<trkpt lat="51.591183" lon="16.865105">
				<ele>93.470383</ele>
			</trkpt>
			<trkpt lat="51.591859" lon="16.864576">
				<ele>93.586029</ele>
			</trkpt>
			<trkpt lat="51.591942" lon="16.864478">
				<ele>93.609413</ele>
			</trkpt>
			<trkpt lat="51.592874" lon="16.863803">
				<ele>93.532867</ele>
			</trkpt>
			<trkpt lat="51.593583" lon="16.863247">
				<ele>93.600021</ele>
			</trkpt>
			<trkpt lat="51.593644" lon="16.863166">
				<ele>93.600021</ele>
			</trkpt>
			<trkpt lat="51.593806" lon="16.863031">
				<ele>93.543381</ele>
			</trkpt>
			<trkpt lat="51.593890" lon="16.862968">
				<ele>93.366028</ele>
			</trkpt>
			<trkpt lat="51.594041" lon="16.862770">
				<ele>93.242508</ele>
			</trkpt>
			<trkpt lat="51.594091" lon="16.862698">
				<ele>93.460999</ele>
			</trkpt>
			<trkpt lat="51.594158" lon="16.862581">
				<ele>93.329468</ele>
			</trkpt>
			<trkpt lat="51.594219" lon="16.862501">
				<ele>93.269211</ele>
			</trkpt>
			<trkpt lat="51.594281" lon="16.862447">
				<ele>93.296432</ele>
			</trkpt>
			<trkpt lat="51.594353" lon="16.862402">
				<ele>93.397354</ele>
			</trkpt>
			<trkpt lat="51.594560" lon="16.862331">
				<ele>93.202454</ele>
			</trkpt>
			<trkpt lat="51.594744" lon="16.862321">
				<ele>93.532951</ele>
			</trkpt>
			<trkpt lat="51.594810" lon="16.862312">
				<ele>93.819443</ele>
			</trkpt>
			<trkpt lat="51.594861" lon="16.862304">
				<ele>94.008240</ele>
			</trkpt>
			<trkpt lat="51.594906" lon="16.862276">
				<ele>93.979271</ele>
			</trkpt>
			<trkpt lat="51.594950" lon="16.862231">
				<ele>93.824249</ele>
			</trkpt>
			<trkpt lat="51.595028" lon="16.862178">
				<ele>93.542595</ele>
			</trkpt>
			<trkpt lat="51.595140" lon="16.862088">
				<ele>93.366058</ele>
			</trkpt>
			<trkpt lat="51.595497" lon="16.861818">
				<ele>93.711975</ele>
			</trkpt>
			<trkpt lat="51.597578" lon="16.860192">
				<ele>93.969307</ele>
			</trkpt>
			<trkpt lat="51.597601" lon="16.860174">
				<ele>93.973091</ele>
			</trkpt>
			<trkpt lat="51.598142" lon="16.859778">
				<ele>94.387619</ele>
			</trkpt>
			<trkpt lat="51.598176" lon="16.859707">
				<ele>94.373001</ele>
			</trkpt>
			<trkpt lat="51.598231" lon="16.859654">
				<ele>94.534233</ele>
			</trkpt>
			<trkpt lat="51.598276" lon="16.859618">
				<ele>94.523178</ele>
			</trkpt>
			<trkpt lat="51.598343" lon="16.859618">
				<ele>94.540825</ele>
			</trkpt>
			<trkpt lat="51.598694" lon="16.859312">
				<ele>94.634850</ele>
			</trkpt>
			<trkpt lat="51.598706" lon="16.859348">
				<ele>94.667084</ele>
			</trkpt>
			<trkpt lat="51.598722" lon="16.859402">
				<ele>94.762177</ele>
			</trkpt>
			<trkpt lat="51.598812" lon="16.859321">
				<ele>94.800003</ele>
			</trkpt>
			<trkpt lat="51.599057" lon="16.859123">
				<ele>95.068825</ele>
			</trkpt>
			<trkpt lat="51.599141" lon="16.859060">
				<ele>95.199997</ele>
			</trkpt>
			<trkpt lat="51.599202" lon="16.859015">
				<ele>95.256424</ele>
			</trkpt>
			<trkpt lat="51.599263" lon="16.858962">
				<ele>95.400017</ele>
			</trkpt>
			<trkpt lat="51.599325" lon="16.858916">
				<ele>95.400009</ele>
			</trkpt>
			<trkpt lat="51.599855" lon="16.858494">
				<ele>95.600021</ele>
			</trkpt>
			<trkpt lat="51.600090" lon="16.858314">
				<ele>95.768906</ele>
			</trkpt>
			<trkpt lat="51.601049" lon="16.857570">
				<ele>96.450500</ele>
			</trkpt>
			<trkpt lat="51.602121" lon="16.856742">
				<ele>96.900772</ele>
			</trkpt>
			<trkpt lat="51.602221" lon="16.856652">
				<ele>97.000008</ele>
			</trkpt>
			<trkpt lat="51.602366" lon="16.856518">
				<ele>97.000015</ele>
			</trkpt>
			<trkpt lat="51.602388" lon="16.856499">
				<ele>97.027008</ele>
			</trkpt>
			<trkpt lat="51.602427" lon="16.856482">
				<ele>97.069191</ele>
			</trkpt>
			<trkpt lat="51.602461" lon="16.856482">
				<ele>97.087616</ele>
			</trkpt>
			<trkpt lat="51.602561" lon="16.856491">
				<ele>97.037712</ele>
			</trkpt>
			<trkpt lat="51.602667" lon="16.856518">
				<ele>97.000015</ele>
			</trkpt>
			<trkpt lat="51.603047" lon="16.856599">
				<ele>97.000015</ele>
			</trkpt>
			<trkpt lat="51.603225" lon="16.856652">
				<ele>96.800003</ele>
			</trkpt>
			<trkpt lat="51.603236" lon="16.856652">
				<ele>96.799995</ele>
			</trkpt>
			<trkpt lat="51.603543" lon="16.856734">
				<ele>96.703415</ele>
			</trkpt>
			<trkpt lat="51.603672" lon="16.856761">
				<ele>96.600021</ele>
			</trkpt>
			<trkpt lat="51.603744" lon="16.856778">
				<ele>96.600021</ele>
			</trkpt>
			<trkpt lat="51.603839" lon="16.856796">
				<ele>96.600021</ele>
			</trkpt>
			<trkpt lat="51.604012" lon="16.856841">
				<ele>96.609688</ele>
			</trkpt>
			<trkpt lat="51.604905" lon="16.857048">
				<ele>97.083824</ele>
			</trkpt>
			<trkpt lat="51.605853" lon="16.857264">
				<ele>97.804733</ele>
			</trkpt>
			<trkpt lat="51.606054" lon="16.857300">
				<ele>97.829636</ele>
			</trkpt>
			<trkpt lat="51.606076" lon="16.856671">
				<ele>97.800003</ele>
			</trkpt>
			<trkpt lat="51.606182" lon="16.856679">
				<ele>97.665230</ele>
			</trkpt>
			<trkpt lat="51.606288" lon="16.856698">
				<ele>97.564255</ele>
			</trkpt>
			<trkpt lat="51.606428" lon="16.856734">
				<ele>97.422394</ele>
			</trkpt>
			<trkpt lat="51.606467" lon="16.856734">
				<ele>97.538872</ele>
			</trkpt>
			<trkpt lat="51.606517" lon="16.856742">
				<ele>97.600021</ele>
			</trkpt>
			<trkpt lat="51.606556" lon="16.856752">
				<ele>97.600021</ele>
			</trkpt>
			<trkpt lat="51.607287" lon="16.856886">
				<ele>97.819977</ele>
			</trkpt>
			<trkpt lat="51.607332" lon="16.856895">
				<ele>97.808037</ele>
			</trkpt>
			<trkpt lat="51.607376" lon="16.856904">
				<ele>97.800003</ele>
			</trkpt>
			<trkpt lat="51.607973" lon="16.857021">
				<ele>98.200005</ele>
			</trkpt>
			<trkpt lat="51.608062" lon="16.857039">
				<ele>98.199997</ele>
			</trkpt>
			<trkpt lat="51.608431" lon="16.857111">
				<ele>98.261169</ele>
			</trkpt>
			<trkpt lat="51.608492" lon="16.857128">
				<ele>98.309540</ele>
			</trkpt>
			<trkpt lat="51.608548" lon="16.857147">
				<ele>98.363297</ele>
			</trkpt>
			<trkpt lat="51.608587" lon="16.857155">
				<ele>98.286339</ele>
			</trkpt>
			<trkpt lat="51.608587" lon="16.857210">
				<ele>98.434097</ele>
			</trkpt>
			<trkpt lat="51.608559" lon="16.857533">
				<ele>98.568710</ele>
			</trkpt>
			<trkpt lat="51.608598" lon="16.857542">
				<ele>98.461205</ele>
			</trkpt>
			<trkpt lat="51.608681" lon="16.857560">
				<ele>98.400009</ele>
			</trkpt>
			<trkpt lat="51.608681" lon="16.857507">
				<ele>98.400017</ele>
			</trkpt>
			<trkpt lat="51.608693" lon="16.857488">
				<ele>98.400009</ele>
			</trkpt>
			<trkpt lat="51.608698" lon="16.857470">
				<ele>98.400009</ele>
			</trkpt>
			<trkpt lat="51.608715" lon="16.857461">
				<ele>98.400009</ele>
			</trkpt>
			<trkpt lat="51.608726" lon="16.857452">
				<ele>98.400009</ele>
			</trkpt>
			<trkpt lat="51.608871" lon="16.857480">
				<ele>98.712723</ele>
			</trkpt>
			<trkpt lat="51.608871" lon="16.857480">
				<ele>98.712723</ele>
			</trkpt>
			<trkpt lat="51.609022" lon="16.857507">
				<ele>98.973694</ele>
			</trkpt>
			<trkpt lat="51.609039" lon="16.857507">
				<ele>98.973694</ele>
			</trkpt>
			<trkpt lat="51.609056" lon="16.857497">
				<ele>98.952194</ele>
			</trkpt>
			<trkpt lat="51.609066" lon="16.857480">
				<ele>98.898445</ele>
			</trkpt>
			<trkpt lat="51.609072" lon="16.857461">
				<ele>98.850067</ele>
			</trkpt>
			<trkpt lat="51.609078" lon="16.857444">
				<ele>98.796318</ele>
			</trkpt>
			<trkpt lat="51.609078" lon="16.857434">
				<ele>98.769455</ele>
			</trkpt>
			<trkpt lat="51.609083" lon="16.857237">
				<ele>98.600021</ele>
			</trkpt>
			<trkpt lat="51.609056" lon="16.857237">
				<ele>98.600021</ele>
			</trkpt>
			<trkpt lat="51.608587" lon="16.857155">
				<ele>98.286339</ele>
			</trkpt>
			<trkpt lat="51.608587" lon="16.857210">
				<ele>98.434097</ele>
			</trkpt>
			<trkpt lat="51.608559" lon="16.857533">
				<ele>98.568710</ele>
			</trkpt>
			<trkpt lat="51.608514" lon="16.858063">
				<ele>98.697685</ele>
			</trkpt>
			<trkpt lat="51.608481" lon="16.858459">
				<ele>98.660896</ele>
			</trkpt>
			<trkpt lat="51.609000" lon="16.858557">
				<ele>99.082230</ele>
			</trkpt>
			<trkpt lat="51.609033" lon="16.858566">
				<ele>99.028999</ele>
			</trkpt>
			<trkpt lat="51.609451" lon="16.858647">
				<ele>99.437729</ele>
			</trkpt>
			<trkpt lat="51.609496" lon="16.858665">
				<ele>99.324471</ele>
			</trkpt>
			<trkpt lat="51.609998" lon="16.858736">
				<ele>99.156555</ele>
			</trkpt>
			<trkpt lat="51.610110" lon="16.858755">
				<ele>99.093933</ele>
			</trkpt>
			<trkpt lat="51.610723" lon="16.858862">
				<ele>98.872208</ele>
			</trkpt>
			<trkpt lat="51.611632" lon="16.859052">
				<ele>98.726967</ele>
			</trkpt>
			<trkpt lat="51.611700" lon="16.858297">
				<ele>98.722397</ele>
			</trkpt>
			<trkpt lat="51.611738" lon="16.857830">
				<ele>98.404175</ele>
			</trkpt>
			<trkpt lat="51.611744" lon="16.857820">
				<ele>98.395409</ele>
			</trkpt>
			<trkpt lat="51.611750" lon="16.857713">
				<ele>98.337097</ele>
			</trkpt>
			<trkpt lat="51.611822" lon="16.857731">
				<ele>98.201271</ele>
			</trkpt>
			<trkpt lat="51.611917" lon="16.857748">
				<ele>98.256226</ele>
			</trkpt>
			<trkpt lat="51.611917" lon="16.857784">
				<ele>98.358353</ele>
			</trkpt>
			<trkpt lat="51.611928" lon="16.857820">
				<ele>98.400002</ele>
			</trkpt>
			<trkpt lat="51.611951" lon="16.857847">
				<ele>98.400017</ele>
			</trkpt>
			<trkpt lat="51.611973" lon="16.857847">
				<ele>98.348488</ele>
			</trkpt>
			<trkpt lat="51.611995" lon="16.857838">
				<ele>98.283981</ele>
			</trkpt>
			<trkpt lat="51.612012" lon="16.857811">
				<ele>98.240982</ele>
			</trkpt>
			<trkpt lat="51.612023" lon="16.857776">
				<ele>98.205986</ele>
			</trkpt>
			<trkpt lat="51.612123" lon="16.857794">
				<ele>98.199997</ele>
			</trkpt>
			<trkpt lat="51.612664" lon="16.857937">
				<ele>98.002785</ele>
			</trkpt>
			<trkpt lat="51.612760" lon="16.857964">
				<ele>97.934235</ele>
			</trkpt>
			<trkpt lat="51.613044" lon="16.858054">
				<ele>97.600021</ele>
			</trkpt>
			<trkpt lat="51.613468" lon="16.858189">
				<ele>97.265930</ele>
			</trkpt>
			<trkpt lat="51.613669" lon="16.858252">
				<ele>97.199997</ele>
			</trkpt>
			<trkpt lat="51.613730" lon="16.858260">
				<ele>97.196701</ele>
			</trkpt>
			<trkpt lat="51.613970" lon="16.858333">
				<ele>97.199997</ele>
			</trkpt>
			<trkpt lat="51.614059" lon="16.858350">
				<ele>97.199997</ele>
			</trkpt>
			<trkpt lat="51.614394" lon="16.858432">
				<ele>97.199997</ele>
			</trkpt>
			<trkpt lat="51.615565" lon="16.858755">
				<ele>97.906166</ele>
			</trkpt>
			<trkpt lat="51.615616" lon="16.858763">
				<ele>97.915421</ele>
			</trkpt>
			<trkpt lat="51.615827" lon="16.858818">
				<ele>98.000008</ele>
			</trkpt>
			<trkpt lat="51.615933" lon="16.858845">
				<ele>97.997658</ele>
			</trkpt>
			<trkpt lat="51.616006" lon="16.858862">
				<ele>97.982193</ele>
			</trkpt>
			<trkpt lat="51.616658" lon="16.858979">
				<ele>98.199997</ele>
			</trkpt>
			<trkpt lat="51.616871" lon="16.859015">
				<ele>98.199997</ele>
			</trkpt>
			<trkpt lat="51.617066" lon="16.859052">
				<ele>98.199997</ele>
			</trkpt>
			<trkpt lat="51.617138" lon="16.859060">
				<ele>98.199997</ele>
			</trkpt>
			<trkpt lat="51.617216" lon="16.859088">
				<ele>98.204529</ele>
			</trkpt>
			<trkpt lat="51.617311" lon="16.859149">
				<ele>98.400009</ele>
			</trkpt>
			<trkpt lat="51.617350" lon="16.859178">
				<ele>98.400009</ele>
			</trkpt>
			<trkpt lat="51.617401" lon="16.859249">
				<ele>98.314102</ele>
			</trkpt>
			<trkpt lat="51.617434" lon="16.859294">
				<ele>98.243858</ele>
			</trkpt>
			<trkpt lat="51.617507" lon="16.859392">
				<ele>98.428574</ele>
			</trkpt>
			<trkpt lat="51.617557" lon="16.859474">
				<ele>98.763443</ele>
			</trkpt>
			<trkpt lat="51.617574" lon="16.859518">
				<ele>98.830818</ele>
			</trkpt>
			<trkpt lat="51.617568" lon="16.859581">
				<ele>98.820068</ele>
			</trkpt>
			<trkpt lat="51.617574" lon="16.859644">
				<ele>98.830826</ele>
			</trkpt>
			<trkpt lat="51.617590" lon="16.859707">
				<ele>98.884567</ele>
			</trkpt>
			<trkpt lat="51.617607" lon="16.859744">
				<ele>98.877899</ele>
			</trkpt>
			<trkpt lat="51.617629" lon="16.859770">
				<ele>98.845032</ele>
			</trkpt>
			<trkpt lat="51.617651" lon="16.859797">
				<ele>98.743469</ele>
			</trkpt>
			<trkpt lat="51.617673" lon="16.859805">
				<ele>98.689743</ele>
			</trkpt>
			<trkpt lat="51.617702" lon="16.859815">
				<ele>98.603745</ele>
			</trkpt>
			<trkpt lat="51.617724" lon="16.859815">
				<ele>98.600021</ele>
			</trkpt>
			<trkpt lat="51.617747" lon="16.859805">
				<ele>98.600021</ele>
			</trkpt>
			<trkpt lat="51.617769" lon="16.859788">
				<ele>98.600021</ele>
			</trkpt>
			<trkpt lat="51.617791" lon="16.859770">
				<ele>98.566719</ele>
			</trkpt>
			<trkpt lat="51.617841" lon="16.859824">
				<ele>98.511696</ele>
			</trkpt>
			<trkpt lat="51.617858" lon="16.859833">
				<ele>98.506363</ele>
			</trkpt>
			<trkpt lat="51.617885" lon="16.859860">
				<ele>98.491005</ele>
			</trkpt>
			<trkpt lat="51.617964" lon="16.859841">
				<ele>98.400009</ele>
			</trkpt>
			<trkpt lat="51.618087" lon="16.859815">
				<ele>98.564018</ele>
			</trkpt>
			<trkpt lat="51.618181" lon="16.859788">
				<ele>98.602547</ele>
			</trkpt>
			<trkpt lat="51.618282" lon="16.859761">
				<ele>98.726250</ele>
			</trkpt>
			<trkpt lat="51.618354" lon="16.859734">
				<ele>98.676582</ele>
			</trkpt>
			<trkpt lat="51.618399" lon="16.859744">
				<ele>98.777611</ele>
			</trkpt>
			<trkpt lat="51.618438" lon="16.859770">
				<ele>98.800003</ele>
			</trkpt>
			<trkpt lat="51.618466" lon="16.859797">
				<ele>98.828354</ele>
			</trkpt>
			<trkpt lat="51.618532" lon="16.859895">
				<ele>98.968315</ele>
			</trkpt>
			<trkpt lat="51.618555" lon="16.859931">
				<ele>99.009949</ele>
			</trkpt>
			<trkpt lat="51.618689" lon="16.860130">
				<ele>99.368881</ele>
			</trkpt>
			<trkpt lat="51.618761" lon="16.860228">
				<ele>99.600021</ele>
			</trkpt>
			<trkpt lat="51.618806" lon="16.860281">
				<ele>99.699333</ele>
			</trkpt>
			<trkpt lat="51.618862" lon="16.860327">
				<ele>99.858536</ele>
			</trkpt>
			<trkpt lat="51.618912" lon="16.860363">
				<ele>99.800003</ele>
			</trkpt>
			<trkpt lat="51.618979" lon="16.860390">
				<ele>99.799995</ele>
			</trkpt>
			<trkpt lat="51.619029" lon="16.860407">
				<ele>99.800003</ele>
			</trkpt>
			<trkpt lat="51.619102" lon="16.860407">
				<ele>99.941109</ele>
			</trkpt>
			<trkpt lat="51.619224" lon="16.860407">
				<ele>100.000015</ele>
			</trkpt>
			<trkpt lat="51.619330" lon="16.860398">
				<ele>100.186020</ele>
			</trkpt>
			<trkpt lat="51.619386" lon="16.860390">
				<ele>100.199997</ele>
			</trkpt>
			<trkpt lat="51.619431" lon="16.860371">
				<ele>100.265495</ele>
			</trkpt>
			<trkpt lat="51.619458" lon="16.860363">
				<ele>100.340744</ele>
			</trkpt>
			<trkpt lat="51.619487" lon="16.860354">
				<ele>100.398003</ele>
			</trkpt>
			<trkpt lat="51.619537" lon="16.860318">
				<ele>100.382500</ele>
			</trkpt>
			<trkpt lat="51.619721" lon="16.860220">
				<ele>100.600021</ele>
			</trkpt>
			<trkpt lat="51.620039" lon="16.860048">
				<ele>100.225441</ele>
			</trkpt>
			<trkpt lat="51.620117" lon="16.860004">
				<ele>100.199722</ele>
			</trkpt>
			<trkpt lat="51.620151" lon="16.859994">
				<ele>100.102982</ele>
			</trkpt>
			<trkpt lat="51.620167" lon="16.859994">
				<ele>100.059998</ele>
			</trkpt>
			<trkpt lat="51.620223" lon="16.859985">
				<ele>100.020050</ele>
			</trkpt>
			<trkpt lat="51.620289" lon="16.859994">
				<ele>100.012726</ele>
			</trkpt>
			<trkpt lat="51.620368" lon="16.860012">
				<ele>100.109711</ele>
			</trkpt>
			<trkpt lat="51.620524" lon="16.860067">
				<ele>100.199997</ele>
			</trkpt>
			<trkpt lat="51.621349" lon="16.860390">
				<ele>100.400009</ele>
			</trkpt>
			<trkpt lat="51.622359" lon="16.860786">
				<ele>100.199989</ele>
			</trkpt>
			<trkpt lat="51.624221" lon="16.861558">
				<ele>99.600014</ele>
			</trkpt>
			<trkpt lat="51.624857" lon="16.861836">
				<ele>99.199997</ele>
			</trkpt>
			<trkpt lat="51.625654" lon="16.862195">
				<ele>98.810226</ele>
			</trkpt>
			<trkpt lat="51.626776" lon="16.862797">
				<ele>98.199997</ele>
			</trkpt>
			<trkpt lat="51.627662" lon="16.863426">
				<ele>97.338531</ele>
			</trkpt>
			<trkpt lat="51.628036" lon="16.863686">
				<ele>96.879517</ele>
			</trkpt>
			<trkpt lat="51.628153" lon="16.863732">
				<ele>96.751923</ele>
			</trkpt>
			<trkpt lat="51.628276" lon="16.863749">
				<ele>96.407967</ele>
			</trkpt>
			<trkpt lat="51.628415" lon="16.863740">
				<ele>96.220993</ele>
			</trkpt>
			<trkpt lat="51.628538" lon="16.863704">
				<ele>96.000015</ele>
			</trkpt>
			<trkpt lat="51.628666" lon="16.863642">
				<ele>95.820488</ele>
			</trkpt>
			<trkpt lat="51.628795" lon="16.863543">
				<ele>95.746124</ele>
			</trkpt>
			<trkpt lat="51.628911" lon="16.863436">
				<ele>95.600029</ele>
			</trkpt>
			<trkpt lat="51.629196" lon="16.863193">
				<ele>95.200012</ele>
			</trkpt>
			<trkpt lat="51.629207" lon="16.863237">
				<ele>95.185242</ele>
			</trkpt>
			<trkpt lat="51.629246" lon="16.863210">
				<ele>95.077759</ele>
			</trkpt>
			<trkpt lat="51.629268" lon="16.863166">
				<ele>95.008301</ele>
			</trkpt>
			<trkpt lat="51.629279" lon="16.863120">
				<ele>95.000015</ele>
			</trkpt>
			<trkpt lat="51.629597" lon="16.862824">
				<ele>94.757561</ele>
			</trkpt>
			<trkpt lat="51.630596" lon="16.861944">
				<ele>98.124023</ele>
			</trkpt>
			<trkpt lat="51.630980" lon="16.861648">
				<ele>99.222504</ele>
			</trkpt>
			<trkpt lat="51.631153" lon="16.861522">
				<ele>99.589729</ele>
			</trkpt>
			<trkpt lat="51.631292" lon="16.861432">
				<ele>98.296906</ele>
			</trkpt>
			<trkpt lat="51.631510" lon="16.861297">
				<ele>94.227310</ele>
			</trkpt>
			<trkpt lat="51.631699" lon="16.861189">
				<ele>94.165878</ele>
			</trkpt>
			<trkpt lat="51.631939" lon="16.861046">
				<ele>99.289078</ele>
			</trkpt>
			<trkpt lat="51.632140" lon="16.860947">
				<ele>98.136047</ele>
			</trkpt>
			<trkpt lat="51.632369" lon="16.860839">
				<ele>98.071159</ele>
			</trkpt>
			<trkpt lat="51.633484" lon="16.860354">
				<ele>94.399261</ele>
			</trkpt>
			<trkpt lat="51.633785" lon="16.860220">
				<ele>94.400002</ele>
			</trkpt>
			<trkpt lat="51.634972" lon="16.859715">
				<ele>93.600029</ele>
			</trkpt>
			<trkpt lat="51.636149" lon="16.859195">
				<ele>93.600021</ele>
			</trkpt>
			<trkpt lat="51.636450" lon="16.859069">
				<ele>93.600021</ele>
			</trkpt>
			<trkpt lat="51.636567" lon="16.859015">
				<ele>93.600021</ele>
			</trkpt>
			<trkpt lat="51.636645" lon="16.859006">
				<ele>93.772064</ele>
			</trkpt>
			<trkpt lat="51.636712" lon="16.859015">
				<ele>93.775154</ele>
			</trkpt>
			<trkpt lat="51.636790" lon="16.859052">
				<ele>93.489616</ele>
			</trkpt>
			<trkpt lat="51.636952" lon="16.859149">
				<ele>93.234894</ele>
			</trkpt>
			<trkpt lat="51.637559" lon="16.859518">
				<ele>93.543968</ele>
			</trkpt>
			<trkpt lat="51.638028" lon="16.859805">
				<ele>93.800003</ele>
			</trkpt>
			<trkpt lat="51.639059" lon="16.860444">
				<ele>94.050293</ele>
			</trkpt>
			<trkpt lat="51.639204" lon="16.860543">
				<ele>94.134155</ele>
			</trkpt>
			<trkpt lat="51.639221" lon="16.860480">
				<ele>94.000015</ele>
			</trkpt>
			<trkpt lat="51.639327" lon="16.860543">
				<ele>93.953857</ele>
			</trkpt>
			<trkpt lat="51.639427" lon="16.860560">
				<ele>93.800003</ele>
			</trkpt>
			<trkpt lat="51.639466" lon="16.860534">
				<ele>93.800003</ele>
			</trkpt>
			<trkpt lat="51.639522" lon="16.860560">
				<ele>93.800003</ele>
			</trkpt>
			<trkpt lat="51.639901" lon="16.859815">
				<ele>93.600021</ele>
			</trkpt>
			<trkpt lat="51.640130" lon="16.859356">
				<ele>93.400009</ele>
			</trkpt>
			<trkpt lat="51.640653" lon="16.858297">
				<ele>93.461273</ele>
			</trkpt>
			<trkpt lat="51.640826" lon="16.857956">
				<ele>93.400009</ele>
			</trkpt>
			<trkpt lat="51.640877" lon="16.857847">
				<ele>93.400009</ele>
			</trkpt>
			<trkpt lat="51.641730" lon="16.856132">
				<ele>93.199997</ele>
			</trkpt>
			<trkpt lat="51.642175" lon="16.855233">
				<ele>93.199997</ele>
			</trkpt>
			<trkpt lat="51.642348" lon="16.854883">
				<ele>93.155502</ele>
			</trkpt>
			<trkpt lat="51.642722" lon="16.854128">
				<ele>92.899071</ele>
			</trkpt>
			<trkpt lat="51.642845" lon="16.853878">
				<ele>93.000015</ele>
			</trkpt>
			<trkpt lat="51.643045" lon="16.853482">
				<ele>92.999237</ele>
			</trkpt>
			<trkpt lat="51.643725" lon="16.852107">
				<ele>93.000015</ele>
			</trkpt>
			<trkpt lat="51.645286" lon="16.848954">
				<ele>93.248535</ele>
			</trkpt>
			<trkpt lat="51.645336" lon="16.848882">
				<ele>93.260834</ele>
			</trkpt>
			<trkpt lat="51.645370" lon="16.848846">
				<ele>93.357574</ele>
			</trkpt>
			<trkpt lat="51.645403" lon="16.848819">
				<ele>93.356445</ele>
			</trkpt>
			<trkpt lat="51.645436" lon="16.848802">
				<ele>93.259705</ele>
			</trkpt>
			<trkpt lat="51.645470" lon="16.848784">
				<ele>93.199997</ele>
			</trkpt>
			<trkpt lat="51.645509" lon="16.848765">
				<ele>93.199997</ele>
			</trkpt>
			<trkpt lat="51.645576" lon="16.848775">
				<ele>93.199997</ele>
			</trkpt>
			<trkpt lat="51.645660" lon="16.848792">
				<ele>93.199997</ele>
			</trkpt>
			<trkpt lat="51.647427" lon="16.849421">
				<ele>92.400002</ele>
			</trkpt>
			<trkpt lat="51.650353" lon="16.850499">
				<ele>94.795555</ele>
			</trkpt>
			<trkpt lat="51.652231" lon="16.851182">
				<ele>96.800003</ele>
			</trkpt>
			<trkpt lat="51.654939" lon="16.852161">
				<ele>99.915665</ele>
			</trkpt>
			<trkpt lat="51.655725" lon="16.852440">
				<ele>100.400002</ele>
			</trkpt>
			<trkpt lat="51.655848" lon="16.852476">
				<ele>100.484062</ele>
			</trkpt>
			<trkpt lat="51.655965" lon="16.852476">
				<ele>100.607101</ele>
			</trkpt>
			<trkpt lat="51.656077" lon="16.852440">
				<ele>100.699242</ele>
			</trkpt>
			<trkpt lat="51.656138" lon="16.852421">
				<ele>100.723930</ele>
			</trkpt>
			<trkpt lat="51.656177" lon="16.852413">
				<ele>100.800003</ele>
			</trkpt>
			<trkpt lat="51.656272" lon="16.852404">
				<ele>100.800003</ele>
			</trkpt>
			<trkpt lat="51.656378" lon="16.852421">
				<ele>100.800011</ele>
			</trkpt>
			<trkpt lat="51.659944" lon="16.853599">
				<ele>98.800003</ele>
			</trkpt>
			<trkpt lat="51.660307" lon="16.853725">
				<ele>98.600021</ele>
			</trkpt>
			<trkpt lat="51.662374" lon="16.854415">
				<ele>97.467125</ele>
			</trkpt>
			<trkpt lat="51.664987" lon="16.855287">
				<ele>96.228073</ele>
			</trkpt>
			<trkpt lat="51.665149" lon="16.855368">
				<ele>96.332764</ele>
			</trkpt>
			<trkpt lat="51.665305" lon="16.855494">
				<ele>96.400009</ele>
			</trkpt>
			<trkpt lat="51.665511" lon="16.855673">
				<ele>96.400017</ele>
			</trkpt>
			<trkpt lat="51.665945" lon="16.856052">
				<ele>96.678383</ele>
			</trkpt>
			<trkpt lat="51.666179" lon="16.856212">
				<ele>96.607567</ele>
			</trkpt>
			<trkpt lat="51.667316" lon="16.856868">
				<ele>97.200005</ele>
			</trkpt>
			<trkpt lat="51.669456" lon="16.858046">
				<ele>96.622902</ele>
			</trkpt>
			<trkpt lat="51.669678" lon="16.858136">
				<ele>96.688950</ele>
			</trkpt>
			<trkpt lat="51.669828" lon="16.858126">
				<ele>96.800003</ele>
			</trkpt>
			<trkpt lat="51.669979" lon="16.858054">
				<ele>97.055664</ele>
			</trkpt>
			<trkpt lat="51.670764" lon="16.857570">
				<ele>97.578613</ele>
			</trkpt>
			<trkpt lat="51.672419" lon="16.856554">
				<ele>98.600029</ele>
			</trkpt>
			<trkpt lat="51.674074" lon="16.855547">
				<ele>98.799995</ele>
			</trkpt>
			<trkpt lat="51.674497" lon="16.855278">
				<ele>98.600021</ele>
			</trkpt>
			<trkpt lat="51.674959" lon="16.854991">
				<ele>98.484833</ele>
			</trkpt>
			<trkpt lat="51.675851" lon="16.854434">
				<ele>98.737000</ele>
			</trkpt>
			<trkpt lat="51.675995" lon="16.854371">
				<ele>98.992737</ele>
			</trkpt>
			<trkpt lat="51.676135" lon="16.854326">
				<ele>99.221336</ele>
			</trkpt>
			<trkpt lat="51.676330" lon="16.854272">
				<ele>99.400017</ele>
			</trkpt>
			<trkpt lat="51.676614" lon="16.854228">
				<ele>99.000015</ele>
			</trkpt>
			<trkpt lat="51.676837" lon="16.854209">
				<ele>99.095985</ele>
			</trkpt>
			<trkpt lat="51.677594" lon="16.854146">
				<ele>99.000015</ele>
			</trkpt>
			<trkpt lat="51.678023" lon="16.854111">
				<ele>98.625198</ele>
			</trkpt>
			<trkpt lat="51.678374" lon="16.854065">
				<ele>99.121780</ele>
			</trkpt>
			<trkpt lat="51.678686" lon="16.854021">
				<ele>99.117828</ele>
			</trkpt>
			<trkpt lat="51.678970" lon="16.853949">
				<ele>99.633324</ele>
			</trkpt>
			<trkpt lat="51.680006" lon="16.853725">
				<ele>100.199997</ele>
			</trkpt>
			<trkpt lat="51.680519" lon="16.853608">
				<ele>99.202660</ele>
			</trkpt>
			<trkpt lat="51.680803" lon="16.853536">
				<ele>98.984154</ele>
			</trkpt>
			<trkpt lat="51.681042" lon="16.853446">
				<ele>98.731552</ele>
			</trkpt>
			<trkpt lat="51.681477" lon="16.853249">
				<ele>98.104713</ele>
			</trkpt>
			<trkpt lat="51.681633" lon="16.853194">
				<ele>98.000008</ele>
			</trkpt>
			<trkpt lat="51.681783" lon="16.853149">
				<ele>97.923576</ele>
			</trkpt>
			<trkpt lat="51.681956" lon="16.853123">
				<ele>97.800003</ele>
			</trkpt>
			<trkpt lat="51.682301" lon="16.853086">
				<ele>97.321159</ele>
			</trkpt>
			<trkpt lat="51.682674" lon="16.853060">
				<ele>97.029755</ele>
			</trkpt>
			<trkpt lat="51.683042" lon="16.853033">
				<ele>96.800003</ele>
			</trkpt>
			<trkpt lat="51.683304" lon="16.853006">
				<ele>96.800003</ele>
			</trkpt>
			<trkpt lat="51.683571" lon="16.852960">
				<ele>96.799988</ele>
			</trkpt>
			<trkpt lat="51.687019" lon="16.852241">
				<ele>96.686661</ele>
			</trkpt>
			<trkpt lat="51.689168" lon="16.851676">
				<ele>96.344086</ele>
			</trkpt>
			<trkpt lat="51.689987" lon="16.851496">
				<ele>96.361122</ele>
			</trkpt>
			<trkpt lat="51.691796" lon="16.851083">
				<ele>96.800003</ele>
			</trkpt>
			<trkpt lat="51.691841" lon="16.851075">
				<ele>96.800003</ele>
			</trkpt>
			<trkpt lat="51.692014" lon="16.851721">
				<ele>97.073082</ele>
			</trkpt>
			<trkpt lat="51.692047" lon="16.851847">
				<ele>97.119690</ele>
			</trkpt>
			<trkpt lat="51.692687" lon="16.851568">
				<ele>96.400002</ele>
			</trkpt>
			<trkpt lat="51.693512" lon="16.851191">
				<ele>95.800003</ele>
			</trkpt>
			<trkpt lat="51.693673" lon="16.851165">
				<ele>95.800003</ele>
			</trkpt>
			<trkpt lat="51.693773" lon="16.851173">
				<ele>95.751862</ele>
			</trkpt>
			<trkpt lat="51.693963" lon="16.851182">
				<ele>95.600021</ele>
			</trkpt>
			<trkpt lat="51.694051" lon="16.851182">
				<ele>95.476562</ele>
			</trkpt>
			<trkpt lat="51.694124" lon="16.851155">
				<ele>95.350937</ele>
			</trkpt>
			<trkpt lat="51.694358" lon="16.850975">
				<ele>95.227501</ele>
			</trkpt>
			<trkpt lat="51.694747" lon="16.850778">
				<ele>95.000015</ele>
			</trkpt>
			<trkpt lat="51.695405" lon="16.850688">
				<ele>94.800003</ele>
			</trkpt>
			<trkpt lat="51.695555" lon="16.850652">
				<ele>94.799995</ele>
			</trkpt>
			<trkpt lat="51.695672" lon="16.850599">
				<ele>94.800003</ele>
			</trkpt>
			<trkpt lat="51.695806" lon="16.850419">
				<ele>94.602364</ele>
			</trkpt>
			<trkpt lat="51.696279" lon="16.849502">
				<ele>94.600021</ele>
			</trkpt>
			<trkpt lat="51.697153" lon="16.847517">
				<ele>94.509323</ele>
			</trkpt>
			<trkpt lat="51.697275" lon="16.847310">
				<ele>94.539665</ele>
			</trkpt>
			<trkpt lat="51.697420" lon="16.847121">
				<ele>94.490044</ele>
			</trkpt>
			<trkpt lat="51.697604" lon="16.846987">
				<ele>94.600014</ele>
			</trkpt>
			<trkpt lat="51.697944" lon="16.846844">
				<ele>94.600021</ele>
			</trkpt>
			<trkpt lat="51.698205" lon="16.846691">
				<ele>94.199997</ele>
			</trkpt>
			<trkpt lat="51.700188" lon="16.845299">
				<ele>93.195732</ele>
			</trkpt>
			<trkpt lat="51.700538" lon="16.845127">
				<ele>93.392792</ele>
			</trkpt>
			<trkpt lat="51.703600" lon="16.843798">
				<ele>93.400009</ele>
			</trkpt>
			<trkpt lat="51.704207" lon="16.843528">
				<ele>93.400009</ele>
			</trkpt>
			<trkpt lat="51.704424" lon="16.843402">
				<ele>93.239723</ele>
			</trkpt>
			<trkpt lat="51.704608" lon="16.843259">
				<ele>93.199997</ele>
			</trkpt>
			<trkpt lat="51.704792" lon="16.843070">
				<ele>93.000023</ele>
			</trkpt>
			<trkpt lat="51.705142" lon="16.842683">
				<ele>93.199997</ele>
			</trkpt>
			<trkpt lat="51.705810" lon="16.841930">
				<ele>92.940590</ele>
			</trkpt>
			<trkpt lat="51.705960" lon="16.841794">
				<ele>92.800003</ele>
			</trkpt>
			<trkpt lat="51.706100" lon="16.841696">
				<ele>92.800003</ele>
			</trkpt>
			<trkpt lat="51.706255" lon="16.841624">
				<ele>92.728127</ele>
			</trkpt>
			<trkpt lat="51.706512" lon="16.841552">
				<ele>93.000015</ele>
			</trkpt>
			<trkpt lat="51.707826" lon="16.841228">
				<ele>93.137032</ele>
			</trkpt>
			<trkpt lat="51.708049" lon="16.841138">
				<ele>92.876228</ele>
			</trkpt>
			<trkpt lat="51.708243" lon="16.841031">
				<ele>92.781914</ele>
			</trkpt>
			<trkpt lat="51.708511" lon="16.840861">
				<ele>92.872292</ele>
			</trkpt>
			<trkpt lat="51.708639" lon="16.840752">
				<ele>92.573021</ele>
			</trkpt>
			<trkpt lat="51.708800" lon="16.840591">
				<ele>92.838310</ele>
			</trkpt>
			<trkpt lat="51.708928" lon="16.840429">
				<ele>92.500443</ele>
			</trkpt>
			<trkpt lat="51.709050" lon="16.840222">
				<ele>92.659348</ele>
			</trkpt>
			<trkpt lat="51.709217" lon="16.839917">
				<ele>92.793274</ele>
			</trkpt>
			<trkpt lat="51.709396" lon="16.839557">
				<ele>93.732033</ele>
			</trkpt>
			<trkpt lat="51.710214" lon="16.837662">
				<ele>92.800003</ele>
			</trkpt>
			<trkpt lat="51.710353" lon="16.837473">
				<ele>92.949799</ele>
			</trkpt>
			<trkpt lat="51.710509" lon="16.837322">
				<ele>93.000015</ele>
			</trkpt>
			<trkpt lat="51.710648" lon="16.837232">
				<ele>93.049004</ele>
			</trkpt>
			<trkpt lat="51.713726" lon="16.835264">
				<ele>94.697426</ele>
			</trkpt>
			<trkpt lat="51.715779" lon="16.833943">
				<ele>94.833008</ele>
			</trkpt>
			<trkpt lat="51.716837" lon="16.832946">
				<ele>94.705620</ele>
			</trkpt>
			<trkpt lat="51.721529" lon="16.828536">
				<ele>94.947037</ele>
			</trkpt>
			<trkpt lat="51.721629" lon="16.828446">
				<ele>94.926590</ele>
			</trkpt>
			<trkpt lat="51.721768" lon="16.828383">
				<ele>95.122513</ele>
			</trkpt>
			<trkpt lat="51.721890" lon="16.828374">
				<ele>95.199997</ele>
			</trkpt>
			<trkpt lat="51.722052" lon="16.828437">
				<ele>95.132446</ele>
			</trkpt>
			<trkpt lat="51.723231" lon="16.828922">
				<ele>95.527229</ele>
			</trkpt>
			<trkpt lat="51.724901" lon="16.829613">
				<ele>95.800003</ele>
			</trkpt>
			<trkpt lat="51.725262" lon="16.829766">
				<ele>96.000023</ele>
			</trkpt>
			<trkpt lat="51.726815" lon="16.830404">
				<ele>96.199989</ele>
			</trkpt>
			<trkpt lat="51.727020" lon="16.830458">
				<ele>96.199997</ele>
			</trkpt>
			<trkpt lat="51.727104" lon="16.830440">
				<ele>96.199997</ele>
			</trkpt>
			<trkpt lat="51.727187" lon="16.830385">
				<ele>96.199997</ele>
			</trkpt>
			<trkpt lat="51.727321" lon="16.830269">
				<ele>96.199989</ele>
			</trkpt>
			<trkpt lat="51.728128" lon="16.829047">
				<ele>96.394859</ele>
			</trkpt>
			<trkpt lat="51.730560" lon="16.825257">
				<ele>97.400009</ele>
			</trkpt>
			<trkpt lat="51.731166" lon="16.824340">
				<ele>97.509636</ele>
			</trkpt>
			<trkpt lat="51.731221" lon="16.824286">
				<ele>97.577248</ele>
			</trkpt>
			<trkpt lat="51.731277" lon="16.824232">
				<ele>97.601837</ele>
			</trkpt>
			<trkpt lat="51.731377" lon="16.824133">
				<ele>97.669312</ele>
			</trkpt>
			<trkpt lat="51.732813" lon="16.822966">
				<ele>97.843712</ele>
			</trkpt>
			<trkpt lat="51.733808" lon="16.822085">
				<ele>97.570755</ele>
			</trkpt>
			<trkpt lat="51.733948" lon="16.821978">
				<ele>97.400002</ele>
			</trkpt>
			<trkpt lat="51.735516" lon="16.820999">
				<ele>97.199997</ele>
			</trkpt>
			<trkpt lat="51.736162" lon="16.820523">
				<ele>97.347237</ele>
			</trkpt>
			<trkpt lat="51.736434" lon="16.820325">
				<ele>97.404800</ele>
			</trkpt>
			<trkpt lat="51.736679" lon="16.820164">
				<ele>97.431961</ele>
			</trkpt>
			<trkpt lat="51.736913" lon="16.820055">
				<ele>97.600029</ele>
			</trkpt>
			<trkpt lat="51.737897" lon="16.819669">
				<ele>97.628502</ele>
			</trkpt>
			<trkpt lat="51.738482" lon="16.819445">
				<ele>97.600021</ele>
			</trkpt>
			<trkpt lat="51.739889" lon="16.818896">
				<ele>97.506317</ele>
			</trkpt>
			<trkpt lat="51.740117" lon="16.818806">
				<ele>97.326385</ele>
			</trkpt>
			<trkpt lat="51.740367" lon="16.818653">
				<ele>97.400009</ele>
			</trkpt>
			<trkpt lat="51.741335" lon="16.817963">
				<ele>97.525566</ele>
			</trkpt>
			<trkpt lat="51.741574" lon="16.817711">
				<ele>97.600021</ele>
			</trkpt>
			<trkpt lat="51.742932" lon="16.815940">
				<ele>98.259033</ele>
			</trkpt>
			<trkpt lat="51.743071" lon="16.815797">
				<ele>98.400009</ele>
			</trkpt>
			<trkpt lat="51.743694" lon="16.815196">
				<ele>98.600021</ele>
			</trkpt>
			<trkpt lat="51.743871" lon="16.815087">
				<ele>98.600021</ele>
			</trkpt>
			<trkpt lat="51.744995" lon="16.814737">
				<ele>98.800003</ele>
			</trkpt>
			<trkpt lat="51.745235" lon="16.814674">
				<ele>98.800011</ele>
			</trkpt>
			<trkpt lat="51.746658" lon="16.814512">
				<ele>99.000031</ele>
			</trkpt>
			<trkpt lat="51.747537" lon="16.814405">
				<ele>99.493080</ele>
			</trkpt>
			<trkpt lat="51.747932" lon="16.814332">
				<ele>99.600014</ele>
			</trkpt>
			<trkpt lat="51.749395" lon="16.813982">
				<ele>100.067558</ele>
			</trkpt>
			<trkpt lat="51.749601" lon="16.813956">
				<ele>100.199997</ele>
			</trkpt>
			<trkpt lat="51.749751" lon="16.813946">
				<ele>100.367279</ele>
			</trkpt>
			<trkpt lat="51.749929" lon="16.813965">
				<ele>100.313522</ele>
			</trkpt>
			<trkpt lat="51.750696" lon="16.814064">
				<ele>100.199997</ele>
			</trkpt>
			<trkpt lat="51.752887" lon="16.814361">
				<ele>99.395653</ele>
			</trkpt>
			<trkpt lat="51.753049" lon="16.814315">
				<ele>99.400009</ele>
			</trkpt>
			<trkpt lat="51.753193" lon="16.814198">
				<ele>99.400009</ele>
			</trkpt>
			<trkpt lat="51.753704" lon="16.813632">
				<ele>99.351334</ele>
			</trkpt>
			<trkpt lat="51.754716" lon="16.812501">
				<ele>98.296753</ele>
			</trkpt>
			<trkpt lat="51.754834" lon="16.812384">
				<ele>98.030380</ele>
			</trkpt>
			<trkpt lat="51.755000" lon="16.812267">
				<ele>97.903252</ele>
			</trkpt>
			<trkpt lat="51.755178" lon="16.812177">
				<ele>97.650665</ele>
			</trkpt>
			<trkpt lat="51.755428" lon="16.812087">
				<ele>97.396103</ele>
			</trkpt>
			<trkpt lat="51.755640" lon="16.812051">
				<ele>97.191887</ele>
			</trkpt>
			<trkpt lat="51.755879" lon="16.812015">
				<ele>97.000015</ele>
			</trkpt>
			<trkpt lat="51.756096" lon="16.812007">
				<ele>97.153244</ele>
			</trkpt>
			<trkpt lat="51.756301" lon="16.812024">
				<ele>97.220680</ele>
			</trkpt>
			<trkpt lat="51.756896" lon="16.812141">
				<ele>96.886574</ele>
			</trkpt>
			<trkpt lat="51.757469" lon="16.812248">
				<ele>95.908493</ele>
			</trkpt>
			<trkpt lat="51.758092" lon="16.812393">
				<ele>92.890350</ele>
			</trkpt>
			<trkpt lat="51.758270" lon="16.812447">
				<ele>92.124977</ele>
			</trkpt>
			<trkpt lat="51.758436" lon="16.812518">
				<ele>91.488358</ele>
			</trkpt>
			<trkpt lat="51.759198" lon="16.812904">
				<ele>89.701721</ele>
			</trkpt>
			<trkpt lat="51.759409" lon="16.813022">
				<ele>89.583321</ele>
			</trkpt>
			<trkpt lat="51.760188" lon="16.813453">
				<ele>89.400017</ele>
			</trkpt>
			<trkpt lat="51.760149" lon="16.813579">
				<ele>89.400009</ele>
			</trkpt>
			<trkpt lat="51.760127" lon="16.813642">
				<ele>89.400009</ele>
			</trkpt>
			<trkpt lat="51.760083" lon="16.813839">
				<ele>89.400017</ele>
			</trkpt>
			<trkpt lat="51.760049" lon="16.814045">
				<ele>89.400009</ele>
			</trkpt>
			<trkpt lat="51.759821" lon="16.815303">
				<ele>89.000015</ele>
			</trkpt>
			<trkpt lat="51.759504" lon="16.817091">
				<ele>88.848038</ele>
			</trkpt>
			<trkpt lat="51.759471" lon="16.817298">
				<ele>88.590401</ele>
			</trkpt>
			<trkpt lat="51.759582" lon="16.817361">
				<ele>88.777687</ele>
			</trkpt>
			<trkpt lat="51.759621" lon="16.817378">
				<ele>88.800003</ele>
			</trkpt>
			<trkpt lat="51.759660" lon="16.817405">
				<ele>88.800003</ele>
			</trkpt>
			<trkpt lat="51.759843" lon="16.817477">
				<ele>88.806328</ele>
			</trkpt>
			<trkpt lat="51.759921" lon="16.817118">
				<ele>88.665688</ele>
			</trkpt>
			<trkpt lat="51.760221" lon="16.815680">
				<ele>88.908340</ele>
			</trkpt>
			<trkpt lat="51.760533" lon="16.814558">
				<ele>89.157242</ele>
			</trkpt>
			<trkpt lat="51.760822" lon="16.813885">
				<ele>88.889793</ele>
			</trkpt>
			<trkpt lat="51.760828" lon="16.813875">
				<ele>88.898178</ele>
			</trkpt>
			<trkpt lat="51.761673" lon="16.811998">
				<ele>89.199997</ele>
			</trkpt>
			<trkpt lat="51.762129" lon="16.811019">
				<ele>89.199997</ele>
			</trkpt>
			<trkpt lat="51.762495" lon="16.810273">
				<ele>89.000015</ele>
			</trkpt>
			<trkpt lat="51.762790" lon="16.809724">
				<ele>88.927017</ele>
			</trkpt>
			<trkpt lat="51.762840" lon="16.809635">
				<ele>88.800003</ele>
			</trkpt>
			<trkpt lat="51.763113" lon="16.809185">
				<ele>88.879654</ele>
			</trkpt>
			<trkpt lat="51.763291" lon="16.808871">
				<ele>88.782532</ele>
			</trkpt>
			<trkpt lat="51.763402" lon="16.808682">
				<ele>88.662537</ele>
			</trkpt>
			<trkpt lat="51.763485" lon="16.808701">
				<ele>88.600029</ele>
			</trkpt>
			<trkpt lat="51.763557" lon="16.808692">
				<ele>88.445358</ele>
			</trkpt>
			<trkpt lat="51.763780" lon="16.808646">
				<ele>88.600021</ele>
			</trkpt>
			<trkpt lat="51.763952" lon="16.808611">
				<ele>88.600021</ele>
			</trkpt>
			<trkpt lat="51.764241" lon="16.808548">
				<ele>88.600021</ele>
			</trkpt>
			<trkpt lat="51.764730" lon="16.808458">
				<ele>88.895866</ele>
			</trkpt>
			<trkpt lat="51.764825" lon="16.808405">
				<ele>89.000015</ele>
			</trkpt>
			<trkpt lat="51.764919" lon="16.808369">
				<ele>89.000015</ele>
			</trkpt>
			<trkpt lat="51.765159" lon="16.808332">
				<ele>89.000015</ele>
			</trkpt>
			<trkpt lat="51.765375" lon="16.808288">
				<ele>88.894844</ele>
			</trkpt>
			<trkpt lat="51.765620" lon="16.808252">
				<ele>88.800346</ele>
			</trkpt>
			<trkpt lat="51.765776" lon="16.808233">
				<ele>88.800003</ele>
			</trkpt>
			<trkpt lat="51.765904" lon="16.808206">
				<ele>88.611511</ele>
			</trkpt>
			<trkpt lat="51.766043" lon="16.808143">
				<ele>88.716270</ele>
			</trkpt>
			<trkpt lat="51.766176" lon="16.808072">
				<ele>88.627831</ele>
			</trkpt>
			<trkpt lat="51.766315" lon="16.807973">
				<ele>88.600021</ele>
			</trkpt>
			<trkpt lat="51.766438" lon="16.807856">
				<ele>88.527802</ele>
			</trkpt>
			<trkpt lat="51.766532" lon="16.807749">
				<ele>88.661247</ele>
			</trkpt>
			<trkpt lat="51.766632" lon="16.807677">
				<ele>88.558487</ele>
			</trkpt>
			<trkpt lat="51.766732" lon="16.807632">
				<ele>88.400009</ele>
			</trkpt>
			<trkpt lat="51.766999" lon="16.807506">
				<ele>88.470459</ele>
			</trkpt>
			<trkpt lat="51.767115" lon="16.807434">
				<ele>88.396179</ele>
			</trkpt>
			<trkpt lat="51.767182" lon="16.807398">
				<ele>88.193924</ele>
			</trkpt>
			<trkpt lat="51.767249" lon="16.807353">
				<ele>88.058754</ele>
			</trkpt>
			<trkpt lat="51.767349" lon="16.807273">
				<ele>87.625015</ele>
			</trkpt>
			<trkpt lat="51.767488" lon="16.807174">
				<ele>88.000015</ele>
			</trkpt>
			<trkpt lat="51.767566" lon="16.807147">
				<ele>87.972656</ele>
			</trkpt>
			<trkpt lat="51.767688" lon="16.807120">
				<ele>88.002098</ele>
			</trkpt>
			<trkpt lat="51.767788" lon="16.807111">
				<ele>88.000015</ele>
			</trkpt>
			<trkpt lat="51.767872" lon="16.807120">
				<ele>88.000015</ele>
			</trkpt>
			<trkpt lat="51.767977" lon="16.807156">
				<ele>88.000015</ele>
			</trkpt>
			<trkpt lat="51.768072" lon="16.807210">
				<ele>88.000023</ele>
			</trkpt>
			<trkpt lat="51.768200" lon="16.807308">
				<ele>88.000015</ele>
			</trkpt>
			<trkpt lat="51.768477" lon="16.807596">
				<ele>88.000015</ele>
			</trkpt>
			<trkpt lat="51.768589" lon="16.807740">
				<ele>88.000015</ele>
			</trkpt>
			<trkpt lat="51.768733" lon="16.807973">
				<ele>87.800003</ele>
			</trkpt>
			<trkpt lat="51.768828" lon="16.808143">
				<ele>87.916260</ele>
			</trkpt>
			<trkpt lat="51.769106" lon="16.808646">
				<ele>87.800003</ele>
			</trkpt>
			<trkpt lat="51.769217" lon="16.808862">
				<ele>87.858223</ele>
			</trkpt>
			<trkpt lat="51.769317" lon="16.809051">
				<ele>87.806885</ele>
			</trkpt>
			<trkpt lat="51.769395" lon="16.809231">
				<ele>87.823685</ele>
			</trkpt>
			<trkpt lat="51.769445" lon="16.809338">
				<ele>87.963440</ele>
			</trkpt>
			<trkpt lat="51.769628" lon="16.809824">
				<ele>87.962784</ele>
			</trkpt>
			<trkpt lat="51.769673" lon="16.809950">
				<ele>87.458984</ele>
			</trkpt>
			<trkpt lat="51.769706" lon="16.810048">
				<ele>87.890297</ele>
			</trkpt>
			<trkpt lat="51.769756" lon="16.810174">
				<ele>88.600021</ele>
			</trkpt>
			<trkpt lat="51.769973" lon="16.810793">
				<ele>88.600021</ele>
			</trkpt>
			<trkpt lat="51.769984" lon="16.810829">
				<ele>88.549088</ele>
			</trkpt>
			<trkpt lat="51.770012" lon="16.810893">
				<ele>88.366768</ele>
			</trkpt>
			<trkpt lat="51.770073" lon="16.811036">
				<ele>88.190117</ele>
			</trkpt>
			<trkpt lat="51.770184" lon="16.811252">
				<ele>87.804649</ele>
			</trkpt>
			<trkpt lat="51.771363" lon="16.813237">
				<ele>87.800003</ele>
			</trkpt>
			<trkpt lat="51.771679" lon="16.813767">
				<ele>87.912155</ele>
			</trkpt>
			<trkpt lat="51.771852" lon="16.814019">
				<ele>87.800003</ele>
			</trkpt>
			<trkpt lat="51.772274" lon="16.814485">
				<ele>88.171257</ele>
			</trkpt>
			<trkpt lat="51.772446" lon="16.814657">
				<ele>88.222763</ele>
			</trkpt>
			<trkpt lat="51.772635" lon="16.814801">
				<ele>88.359543</ele>
			</trkpt>
			<trkpt lat="51.772758" lon="16.814854">
				<ele>88.400009</ele>
			</trkpt>
			<trkpt lat="51.772886" lon="16.814890">
				<ele>88.506943</ele>
			</trkpt>
			<trkpt lat="51.773213" lon="16.814908">
				<ele>88.988190</ele>
			</trkpt>
			<trkpt lat="51.773419" lon="16.814961">
				<ele>89.471802</ele>
			</trkpt>
			<trkpt lat="51.773681" lon="16.815061">
				<ele>90.199997</ele>
			</trkpt>
			<trkpt lat="51.773753" lon="16.815078">
				<ele>90.309616</ele>
			</trkpt>
			<trkpt lat="51.773859" lon="16.815114">
				<ele>90.527161</ele>
			</trkpt>
			<trkpt lat="51.774570" lon="16.815384">
				<ele>90.609879</ele>
			</trkpt>
			<trkpt lat="51.775587" lon="16.815734">
				<ele>90.520226</ele>
			</trkpt>
			<trkpt lat="51.775670" lon="16.815770">
				<ele>90.400009</ele>
			</trkpt>
			<trkpt lat="51.775915" lon="16.815852">
				<ele>90.198280</ele>
			</trkpt>
			<trkpt lat="51.776576" lon="16.816103">
				<ele>89.813065</ele>
			</trkpt>
			<trkpt lat="51.777310" lon="16.816390">
				<ele>89.727531</ele>
			</trkpt>
			<trkpt lat="51.777372" lon="16.816418">
				<ele>89.800003</ele>
			</trkpt>
			<trkpt lat="51.778194" lon="16.816812">
				<ele>90.199997</ele>
			</trkpt>
			<trkpt lat="51.778633" lon="16.817100">
				<ele>90.657379</ele>
			</trkpt>
			<trkpt lat="51.778878" lon="16.817252">
				<ele>91.106506</ele>
			</trkpt>
			<trkpt lat="51.779083" lon="16.817387">
				<ele>91.725739</ele>
			</trkpt>
			<trkpt lat="51.779239" lon="16.817495">
				<ele>92.028732</ele>
			</trkpt>
			<trkpt lat="51.779278" lon="16.817522">
				<ele>92.109764</ele>
			</trkpt>
			<trkpt lat="51.779511" lon="16.817701">
				<ele>92.529625</ele>
			</trkpt>
			<trkpt lat="51.779645" lon="16.817810">
				<ele>92.600021</ele>
			</trkpt>
			<trkpt lat="51.781267" lon="16.819364">
				<ele>93.741577</ele>
			</trkpt>
			<trkpt lat="51.781545" lon="16.819571">
				<ele>93.834686</ele>
			</trkpt>
			<trkpt lat="51.781740" lon="16.819714">
				<ele>93.721962</ele>
			</trkpt>
			<trkpt lat="51.782307" lon="16.820468">
				<ele>93.800003</ele>
			</trkpt>
			<trkpt lat="51.782640" lon="16.820909">
				<ele>93.839310</ele>
			</trkpt>
			<trkpt lat="51.783051" lon="16.821448">
				<ele>93.695496</ele>
			</trkpt>
			<trkpt lat="51.783690" lon="16.822122">
				<ele>92.400009</ele>
			</trkpt>
			<trkpt lat="51.783746" lon="16.822185">
				<ele>92.365067</ele>
			</trkpt>
			<trkpt lat="51.783846" lon="16.822292">
				<ele>92.108559</ele>
			</trkpt>
			<trkpt lat="51.784469" lon="16.822732">
				<ele>91.412712</ele>
			</trkpt>
			<trkpt lat="51.784685" lon="16.822768">
				<ele>91.310593</ele>
			</trkpt>
			<trkpt lat="51.785085" lon="16.822840">
				<ele>91.199997</ele>
			</trkpt>
			<trkpt lat="51.785685" lon="16.822930">
				<ele>90.703522</ele>
			</trkpt>
			<trkpt lat="51.786063" lon="16.822984">
				<ele>90.497917</ele>
			</trkpt>
			<trkpt lat="51.786403" lon="16.823038">
				<ele>90.147423</ele>
			</trkpt>
			<trkpt lat="51.786452" lon="16.823047">
				<ele>90.120552</ele>
			</trkpt>
			<trkpt lat="51.787269" lon="16.823190">
				<ele>90.000015</ele>
			</trkpt>
			<trkpt lat="51.787597" lon="16.823353">
				<ele>89.777771</ele>
			</trkpt>
			<trkpt lat="51.788420" lon="16.823747">
				<ele>89.696274</ele>
			</trkpt>
			<trkpt lat="51.789342" lon="16.823919">
				<ele>90.261673</ele>
			</trkpt>
			<trkpt lat="51.790498" lon="16.824098">
				<ele>90.199989</ele>
			</trkpt>
			<trkpt lat="51.790875" lon="16.824152">
				<ele>90.191238</ele>
			</trkpt>
			<trkpt lat="51.790986" lon="16.824179">
				<ele>90.000015</ele>
			</trkpt>
			<trkpt lat="51.792670" lon="16.824439">
				<ele>89.812912</ele>
			</trkpt>
			<trkpt lat="51.793337" lon="16.824546">
				<ele>90.103752</ele>
			</trkpt>
			<trkpt lat="51.794148" lon="16.824646">
				<ele>90.383224</ele>
			</trkpt>
			<trkpt lat="51.795287" lon="16.824781">
				<ele>90.400009</ele>
			</trkpt>
			<trkpt lat="51.796809" lon="16.824988">
				<ele>90.600021</ele>
			</trkpt>
			<trkpt lat="51.799171" lon="16.825311">
				<ele>91.329102</ele>
			</trkpt>
			<trkpt lat="51.802242" lon="16.825760">
				<ele>92.660042</ele>
			</trkpt>
			<trkpt lat="51.803242" lon="16.825877">
				<ele>95.196198</ele>
			</trkpt>
			<trkpt lat="51.809202" lon="16.826532">
				<ele>100.800003</ele>
			</trkpt>
			<trkpt lat="51.811957" lon="16.826838">
				<ele>102.791519</ele>
			</trkpt>
			<trkpt lat="51.812212" lon="16.826865">
				<ele>103.000031</ele>
			</trkpt>
			<trkpt lat="51.812384" lon="16.826883">
				<ele>103.199989</ele>
			</trkpt>
			<trkpt lat="51.814295" lon="16.827098">
				<ele>104.094719</ele>
			</trkpt>
			<trkpt lat="51.815195" lon="16.827196">
				<ele>104.093826</ele>
			</trkpt>
			<trkpt lat="51.815261" lon="16.827206">
				<ele>104.199997</ele>
			</trkpt>
			<trkpt lat="51.815400" lon="16.827224">
				<ele>104.200005</ele>
			</trkpt>
			<trkpt lat="51.817393" lon="16.827439">
				<ele>105.231773</ele>
			</trkpt>
			<trkpt lat="51.818026" lon="16.827494">
				<ele>105.400009</ele>
			</trkpt>
			<trkpt lat="51.819038" lon="16.827521">
				<ele>106.309029</ele>
			</trkpt>
			<trkpt lat="51.819887" lon="16.827521">
				<ele>107.000015</ele>
			</trkpt>
			<trkpt lat="51.821275" lon="16.827494">
				<ele>108.199997</ele>
			</trkpt>
			<trkpt lat="51.821641" lon="16.827511">
				<ele>108.600021</ele>
			</trkpt>
			<trkpt lat="51.821841" lon="16.827521">
				<ele>108.600021</ele>
			</trkpt>
			<trkpt lat="51.822242" lon="16.827548">
				<ele>108.600014</ele>
			</trkpt>
			<trkpt lat="51.822624" lon="16.827619">
				<ele>108.848541</ele>
			</trkpt>
			<trkpt lat="51.823213" lon="16.827825">
				<ele>109.468262</ele>
			</trkpt>
			<trkpt lat="51.823624" lon="16.827988">
				<ele>109.799194</ele>
			</trkpt>
			<trkpt lat="51.824207" lon="16.828311">
				<ele>110.132133</ele>
			</trkpt>
			<trkpt lat="51.826206" lon="16.829730">
				<ele>109.800011</ele>
			</trkpt>
			<trkpt lat="51.826783" lon="16.830152">
				<ele>109.800011</ele>
			</trkpt>
			<trkpt lat="51.829498" lon="16.832192">
				<ele>109.400017</ele>
			</trkpt>
			<trkpt lat="51.830936" lon="16.833278">
				<ele>109.400009</ele>
			</trkpt>
			<trkpt lat="51.831285" lon="16.833548">
				<ele>109.400009</ele>
			</trkpt>
			<trkpt lat="51.831535" lon="16.833710">
				<ele>109.399765</ele>
			</trkpt>
			<trkpt lat="51.831757" lon="16.833836">
				<ele>109.379028</ele>
			</trkpt>
			<trkpt lat="51.832174" lon="16.833970">
				<ele>109.199989</ele>
			</trkpt>
			<trkpt lat="51.832723" lon="16.834159">
				<ele>109.080490</ele>
			</trkpt>
			<trkpt lat="51.835454" lon="16.835048">
				<ele>109.981544</ele>
			</trkpt>
			<trkpt lat="51.836681" lon="16.835435">
				<ele>110.402145</ele>
			</trkpt>
			<trkpt lat="51.837203" lon="16.835605">
				<ele>110.400009</ele>
			</trkpt>
			<trkpt lat="51.837886" lon="16.835794">
				<ele>110.600021</ele>
			</trkpt>
			<trkpt lat="51.841488" lon="16.836800">
				<ele>110.941872</ele>
			</trkpt>
			<trkpt lat="51.842353" lon="16.836980">
				<ele>111.265808</ele>
			</trkpt>
			<trkpt lat="51.843086" lon="16.837087">
				<ele>111.600021</ele>
			</trkpt>
			<trkpt lat="51.843408" lon="16.837114">
				<ele>111.700104</ele>
			</trkpt>
			<trkpt lat="51.845273" lon="16.837294">
				<ele>112.000015</ele>
			</trkpt>
			<trkpt lat="51.845683" lon="16.837339">
				<ele>112.199997</ele>
			</trkpt>
			<trkpt lat="51.846332" lon="16.837446">
				<ele>112.212616</ele>
			</trkpt>
			<trkpt lat="51.846538" lon="16.837519">
				<ele>112.342224</ele>
			</trkpt>
			<trkpt lat="51.846727" lon="16.837708">
				<ele>112.199997</ele>
			</trkpt>
			<trkpt lat="51.847537" lon="16.838983">
				<ele>112.600021</ele>
			</trkpt>
			<trkpt lat="51.848009" lon="16.839674">
				<ele>112.358757</ele>
			</trkpt>
			<trkpt lat="51.848192" lon="16.839846">
				<ele>112.448547</ele>
			</trkpt>
			<trkpt lat="51.849446" lon="16.840483">
				<ele>113.399597</ele>
			</trkpt>
			<trkpt lat="51.850711" lon="16.841112">
				<ele>113.800003</ele>
			</trkpt>
			<trkpt lat="51.851333" lon="16.841391">
				<ele>113.834785</ele>
			</trkpt>
			<trkpt lat="51.852209" lon="16.841696">
				<ele>113.600029</ele>
			</trkpt>
			<trkpt lat="51.852992" lon="16.841966">
				<ele>113.400009</ele>
			</trkpt>
			<trkpt lat="51.853846" lon="16.842226">
				<ele>113.000000</ele>
			</trkpt>
			<trkpt lat="51.853963" lon="16.842262">
				<ele>112.978676</ele>
			</trkpt>
			<trkpt lat="51.854645" lon="16.842414">
				<ele>112.761353</ele>
			</trkpt>
			<trkpt lat="51.855971" lon="16.842675">
				<ele>112.188866</ele>
			</trkpt>
			<trkpt lat="51.856182" lon="16.842720">
				<ele>112.200005</ele>
			</trkpt>
			<trkpt lat="51.856509" lon="16.842783">
				<ele>111.705185</ele>
			</trkpt>
			<trkpt lat="51.856721" lon="16.842828">
				<ele>111.514000</ele>
			</trkpt>
			<trkpt lat="51.856987" lon="16.842882">
				<ele>110.993553</ele>
			</trkpt>
			<trkpt lat="51.857170" lon="16.842899">
				<ele>110.603752</ele>
			</trkpt>
			<trkpt lat="51.857286" lon="16.842846">
				<ele>110.282570</ele>
			</trkpt>
			<trkpt lat="51.857353" lon="16.842586">
				<ele>110.129684</ele>
			</trkpt>
			<trkpt lat="51.857380" lon="16.842504">
				<ele>110.054443</ele>
			</trkpt>
			<trkpt lat="51.857458" lon="16.842352">
				<ele>109.936707</ele>
			</trkpt>
			<trkpt lat="51.857536" lon="16.842207">
				<ele>109.800018</ele>
			</trkpt>
			<trkpt lat="51.857564" lon="16.842117">
				<ele>109.800011</ele>
			</trkpt>
			<trkpt lat="51.857775" lon="16.841615">
				<ele>109.590340</ele>
			</trkpt>
			<trkpt lat="51.857852" lon="16.841480">
				<ele>109.889259</ele>
			</trkpt>
			<trkpt lat="51.857902" lon="16.841517">
				<ele>110.010895</ele>
			</trkpt>
			<trkpt lat="51.857963" lon="16.841561">
				<ele>110.190125</ele>
			</trkpt>
			<trkpt lat="51.858135" lon="16.841678">
				<ele>110.571411</ele>
			</trkpt>
			<trkpt lat="51.858429" lon="16.841857">
				<ele>111.000023</ele>
			</trkpt>
			<trkpt lat="51.858978" lon="16.842127">
				<ele>111.649338</ele>
			</trkpt>
			<trkpt lat="51.859250" lon="16.842307">
				<ele>112.012512</ele>
			</trkpt>
			<trkpt lat="51.859572" lon="16.842522">
				<ele>112.526154</ele>
			</trkpt>
			<trkpt lat="51.859739" lon="16.842622">
				<ele>112.600021</ele>
			</trkpt>
			<trkpt lat="51.860254" lon="16.842836">
				<ele>112.639046</ele>
			</trkpt>
			<trkpt lat="51.860809" lon="16.843008">
				<ele>112.717361</ele>
			</trkpt>
			<trkpt lat="51.860965" lon="16.843052">
				<ele>112.600021</ele>
			</trkpt>
			<trkpt lat="51.861175" lon="16.843098">
				<ele>112.400009</ele>
			</trkpt>
			<trkpt lat="51.862839" lon="16.843276">
				<ele>113.327148</ele>
			</trkpt>
			<trkpt lat="51.864254" lon="16.843492">
				<ele>114.250488</ele>
			</trkpt>
			<trkpt lat="51.865170" lon="16.843645">
				<ele>114.800003</ele>
			</trkpt>
			<trkpt lat="51.865153" lon="16.843788">
				<ele>114.651703</ele>
			</trkpt>
			<trkpt lat="51.865280" lon="16.843825">
				<ele>114.800003</ele>
			</trkpt>
			<trkpt lat="51.865780" lon="16.843905">
				<ele>115.248703</ele>
			</trkpt>
			<trkpt lat="51.866601" lon="16.844041">
				<ele>115.600029</ele>
			</trkpt>
			<trkpt lat="51.867139" lon="16.844121">
				<ele>115.800003</ele>
			</trkpt>
			<trkpt lat="51.867250" lon="16.844148">
				<ele>115.800011</ele>
			</trkpt>
			<trkpt lat="51.867971" lon="16.844265">
				<ele>116.199997</ele>
			</trkpt>
			<trkpt lat="51.868443" lon="16.844346">
				<ele>116.400009</ele>
			</trkpt>
			<trkpt lat="51.870484" lon="16.844723">
				<ele>117.252335</ele>
			</trkpt>
			<trkpt lat="51.871205" lon="16.844822">
				<ele>117.716362</ele>
			</trkpt>
			<trkpt lat="51.871305" lon="16.844813">
				<ele>117.800011</ele>
			</trkpt>
			<trkpt lat="51.874244" lon="16.845010">
				<ele>117.811295</ele>
			</trkpt>
			<trkpt lat="51.874338" lon="16.845020">
				<ele>117.807266</ele>
			</trkpt>
			<trkpt lat="51.874343" lon="16.844930">
				<ele>117.983742</ele>
			</trkpt>
			<trkpt lat="51.874472" lon="16.844939">
				<ele>118.000015</ele>
			</trkpt>
			<trkpt lat="51.874538" lon="16.844939">
				<ele>118.093826</ele>
			</trkpt>
			<trkpt lat="51.874621" lon="16.844957">
				<ele>118.194641</ele>
			</trkpt>
			<trkpt lat="51.874660" lon="16.844966">
				<ele>118.199997</ele>
			</trkpt>
			<trkpt lat="51.874699" lon="16.844966">
				<ele>118.200005</ele>
			</trkpt>
			<trkpt lat="51.874743" lon="16.844974">
				<ele>118.125740</ele>
			</trkpt>
			<trkpt lat="51.874743" lon="16.845064">
				<ele>118.125748</ele>
			</trkpt>
			<trkpt lat="51.875176" lon="16.845100">
				<ele>117.488899</ele>
			</trkpt>
			<trkpt lat="51.875952" lon="16.845182">
				<ele>117.969666</ele>
			</trkpt>
			<trkpt lat="51.876856" lon="16.845280">
				<ele>116.505356</ele>
			</trkpt>
			<trkpt lat="51.877909" lon="16.845333">
				<ele>115.927429</ele>
			</trkpt>
			<trkpt lat="51.878287" lon="16.845343">
				<ele>115.397980</ele>
			</trkpt>
			<trkpt lat="51.878697" lon="16.845325">
				<ele>115.537315</ele>
			</trkpt>
			<trkpt lat="51.879041" lon="16.845209">
				<ele>115.550400</ele>
			</trkpt>
			<trkpt lat="51.879457" lon="16.845037">
				<ele>116.590202</ele>
			</trkpt>
			<trkpt lat="51.879784" lon="16.844966">
				<ele>117.242264</ele>
			</trkpt>
			<trkpt lat="51.880339" lon="16.844876">
				<ele>117.987656</ele>
			</trkpt>
			<trkpt lat="51.881492" lon="16.844741">
				<ele>117.311050</ele>
			</trkpt>
			<trkpt lat="51.882429" lon="16.844633">
				<ele>115.634666</ele>
			</trkpt>
			<trkpt lat="51.882623" lon="16.844561">
				<ele>114.988190</ele>
			</trkpt>
			<trkpt lat="51.882756" lon="16.844444">
				<ele>114.353195</ele>
			</trkpt>
			<trkpt lat="51.884048" lon="16.842945">
				<ele>109.581429</ele>
			</trkpt>
			<trkpt lat="51.885424" lon="16.841364">
				<ele>109.970734</ele>
			</trkpt>
			<trkpt lat="51.885590" lon="16.841211">
				<ele>109.943291</ele>
			</trkpt>
			<trkpt lat="51.885789" lon="16.841130">
				<ele>110.068626</ele>
			</trkpt>
			<trkpt lat="51.885972" lon="16.841094">
				<ele>109.800003</ele>
			</trkpt>
			<trkpt lat="51.886228" lon="16.841094">
				<ele>109.828262</ele>
			</trkpt>
			<trkpt lat="51.886494" lon="16.841157">
				<ele>110.728653</ele>
			</trkpt>
			<trkpt lat="51.886971" lon="16.841328">
				<ele>109.536430</ele>
			</trkpt>
			<trkpt lat="51.886981" lon="16.841238">
				<ele>109.821266</ele>
			</trkpt>
			<trkpt lat="51.887231" lon="16.841372">
				<ele>110.367775</ele>
			</trkpt>
			<trkpt lat="51.887325" lon="16.841417">
				<ele>110.276077</ele>
			</trkpt>
			<trkpt lat="51.887536" lon="16.841525">
				<ele>109.941437</ele>
			</trkpt>
			<trkpt lat="51.888024" lon="16.841786">
				<ele>110.677742</ele>
			</trkpt>
			<trkpt lat="51.888467" lon="16.842020">
				<ele>111.895645</ele>
			</trkpt>
			<trkpt lat="51.888700" lon="16.842136">
				<ele>112.066628</ele>
			</trkpt>
			<trkpt lat="51.890031" lon="16.842720">
				<ele>106.844048</ele>
			</trkpt>
			<trkpt lat="51.890242" lon="16.842792">
				<ele>107.208092</ele>
			</trkpt>
			<trkpt lat="51.890447" lon="16.842828">
				<ele>107.646339</ele>
			</trkpt>
			<trkpt lat="51.890657" lon="16.842836">
				<ele>108.289635</ele>
			</trkpt>
			<trkpt lat="51.891162" lon="16.842809">
				<ele>111.137245</ele>
			</trkpt>
			<trkpt lat="51.892171" lon="16.842773">
				<ele>112.400009</ele>
			</trkpt>
			<trkpt lat="51.894200" lon="16.842710">
				<ele>111.555038</ele>
			</trkpt>
			<trkpt lat="51.894400" lon="16.842710">
				<ele>111.836456</ele>
			</trkpt>
			<trkpt lat="51.896877" lon="16.842649">
				<ele>112.600021</ele>
			</trkpt>
			<trkpt lat="51.898929" lon="16.842622">
				<ele>110.600021</ele>
			</trkpt>
			<trkpt lat="51.900486" lon="16.842594">
				<ele>108.592628</ele>
			</trkpt>
			<trkpt lat="51.900713" lon="16.842567">
				<ele>107.733734</ele>
			</trkpt>
			<trkpt lat="51.900896" lon="16.842477">
				<ele>106.456535</ele>
			</trkpt>
			<trkpt lat="51.901960" lon="16.841741">
				<ele>92.530670</ele>
			</trkpt>
			<trkpt lat="51.902155" lon="16.841633">
				<ele>90.627007</ele>
			</trkpt>
			<trkpt lat="51.902376" lon="16.841561">
				<ele>88.546928</ele>
			</trkpt>
			<trkpt lat="51.902819" lon="16.841462">
				<ele>85.814316</ele>
			</trkpt>
			<trkpt lat="51.904721" lon="16.841041">
				<ele>79.277802</ele>
			</trkpt>
			<trkpt lat="51.904886" lon="16.840978">
				<ele>78.989418</ele>
			</trkpt>
			<trkpt lat="51.905037" lon="16.840869">
				<ele>79.000015</ele>
			</trkpt>
			<trkpt lat="51.905208" lon="16.840716">
				<ele>79.314461</ele>
			</trkpt>
			<trkpt lat="51.905385" lon="16.840591">
				<ele>79.729973</ele>
			</trkpt>
			<trkpt lat="51.905585" lon="16.840501">
				<ele>80.524361</ele>
			</trkpt>
			<trkpt lat="51.905796" lon="16.840438">
				<ele>80.969788</ele>
			</trkpt>
			<trkpt lat="51.906023" lon="16.840420">
				<ele>81.800591</ele>
			</trkpt>
			<trkpt lat="51.906261" lon="16.840429">
				<ele>82.424629</ele>
			</trkpt>
			<trkpt lat="51.907359" lon="16.840626">
				<ele>86.576820</ele>
			</trkpt>
			<trkpt lat="51.907675" lon="16.840618">
				<ele>88.586029</ele>
			</trkpt>
			<trkpt lat="51.907907" lon="16.840564">
				<ele>89.837685</ele>
			</trkpt>
			<trkpt lat="51.908988" lon="16.839836">
				<ele>88.730606</ele>
			</trkpt>
			<trkpt lat="51.909969" lon="16.839154">
				<ele>92.188751</ele>
			</trkpt>
			<trkpt lat="51.910174" lon="16.838965">
				<ele>93.696159</ele>
			</trkpt>
			<trkpt lat="51.910351" lon="16.838741">
				<ele>96.992249</ele>
			</trkpt>
			<trkpt lat="51.910479" lon="16.838515">
				<ele>98.628899</ele>
			</trkpt>
			<trkpt lat="51.910917" lon="16.837519">
				<ele>104.799088</ele>
			</trkpt>
			<trkpt lat="51.911088" lon="16.837204">
				<ele>104.969681</ele>
			</trkpt>
			<trkpt lat="51.911249" lon="16.836980">
				<ele>105.873642</ele>
			</trkpt>
			<trkpt lat="51.911459" lon="16.836783">
				<ele>107.145691</ele>
			</trkpt>
			<trkpt lat="51.911554" lon="16.836720">
				<ele>107.600266</ele>
			</trkpt>
			<trkpt lat="51.911571" lon="16.836764">
				<ele>107.274567</ele>
			</trkpt>
			<trkpt lat="51.911709" lon="16.836683">
				<ele>107.921883</ele>
			</trkpt>
			<trkpt lat="51.911925" lon="16.836584">
				<ele>109.129715</ele>
			</trkpt>
			<trkpt lat="51.912224" lon="16.836521">
				<ele>110.170242</ele>
			</trkpt>
			<trkpt lat="51.912934" lon="16.836414">
				<ele>108.317841</ele>
			</trkpt>
			<trkpt lat="51.913427" lon="16.836360">
				<ele>107.600021</ele>
			</trkpt>
			<trkpt lat="51.914618" lon="16.836198">
				<ele>109.600021</ele>
			</trkpt>
			<trkpt lat="51.915111" lon="16.836135">
				<ele>109.088226</ele>
			</trkpt>
			<trkpt lat="51.915914" lon="16.836001">
				<ele>103.372963</ele>
			</trkpt>
			<trkpt lat="51.916419" lon="16.835911">
				<ele>99.927101</ele>
			</trkpt>
			<trkpt lat="51.916618" lon="16.835830">
				<ele>99.735352</ele>
			</trkpt>
			<trkpt lat="51.916895" lon="16.835749">
				<ele>100.284241</ele>
			</trkpt>
			<trkpt lat="51.917239" lon="16.835605">
				<ele>99.350273</ele>
			</trkpt>
			<trkpt lat="51.918059" lon="16.835219">
				<ele>91.499458</ele>
			</trkpt>
			<trkpt lat="51.918142" lon="16.835236">
				<ele>90.387978</ele>
			</trkpt>
			<trkpt lat="51.918330" lon="16.835120">
				<ele>88.587601</ele>
			</trkpt>
			<trkpt lat="51.919865" lon="16.834393">
				<ele>78.295563</ele>
			</trkpt>
			<trkpt lat="51.919904" lon="16.834330">
				<ele>78.281029</ele>
			</trkpt>
			<trkpt lat="51.920048" lon="16.834276">
				<ele>77.796997</ele>
			</trkpt>
			<trkpt lat="51.920846" lon="16.833880">
				<ele>76.426086</ele>
			</trkpt>
			<trkpt lat="51.920951" lon="16.833844">
				<ele>76.363060</ele>
			</trkpt>
			<trkpt lat="51.920951" lon="16.833728">
				<ele>76.400009</ele>
			</trkpt>
			<trkpt lat="51.921034" lon="16.833647">
				<ele>76.400009</ele>
			</trkpt>
			<trkpt lat="51.921100" lon="16.833575">
				<ele>76.274582</ele>
			</trkpt>
			<trkpt lat="51.921416" lon="16.833441">
				<ele>76.553360</ele>
			</trkpt>
			<trkpt lat="51.921489" lon="16.833404">
				<ele>76.593483</ele>
			</trkpt>
			<trkpt lat="51.921749" lon="16.833297">
				<ele>76.600021</ele>
			</trkpt>
			<trkpt lat="51.921904" lon="16.833234">
				<ele>76.800003</ele>
			</trkpt>
			<trkpt lat="51.923843" lon="16.832290">
				<ele>76.554993</ele>
			</trkpt>
			<trkpt lat="51.924115" lon="16.832138">
				<ele>75.934723</ele>
			</trkpt>
			<trkpt lat="51.924359" lon="16.831959">
				<ele>75.979187</ele>
			</trkpt>
			<trkpt lat="51.924652" lon="16.831680">
				<ele>75.490616</ele>
			</trkpt>
			<trkpt lat="51.924912" lon="16.831374">
				<ele>75.667931</ele>
			</trkpt>
			<trkpt lat="51.925151" lon="16.831024">
				<ele>75.856209</ele>
			</trkpt>
			<trkpt lat="51.925633" lon="16.830198">
				<ele>75.672569</ele>
			</trkpt>
			<trkpt lat="51.926818" lon="16.828158">
				<ele>74.827728</ele>
			</trkpt>
			<trkpt lat="51.926990" lon="16.827888">
				<ele>74.509712</ele>
			</trkpt>
			<trkpt lat="51.927194" lon="16.827638">
				<ele>74.332809</ele>
			</trkpt>
			<trkpt lat="51.928325" lon="16.826496">
				<ele>75.561089</ele>
			</trkpt>
			<trkpt lat="51.930025" lon="16.824709">
				<ele>74.593063</ele>
			</trkpt>
			<trkpt lat="51.930252" lon="16.824502">
				<ele>74.519455</ele>
			</trkpt>
			<trkpt lat="51.930452" lon="16.824395">
				<ele>74.027496</ele>
			</trkpt>
			<trkpt lat="51.930624" lon="16.824349">
				<ele>73.855202</ele>
			</trkpt>
			<trkpt lat="51.930778" lon="16.824340">
				<ele>73.682083</ele>
			</trkpt>
			<trkpt lat="51.932385" lon="16.824422">
				<ele>74.140129</ele>
			</trkpt>
			<trkpt lat="51.932490" lon="16.824422">
				<ele>74.250969</ele>
			</trkpt>
			<trkpt lat="51.934550" lon="16.824592">
				<ele>73.600014</ele>
			</trkpt>
			<trkpt lat="51.935464" lon="16.824655">
				<ele>73.634712</ele>
			</trkpt>
			<trkpt lat="51.935763" lon="16.824682">
				<ele>73.514687</ele>
			</trkpt>
			<trkpt lat="51.938643" lon="16.824888">
				<ele>73.534256</ele>
			</trkpt>
			<trkpt lat="51.940344" lon="16.825014">
				<ele>74.359062</ele>
			</trkpt>
			<trkpt lat="51.940543" lon="16.825014">
				<ele>74.759056</ele>
			</trkpt>
			<trkpt lat="51.940737" lon="16.824988">
				<ele>75.083878</ele>
			</trkpt>
			<trkpt lat="51.940842" lon="16.824969">
				<ele>75.363098</ele>
			</trkpt>
			<trkpt lat="51.942675" lon="16.824628">
				<ele>78.990669</ele>
			</trkpt>
			<trkpt lat="51.946009" lon="16.824009">
				<ele>76.655701</ele>
			</trkpt>
			<trkpt lat="51.946313" lon="16.823909">
				<ele>76.080002</ele>
			</trkpt>
			<trkpt lat="51.946529" lon="16.823793">
				<ele>75.527489</ele>
			</trkpt>
			<trkpt lat="51.946772" lon="16.823613">
				<ele>75.495972</ele>
			</trkpt>
			<trkpt lat="51.946978" lon="16.823433">
				<ele>75.220718</ele>
			</trkpt>
			<trkpt lat="51.947160" lon="16.823208">
				<ele>75.296951</ele>
			</trkpt>
			<trkpt lat="51.947354" lon="16.822921">
				<ele>75.207680</ele>
			</trkpt>
			<trkpt lat="51.947509" lon="16.822661">
				<ele>75.097031</ele>
			</trkpt>
			<trkpt lat="51.951806" lon="16.814692">
				<ele>73.199997</ele>
			</trkpt>
			<trkpt lat="51.952426" lon="16.813543">
				<ele>73.582008</ele>
			</trkpt>
			<trkpt lat="51.953522" lon="16.811495">
				<ele>75.673409</ele>
			</trkpt>
			<trkpt lat="51.954951" lon="16.808845">
				<ele>76.362854</ele>
			</trkpt>
			<trkpt lat="51.954995" lon="16.808764">
				<ele>76.567459</ele>
			</trkpt>
			<trkpt lat="51.955144" lon="16.808881">
				<ele>76.600021</ele>
			</trkpt>
			<trkpt lat="51.955294" lon="16.809024">
				<ele>76.553360</ele>
			</trkpt>
			<trkpt lat="51.956290" lon="16.810183">
				<ele>74.192444</ele>
			</trkpt>
			<trkpt lat="51.956473" lon="16.810336">
				<ele>73.373001</ele>
			</trkpt>
			<trkpt lat="51.956644" lon="16.810426">
				<ele>72.883072</ele>
			</trkpt>
			<trkpt lat="51.956816" lon="16.810443">
				<ele>72.800003</ele>
			</trkpt>
			<trkpt lat="51.956932" lon="16.810407">
				<ele>72.644905</ele>
			</trkpt>
			<trkpt lat="51.957037" lon="16.810353">
				<ele>72.512726</ele>
			</trkpt>
			<trkpt lat="51.957326" lon="16.810174">
				<ele>72.600395</ele>
			</trkpt>
			<trkpt lat="51.957381" lon="16.810137">
				<ele>72.789413</ele>
			</trkpt>
			<trkpt lat="51.957414" lon="16.810254">
				<ele>72.400009</ele>
			</trkpt>
			<trkpt lat="51.957447" lon="16.810372">
				<ele>71.916786</ele>
			</trkpt>
			<trkpt lat="51.957491" lon="16.810489">
				<ele>71.325798</ele>
			</trkpt>
			<trkpt lat="51.957552" lon="16.810640">
				<ele>71.039879</ele>
			</trkpt>
			<trkpt lat="51.957613" lon="16.810776">
				<ele>71.072517</ele>
			</trkpt>
			<trkpt lat="51.957690" lon="16.810929">
				<ele>71.065460</ele>
			</trkpt>
			<trkpt lat="51.958112" lon="16.811692">
				<ele>70.707436</ele>
			</trkpt>
			<trkpt lat="51.958338" lon="16.812114">
				<ele>70.448463</ele>
			</trkpt>
			<trkpt lat="51.959634" lon="16.814504">
				<ele>71.742790</ele>
			</trkpt>
			<trkpt lat="51.959855" lon="16.814908">
				<ele>71.546303</ele>
			</trkpt>
			<trkpt lat="51.960647" lon="16.816372">
				<ele>70.781830</ele>
			</trkpt>
			<trkpt lat="51.960730" lon="16.816525">
				<ele>70.828568</ele>
			</trkpt>
			<trkpt lat="51.961040" lon="16.817100">
				<ele>71.034416</ele>
			</trkpt>
			<trkpt lat="51.961117" lon="16.817244">
				<ele>71.411469</ele>
			</trkpt>
			<trkpt lat="51.961383" lon="16.817728">
				<ele>72.205383</ele>
			</trkpt>
			<trkpt lat="51.961499" lon="16.817944">
				<ele>72.924271</ele>
			</trkpt>
			<trkpt lat="51.961527" lon="16.817998">
				<ele>72.999519</ele>
			</trkpt>
			<trkpt lat="51.961654" lon="16.818223">
				<ele>73.874268</ele>
			</trkpt>
			<trkpt lat="51.961682" lon="16.818277">
				<ele>74.080429</ele>
			</trkpt>
			<trkpt lat="51.961710" lon="16.818322">
				<ele>74.230911</ele>
			</trkpt>
			<trkpt lat="51.961754" lon="16.818366">
				<ele>74.400009</ele>
			</trkpt>
			<trkpt lat="51.961754" lon="16.818366">
				<ele>74.400009</ele>
			</trkpt>
			<trkpt lat="51.961770" lon="16.818384">
				<ele>74.400009</ele>
			</trkpt>
			<trkpt lat="51.961848" lon="16.818420">
				<ele>74.513176</ele>
			</trkpt>
			<trkpt lat="51.961986" lon="16.818474">
				<ele>74.900124</ele>
			</trkpt>
			<trkpt lat="51.962091" lon="16.818519">
				<ele>75.120583</ele>
			</trkpt>
			<trkpt lat="51.962152" lon="16.818556">
				<ele>75.362320</ele>
			</trkpt>
			<trkpt lat="51.962197" lon="16.818582">
				<ele>75.400009</ele>
			</trkpt>
			<trkpt lat="51.962241" lon="16.818645">
				<ele>75.495590</ele>
			</trkpt>
			<trkpt lat="51.962324" lon="16.818762">
				<ele>76.203133</ele>
			</trkpt>
			<trkpt lat="51.962490" lon="16.819013">
				<ele>77.077133</ele>
			</trkpt>
			<trkpt lat="51.962545" lon="16.819122">
				<ele>77.300682</ele>
			</trkpt>
			<trkpt lat="51.962811" lon="16.819661">
				<ele>78.014717</ele>
			</trkpt>
			<trkpt lat="51.962844" lon="16.819732">
				<ele>78.175056</ele>
			</trkpt>
			<trkpt lat="51.962883" lon="16.819804">
				<ele>78.226089</ele>
			</trkpt>
			<trkpt lat="51.962933" lon="16.819858">
				<ele>78.365822</ele>
			</trkpt>
			<trkpt lat="51.962994" lon="16.819921">
				<ele>78.537819</ele>
			</trkpt>
			<trkpt lat="51.963055" lon="16.819957">
				<ele>78.600029</ele>
			</trkpt>
			<trkpt lat="51.963104" lon="16.819974">
				<ele>78.670807</ele>
			</trkpt>
			<trkpt lat="51.963171" lon="16.819974">
				<ele>78.850098</ele>
			</trkpt>
			<trkpt lat="51.963254" lon="16.819974">
				<ele>79.007324</ele>
			</trkpt>
			<trkpt lat="51.963470" lon="16.819984">
				<ele>79.199997</ele>
			</trkpt>
			<trkpt lat="51.963597" lon="16.819992">
				<ele>79.269638</ele>
			</trkpt>
			<trkpt lat="51.963996" lon="16.820011">
				<ele>79.600021</ele>
			</trkpt>
			<trkpt lat="51.964151" lon="16.820020">
				<ele>79.600021</ele>
			</trkpt>
			<trkpt lat="51.964283" lon="16.820055">
				<ele>79.600021</ele>
			</trkpt>
			<trkpt lat="51.964411" lon="16.820110">
				<ele>79.600029</ele>
			</trkpt>
			<trkpt lat="51.964666" lon="16.820227">
				<ele>79.384140</ele>
			</trkpt>
			<trkpt lat="51.964848" lon="16.820316">
				<ele>79.051788</ele>
			</trkpt>
			<trkpt lat="51.964870" lon="16.820271">
				<ele>79.126595</ele>
			</trkpt>
			<trkpt lat="51.964887" lon="16.820227">
				<ele>79.154762</ele>
			</trkpt>
			<trkpt lat="51.964970" lon="16.820137">
				<ele>79.158730</ele>
			</trkpt>
			<trkpt lat="51.965174" lon="16.820038">
				<ele>79.287521</ele>
			</trkpt>
			<trkpt lat="51.965379" lon="16.819930">
				<ele>79.628586</ele>
			</trkpt>
			<trkpt lat="51.965579" lon="16.819822">
				<ele>80.000015</ele>
			</trkpt>
			<trkpt lat="51.965817" lon="16.819661">
				<ele>80.327347</ele>
			</trkpt>
			<trkpt lat="51.966243" lon="16.819309">
				<ele>81.095818</ele>
			</trkpt>
			<trkpt lat="51.966536" lon="16.819049">
				<ele>81.523483</ele>
			</trkpt>
			<trkpt lat="51.966763" lon="16.818879">
				<ele>81.688637</ele>
			</trkpt>
			<trkpt lat="51.967056" lon="16.818717">
				<ele>82.000015</ele>
			</trkpt>
			<trkpt lat="51.968285" lon="16.818250">
				<ele>81.400009</ele>
			</trkpt>
			<trkpt lat="51.968551" lon="16.818151">
				<ele>81.000679</ele>
			</trkpt>
			<trkpt lat="51.968877" lon="16.818026">
				<ele>80.287491</ele>
			</trkpt>
			<trkpt lat="51.969065" lon="16.817971">
				<ele>79.820450</ele>
			</trkpt>
			<trkpt lat="51.969276" lon="16.817944">
				<ele>79.358871</ele>
			</trkpt>
			<trkpt lat="51.969514" lon="16.817953">
				<ele>78.857498</ele>
			</trkpt>
			<trkpt lat="51.969707" lon="16.817990">
				<ele>78.445618</ele>
			</trkpt>
			<trkpt lat="51.969912" lon="16.818053">
				<ele>77.927628</ele>
			</trkpt>
			<trkpt lat="51.970211" lon="16.818187">
				<ele>76.845383</ele>
			</trkpt>
			<trkpt lat="51.971058" lon="16.818636">
				<ele>73.797699</ele>
			</trkpt>
			<trkpt lat="51.971218" lon="16.818717">
				<ele>73.800011</ele>
			</trkpt>
			<trkpt lat="51.971384" lon="16.818780">
				<ele>73.696991</ele>
			</trkpt>
			<trkpt lat="51.971578" lon="16.818833">
				<ele>74.117943</ele>
			</trkpt>
			<trkpt lat="51.972142" lon="16.818969">
				<ele>75.729950</ele>
			</trkpt>
			<trkpt lat="51.972856" lon="16.819130">
				<ele>79.763954</ele>
			</trkpt>
			<trkpt lat="51.974013" lon="16.819399">
				<ele>80.208809</ele>
			</trkpt>
			<trkpt lat="51.974090" lon="16.819418">
				<ele>80.199997</ele>
			</trkpt>
			<trkpt lat="51.974389" lon="16.819472">
				<ele>80.199997</ele>
			</trkpt>
			<trkpt lat="51.974539" lon="16.819498">
				<ele>80.077667</ele>
			</trkpt>
			<trkpt lat="51.974688" lon="16.819498">
				<ele>79.983932</ele>
			</trkpt>
			<trkpt lat="51.974815" lon="16.819454">
				<ele>79.800003</ele>
			</trkpt>
			<trkpt lat="51.974948" lon="16.819372">
				<ele>79.698303</ele>
			</trkpt>
			<trkpt lat="51.975058" lon="16.819265">
				<ele>79.221977</ele>
			</trkpt>
			<trkpt lat="51.975955" lon="16.818357">
				<ele>76.875320</ele>
			</trkpt>
			<trkpt lat="51.976149" lon="16.818177">
				<ele>75.937500</ele>
			</trkpt>
			<trkpt lat="51.976392" lon="16.817963">
				<ele>74.842171</ele>
			</trkpt>
			<trkpt lat="51.976564" lon="16.817827">
				<ele>73.313354</ele>
			</trkpt>
			<trkpt lat="51.976719" lon="16.817720">
				<ele>73.012131</ele>
			</trkpt>
			<trkpt lat="51.978677" lon="16.816408">
				<ele>76.126266</ele>
			</trkpt>
			<trkpt lat="51.978860" lon="16.816273">
				<ele>76.440010</ele>
			</trkpt>
			<trkpt lat="51.979037" lon="16.816112">
				<ele>76.583740</ele>
			</trkpt>
			<trkpt lat="51.979153" lon="16.816003">
				<ele>76.400009</ele>
			</trkpt>
			<trkpt lat="51.981439" lon="16.813803">
				<ele>73.951660</ele>
			</trkpt>
			<trkpt lat="51.981887" lon="16.813380">
				<ele>73.818687</ele>
			</trkpt>
			<trkpt lat="51.982036" lon="16.813229">
				<ele>73.811958</ele>
			</trkpt>
			<trkpt lat="51.982164" lon="16.813057">
				<ele>73.968399</ele>
			</trkpt>
			<trkpt lat="51.982274" lon="16.812887">
				<ele>73.896774</ele>
			</trkpt>
			<trkpt lat="51.982390" lon="16.812690">
				<ele>73.595657</ele>
			</trkpt>
			<trkpt lat="51.982484" lon="16.812501">
				<ele>73.180939</ele>
			</trkpt>
			<trkpt lat="51.982578" lon="16.812267">
				<ele>73.322327</ele>
			</trkpt>
			<trkpt lat="51.982689" lon="16.811980">
				<ele>73.400009</ele>
			</trkpt>
			<trkpt lat="51.983757" lon="16.808835">
				<ele>72.243713</ele>
			</trkpt>
			<trkpt lat="51.983834" lon="16.808529">
				<ele>72.258690</ele>
			</trkpt>
			<trkpt lat="51.983878" lon="16.808216">
				<ele>72.199997</ele>
			</trkpt>
			<trkpt lat="51.983890" lon="16.807956">
				<ele>72.219925</ele>
			</trkpt>
			<trkpt lat="51.983878" lon="16.807650">
				<ele>72.200005</ele>
			</trkpt>
			<trkpt lat="51.983851" lon="16.807371">
				<ele>72.112434</ele>
			</trkpt>
			<trkpt lat="51.983524" lon="16.804703">
				<ele>71.788040</ele>
			</trkpt>
			<trkpt lat="51.983491" lon="16.804353">
				<ele>71.691307</ele>
			</trkpt>
			<trkpt lat="51.983486" lon="16.803994">
				<ele>71.767670</ele>
			</trkpt>
			<trkpt lat="51.983508" lon="16.803562">
				<ele>71.945053</ele>
			</trkpt>
			<trkpt lat="51.983558" lon="16.803185">
				<ele>72.000015</ele>
			</trkpt>
			<trkpt lat="51.983629" lon="16.802790">
				<ele>71.800003</ele>
			</trkpt>
			<trkpt lat="51.983740" lon="16.802377">
				<ele>71.800003</ele>
			</trkpt>
			<trkpt lat="51.983856" lon="16.802063">
				<ele>71.780846</ele>
			</trkpt>
			<trkpt lat="51.984006" lon="16.801721">
				<ele>71.672874</ele>
			</trkpt>
			<trkpt lat="51.985621" lon="16.798342">
				<ele>71.364525</ele>
			</trkpt>
			<trkpt lat="51.985915" lon="16.797742">
				<ele>71.527580</ele>
			</trkpt>
			<trkpt lat="51.986031" lon="16.797543">
				<ele>71.600021</ele>
			</trkpt>
			<trkpt lat="51.986158" lon="16.797346">
				<ele>71.600021</ele>
			</trkpt>
			<trkpt lat="51.986462" lon="16.796987">
				<ele>71.497673</ele>
			</trkpt>
			<trkpt lat="51.987093" lon="16.796295">
				<ele>71.736076</ele>
			</trkpt>
			<trkpt lat="51.988133" lon="16.795126">
				<ele>72.349075</ele>
			</trkpt>
			<trkpt lat="51.988315" lon="16.794939">
				<ele>72.565254</ele>
			</trkpt>
			<trkpt lat="51.988482" lon="16.794759">
				<ele>72.550789</ele>
			</trkpt>
			<trkpt lat="51.988708" lon="16.794570">
				<ele>72.630486</ele>
			</trkpt>
			<trkpt lat="51.988957" lon="16.794363">
				<ele>72.894386</ele>
			</trkpt>
			<trkpt lat="51.990501" lon="16.793168">
				<ele>73.452469</ele>
			</trkpt>
			<trkpt lat="51.991541" lon="16.792379">
				<ele>73.199997</ele>
			</trkpt>
			<trkpt lat="51.991983" lon="16.792046">
				<ele>73.000015</ele>
			</trkpt>
			<trkpt lat="51.992198" lon="16.791830">
				<ele>72.947258</ele>
			</trkpt>
			<trkpt lat="51.992724" lon="16.791337">
				<ele>72.400009</ele>
			</trkpt>
			<trkpt lat="51.992962" lon="16.791103">
				<ele>72.268723</ele>
			</trkpt>
			<trkpt lat="51.993338" lon="16.790744">
				<ele>72.000023</ele>
			</trkpt>
			<trkpt lat="51.993415" lon="16.790662">
				<ele>72.000008</ele>
			</trkpt>
			<trkpt lat="51.993493" lon="16.790555">
				<ele>71.845177</ele>
			</trkpt>
			<trkpt lat="51.993560" lon="16.790438">
				<ele>71.800003</ele>
			</trkpt>
			<trkpt lat="51.993742" lon="16.790088">
				<ele>71.600021</ele>
			</trkpt>
			<trkpt lat="51.993803" lon="16.789979">
				<ele>71.545410</ele>
			</trkpt>
			<trkpt lat="51.993869" lon="16.789881">
				<ele>71.423714</ele>
			</trkpt>
			<trkpt lat="51.993941" lon="16.789800">
				<ele>71.397911</ele>
			</trkpt>
			<trkpt lat="51.994035" lon="16.789719">
				<ele>71.401085</ele>
			</trkpt>
			<trkpt lat="51.994162" lon="16.789612">
				<ele>71.577583</ele>
			</trkpt>
			<trkpt lat="51.994328" lon="16.789495">
				<ele>71.619858</ele>
			</trkpt>
			<trkpt lat="51.994461" lon="16.789405">
				<ele>71.688324</ele>
			</trkpt>
			<trkpt lat="51.994571" lon="16.789342">
				<ele>71.800003</ele>
			</trkpt>
			<trkpt lat="51.994694" lon="16.789289">
				<ele>71.970490</ele>
			</trkpt>
			<trkpt lat="51.994815" lon="16.789234">
				<ele>72.006378</ele>
			</trkpt>
			<trkpt lat="51.994926" lon="16.789189">
				<ele>72.078171</ele>
			</trkpt>
			<trkpt lat="51.995042" lon="16.789163">
				<ele>71.998039</ele>
			</trkpt>
			<trkpt lat="51.995125" lon="16.789144">
				<ele>72.000015</ele>
			</trkpt>
			<trkpt lat="51.995225" lon="16.789136">
				<ele>72.000015</ele>
			</trkpt>
			<trkpt lat="51.995329" lon="16.789144">
				<ele>71.800003</ele>
			</trkpt>
			<trkpt lat="51.995739" lon="16.789207">
				<ele>71.473480</ele>
			</trkpt>
			<trkpt lat="51.995789" lon="16.789216">
				<ele>71.446602</ele>
			</trkpt>
			<trkpt lat="51.995855" lon="16.789199">
				<ele>71.500351</ele>
			</trkpt>
			<trkpt lat="51.995894" lon="16.789144">
				<ele>71.600021</ele>
			</trkpt>
			<trkpt lat="51.995927" lon="16.789063">
				<ele>71.518097</ele>
			</trkpt>
			<trkpt lat="51.995932" lon="16.788983">
				<ele>71.400017</ele>
			</trkpt>
			<trkpt lat="51.995927" lon="16.788857">
				<ele>71.091194</ele>
			</trkpt>
			<trkpt lat="51.995877" lon="16.788453">
				<ele>71.000023</ele>
			</trkpt>
			<trkpt lat="51.995827" lon="16.787977">
				<ele>70.853027</ele>
			</trkpt>
			<trkpt lat="51.995805" lon="16.787492">
				<ele>70.605156</ele>
			</trkpt>
			<trkpt lat="51.995772" lon="16.786108">
				<ele>70.302551</ele>
			</trkpt>
			<trkpt lat="51.995750" lon="16.784994">
				<ele>70.038063</ele>
			</trkpt>
			<trkpt lat="51.995734" lon="16.783790">
				<ele>69.595070</ele>
			</trkpt>
			<trkpt lat="51.995727" lon="16.783574">
				<ele>69.573570</ele>
			</trkpt>
			<trkpt lat="51.995711" lon="16.783386">
				<ele>69.833206</ele>
			</trkpt>
			<trkpt lat="51.995683" lon="16.783243">
				<ele>70.444580</ele>
			</trkpt>
			<trkpt lat="51.995673" lon="16.783180">
				<ele>70.372986</ele>
			</trkpt>
			<trkpt lat="51.995589" lon="16.782847">
				<ele>69.613419</ele>
			</trkpt>
			<trkpt lat="51.995114" lon="16.781033">
				<ele>69.570953</ele>
			</trkpt>
			<trkpt lat="51.995042" lon="16.780763">
				<ele>69.355072</ele>
			</trkpt>
			<trkpt lat="51.994964" lon="16.780521">
				<ele>69.247574</ele>
			</trkpt>
			<trkpt lat="51.994848" lon="16.780278">
				<ele>69.457153</ele>
			</trkpt>
			<trkpt lat="51.994500" lon="16.779748">
				<ele>70.130089</ele>
			</trkpt>
			<trkpt lat="51.994362" lon="16.779523">
				<ele>71.000015</ele>
			</trkpt>
			<trkpt lat="51.994306" lon="16.779398">
				<ele>71.556671</ele>
			</trkpt>
			<trkpt lat="51.994256" lon="16.779281">
				<ele>71.690964</ele>
			</trkpt>
			<trkpt lat="51.994201" lon="16.779029">
				<ele>72.194733</ele>
			</trkpt>
			<trkpt lat="51.994101" lon="16.778320">
				<ele>73.745193</ele>
			</trkpt>
			<trkpt lat="51.994091" lon="16.778123">
				<ele>73.871902</ele>
			</trkpt>
			<trkpt lat="51.994240" lon="16.778123">
				<ele>74.099457</ele>
			</trkpt>
			<trkpt lat="51.994644" lon="16.778123">
				<ele>74.866234</ele>
			</trkpt>
			<trkpt lat="51.994710" lon="16.778094">
				<ele>74.984840</ele>
			</trkpt>
			<trkpt lat="51.994776" lon="16.778033">
				<ele>75.277641</ele>
			</trkpt>
			<trkpt lat="51.994815" lon="16.777960">
				<ele>75.404594</ele>
			</trkpt>
			<trkpt lat="51.994848" lon="16.777853">
				<ele>75.600021</ele>
			</trkpt>
			<trkpt lat="51.994871" lon="16.777718">
				<ele>75.644951</ele>
			</trkpt>
			<trkpt lat="51.994920" lon="16.777287">
				<ele>76.191818</ele>
			</trkpt>
			<trkpt lat="51.994970" lon="16.776865">
				<ele>76.965469</ele>
			</trkpt>
			<trkpt lat="51.995042" lon="16.776397">
				<ele>77.573441</ele>
			</trkpt>
			<trkpt lat="51.995097" lon="16.776110">
				<ele>78.000015</ele>
			</trkpt>
			<trkpt lat="51.995164" lon="16.775831">
				<ele>78.764267</ele>
			</trkpt>
			<trkpt lat="51.995230" lon="16.775589">
				<ele>79.246803</ele>
			</trkpt>
			<trkpt lat="51.995318" lon="16.775373">
				<ele>79.447784</ele>
			</trkpt>
			<trkpt lat="51.995412" lon="16.775194">
				<ele>79.759315</ele>
			</trkpt>
			<trkpt lat="51.995689" lon="16.774744">
				<ele>80.409149</ele>
			</trkpt>
			<trkpt lat="51.995794" lon="16.774547">
				<ele>80.912590</ele>
			</trkpt>
			<trkpt lat="51.995921" lon="16.774259">
				<ele>81.321762</ele>
			</trkpt>
			<trkpt lat="51.996021" lon="16.773963">
				<ele>81.601242</ele>
			</trkpt>
			<trkpt lat="51.999721" lon="16.762932">
				<ele>83.372421</ele>
			</trkpt>
			<trkpt lat="51.999892" lon="16.762410">
				<ele>83.400009</ele>
			</trkpt>
			<trkpt lat="52.000059" lon="16.761917">
				<ele>83.600029</ele>
			</trkpt>
			<trkpt lat="52.000086" lon="16.761827">
				<ele>83.600021</ele>
			</trkpt>
			<trkpt lat="52.000258" lon="16.761278">
				<ele>83.600021</ele>
			</trkpt>
			<trkpt lat="52.000296" lon="16.761152">
				<ele>83.581215</ele>
			</trkpt>
			<trkpt lat="52.000352" lon="16.761036">
				<ele>83.599190</ele>
			</trkpt>
			<trkpt lat="52.000429" lon="16.760892">
				<ele>83.583900</ele>
			</trkpt>
			<trkpt lat="52.000562" lon="16.760668">
				<ele>83.415352</ele>
			</trkpt>
			<trkpt lat="52.000739" lon="16.760399">
				<ele>82.902489</ele>
			</trkpt>
			<trkpt lat="52.003675" lon="16.755969">
				<ele>82.400009</ele>
			</trkpt>
			<trkpt lat="52.004001" lon="16.755475">
				<ele>82.000023</ele>
			</trkpt>
			<trkpt lat="52.004151" lon="16.755251">
				<ele>81.693031</ele>
			</trkpt>
			<trkpt lat="52.004378" lon="16.754909">
				<ele>81.400017</ele>
			</trkpt>
			<trkpt lat="52.004986" lon="16.753993">
				<ele>80.568298</ele>
			</trkpt>
			<trkpt lat="52.005290" lon="16.753554">
				<ele>80.199989</ele>
			</trkpt>
			<trkpt lat="52.005439" lon="16.753301">
				<ele>80.000015</ele>
			</trkpt>
			<trkpt lat="52.005589" lon="16.753041">
				<ele>79.858398</ele>
			</trkpt>
			<trkpt lat="52.006224" lon="16.751837">
				<ele>79.180260</ele>
			</trkpt>
			<trkpt lat="52.009216" lon="16.746204">
				<ele>76.799995</ele>
			</trkpt>
			<trkpt lat="52.009326" lon="16.745998">
				<ele>76.613647</ele>
			</trkpt>
			<trkpt lat="52.009437" lon="16.745783">
				<ele>76.632042</ele>
			</trkpt>
			<trkpt lat="52.011323" lon="16.742225">
				<ele>77.402626</ele>
			</trkpt>
			<trkpt lat="52.013733" lon="16.737688">
				<ele>78.091949</ele>
			</trkpt>
			<trkpt lat="52.016116" lon="16.733170">
				<ele>75.000023</ele>
			</trkpt>
			<trkpt lat="52.017078" lon="16.731373">
				<ele>73.273613</ele>
			</trkpt>
			<trkpt lat="52.017343" lon="16.730925">
				<ele>72.438995</ele>
			</trkpt>
			<trkpt lat="52.017471" lon="16.730772">
				<ele>72.385231</ele>
			</trkpt>
			<trkpt lat="52.018040" lon="16.730251">
				<ele>73.396713</ele>
			</trkpt>
			<trkpt lat="52.018212" lon="16.730044">
				<ele>73.600021</ele>
			</trkpt>
			<trkpt lat="52.018366" lon="16.729838">
				<ele>73.800003</ele>
			</trkpt>
			<trkpt lat="52.018609" lon="16.729497">
				<ele>73.783096</ele>
			</trkpt>
			<trkpt lat="52.018776" lon="16.729235">
				<ele>73.763855</ele>
			</trkpt>
			<trkpt lat="52.018963" lon="16.728895">
				<ele>73.600021</ele>
			</trkpt>
			<trkpt lat="52.022247" lon="16.722463">
				<ele>74.099464</ele>
			</trkpt>
			<trkpt lat="52.025332" lon="16.716192">
				<ele>76.600296</ele>
			</trkpt>
			<trkpt lat="52.025768" lon="16.715293">
				<ele>77.128151</ele>
			</trkpt>
			<trkpt lat="52.026608" lon="16.713587">
				<ele>77.800003</ele>
			</trkpt>
			<trkpt lat="52.027896" lon="16.710955">
				<ele>77.800003</ele>
			</trkpt>
			<trkpt lat="52.027946" lon="16.710794">
				<ele>77.800003</ele>
			</trkpt>
			<trkpt lat="52.027962" lon="16.710721">
				<ele>77.800003</ele>
			</trkpt>
			<trkpt lat="52.028100" lon="16.710695">
				<ele>77.799995</ele>
			</trkpt>
			<trkpt lat="52.028095" lon="16.710622">
				<ele>77.800003</ele>
			</trkpt>
			<trkpt lat="52.028161" lon="16.710622">
				<ele>77.723801</ele>
			</trkpt>
			<trkpt lat="52.028233" lon="16.710605">
				<ele>77.627304</ele>
			</trkpt>
			<trkpt lat="52.028631" lon="16.710479">
				<ele>77.060616</ele>
			</trkpt>
			<trkpt lat="52.028896" lon="16.710408">
				<ele>76.765327</ele>
			</trkpt>
			<trkpt lat="52.029101" lon="16.710353">
				<ele>76.452904</ele>
			</trkpt>
			<trkpt lat="52.029201" lon="16.710318">
				<ele>76.286835</ele>
			</trkpt>
			<trkpt lat="52.029466" lon="16.710255">
				<ele>75.989517</ele>
			</trkpt>
			<trkpt lat="52.029631" lon="16.710218">
				<ele>75.600021</ele>
			</trkpt>
			<trkpt lat="52.029709" lon="16.710192">
				<ele>75.475838</ele>
			</trkpt>
			<trkpt lat="52.029941" lon="16.710119">
				<ele>75.131378</ele>
			</trkpt>
			<trkpt lat="52.030057" lon="16.710092">
				<ele>74.897133</ele>
			</trkpt>
			<trkpt lat="52.030289" lon="16.710012">
				<ele>74.624672</ele>
			</trkpt>
			<trkpt lat="52.030400" lon="16.709949">
				<ele>74.935608</ele>
			</trkpt>
			<trkpt lat="52.030543" lon="16.709813">
				<ele>74.565483</ele>
			</trkpt>
			<trkpt lat="52.030665" lon="16.709599">
				<ele>74.368767</ele>
			</trkpt>
			<trkpt lat="52.030715" lon="16.709509">
				<ele>74.276260</ele>
			</trkpt>
			<trkpt lat="52.030715" lon="16.709509">
				<ele>74.276260</ele>
			</trkpt>
			<trkpt lat="52.030919" lon="16.709159">
				<ele>73.668457</ele>
			</trkpt>
			<trkpt lat="52.030974" lon="16.709041">
				<ele>73.581558</ele>
			</trkpt>
			<trkpt lat="52.030997" lon="16.709077">
				<ele>73.488434</ele>
			</trkpt>
			<trkpt lat="52.031068" lon="16.708951">
				<ele>73.311295</ele>
			</trkpt>
			<trkpt lat="52.031141" lon="16.708861">
				<ele>73.245010</ele>
			</trkpt>
			<trkpt lat="52.031223" lon="16.708808">
				<ele>73.029831</ele>
			</trkpt>
			<trkpt lat="52.031306" lon="16.708808">
				<ele>72.772064</ele>
			</trkpt>
			<trkpt lat="52.031406" lon="16.708853">
				<ele>72.492607</ele>
			</trkpt>
			<trkpt lat="52.032008" lon="16.709266">
				<ele>69.535393</ele>
			</trkpt>
			<trkpt lat="52.032505" lon="16.709607">
				<ele>69.144951</ele>
			</trkpt>
			<trkpt lat="52.032682" lon="16.709769">
				<ele>68.712585</ele>
			</trkpt>
			<trkpt lat="52.033274" lon="16.710434">
				<ele>68.948692</ele>
			</trkpt>
			<trkpt lat="52.033461" lon="16.710668">
				<ele>67.349586</ele>
			</trkpt>
			<trkpt lat="52.033893" lon="16.711171">
				<ele>68.231308</ele>
			</trkpt>
			<trkpt lat="52.034064" lon="16.711413">
				<ele>68.547768</ele>
			</trkpt>
			<trkpt lat="52.034805" lon="16.712635">
				<ele>69.798729</ele>
			</trkpt>
			<trkpt lat="52.035501" lon="16.713830">
				<ele>74.427612</ele>
			</trkpt>
			<trkpt lat="52.035865" lon="16.714440">
				<ele>75.304207</ele>
			</trkpt>
			<trkpt lat="52.035998" lon="16.714557">
				<ele>75.400009</ele>
			</trkpt>
			<trkpt lat="52.036059" lon="16.714576">
				<ele>75.400009</ele>
			</trkpt>
			<trkpt lat="52.036125" lon="16.714584">
				<ele>75.403725</ele>
			</trkpt>
			<trkpt lat="52.036247" lon="16.714566">
				<ele>75.600021</ele>
			</trkpt>
			<trkpt lat="52.036374" lon="16.714467">
				<ele>75.565849</ele>
			</trkpt>
			<trkpt lat="52.036799" lon="16.714117">
				<ele>75.600021</ele>
			</trkpt>
			<trkpt lat="52.037667" lon="16.713408">
				<ele>75.600021</ele>
			</trkpt>
			<trkpt lat="52.039596" lon="16.711836">
				<ele>74.509972</ele>
			</trkpt>
			<trkpt lat="52.039767" lon="16.711700">
				<ele>74.600021</ele>
			</trkpt>
			<trkpt lat="52.042900" lon="16.709060">
				<ele>74.800011</ele>
			</trkpt>
			<trkpt lat="52.043436" lon="16.708628">
				<ele>74.600029</ele>
			</trkpt>
			<trkpt lat="52.043541" lon="16.708547">
				<ele>74.600021</ele>
			</trkpt>
			<trkpt lat="52.043668" lon="16.708458">
				<ele>74.600021</ele>
			</trkpt>
			<trkpt lat="52.043883" lon="16.708332">
				<ele>74.600021</ele>
			</trkpt>
			<trkpt lat="52.044182" lon="16.708171">
				<ele>74.800003</ele>
			</trkpt>
			<trkpt lat="52.044408" lon="16.708081">
				<ele>74.800003</ele>
			</trkpt>
			<trkpt lat="52.044629" lon="16.708054">
				<ele>74.845467</ele>
			</trkpt>
			<trkpt lat="52.045237" lon="16.708117">
				<ele>75.199997</ele>
			</trkpt>
			<trkpt lat="52.046121" lon="16.708278">
				<ele>75.800011</ele>
			</trkpt>
			<trkpt lat="52.046463" lon="16.708377">
				<ele>75.820312</ele>
			</trkpt>
			<trkpt lat="52.047546" lon="16.708745">
				<ele>75.985748</ele>
			</trkpt>
			<trkpt lat="52.047850" lon="16.708817">
				<ele>76.199997</ele>
			</trkpt>
			<trkpt lat="52.047999" lon="16.708826">
				<ele>76.135170</ele>
			</trkpt>
			<trkpt lat="52.054176" lon="16.708440">
				<ele>75.253166</ele>
			</trkpt>
			<trkpt lat="52.055407" lon="16.708358">
				<ele>75.025681</ele>
			</trkpt>
			<trkpt lat="52.056214" lon="16.708305">
				<ele>74.605873</ele>
			</trkpt>
			<trkpt lat="52.056302" lon="16.708305">
				<ele>74.765259</ele>
			</trkpt>
			<trkpt lat="52.056385" lon="16.708314">
				<ele>74.704926</ele>
			</trkpt>
			<trkpt lat="52.056473" lon="16.708332">
				<ele>74.612572</ele>
			</trkpt>
			<trkpt lat="52.056799" lon="16.708440">
				<ele>74.383423</ele>
			</trkpt>
			<trkpt lat="52.057170" lon="16.708565">
				<ele>74.045677</ele>
			</trkpt>
			<trkpt lat="52.057291" lon="16.708601">
				<ele>73.960373</ele>
			</trkpt>
			<trkpt lat="52.057335" lon="16.708620">
				<ele>73.876274</ele>
			</trkpt>
			<trkpt lat="52.057368" lon="16.708628">
				<ele>73.873535</ele>
			</trkpt>
			<trkpt lat="52.057434" lon="16.708655">
				<ele>73.914032</ele>
			</trkpt>
			<trkpt lat="52.057617" lon="16.708718">
				<ele>73.697441</ele>
			</trkpt>
			<trkpt lat="52.057931" lon="16.708834">
				<ele>73.444069</ele>
			</trkpt>
			<trkpt lat="52.058291" lon="16.708970">
				<ele>73.600029</ele>
			</trkpt>
			<trkpt lat="52.058859" lon="16.709167">
				<ele>73.800003</ele>
			</trkpt>
			<trkpt lat="52.059262" lon="16.709311">
				<ele>73.404610</ele>
			</trkpt>
			<trkpt lat="52.059290" lon="16.709320">
				<ele>73.414505</ele>
			</trkpt>
			<trkpt lat="52.059340" lon="16.709337">
				<ele>73.400009</ele>
			</trkpt>
			<trkpt lat="52.059566" lon="16.709427">
				<ele>73.000015</ele>
			</trkpt>
			<trkpt lat="52.060025" lon="16.709616">
				<ele>72.285065</ele>
			</trkpt>
			<trkpt lat="52.060130" lon="16.709670">
				<ele>72.028397</ele>
			</trkpt>
			<trkpt lat="52.060174" lon="16.709697">
				<ele>71.914444</ele>
			</trkpt>
			<trkpt lat="52.060240" lon="16.709742">
				<ele>71.723862</ele>
			</trkpt>
			<trkpt lat="52.060356" lon="16.709842">
				<ele>71.360641</ele>
			</trkpt>
			<trkpt lat="52.060472" lon="16.709949">
				<ele>71.413528</ele>
			</trkpt>
			<trkpt lat="52.060992" lon="16.710452">
				<ele>71.059593</ele>
			</trkpt>
			<trkpt lat="52.061086" lon="16.710551">
				<ele>70.933357</ele>
			</trkpt>
			<trkpt lat="52.061129" lon="16.710605">
				<ele>71.045670</ele>
			</trkpt>
			<trkpt lat="52.061168" lon="16.710668">
				<ele>71.116745</ele>
			</trkpt>
			<trkpt lat="52.061202" lon="16.710731">
				<ele>71.534798</ele>
			</trkpt>
			<trkpt lat="52.061234" lon="16.710802">
				<ele>72.057655</ele>
			</trkpt>
			<trkpt lat="52.061273" lon="16.710892">
				<ele>72.373039</ele>
			</trkpt>
			<trkpt lat="52.061301" lon="16.710964">
				<ele>72.764679</ele>
			</trkpt>
			<trkpt lat="52.061367" lon="16.711134">
				<ele>73.574486</ele>
			</trkpt>
			<trkpt lat="52.061389" lon="16.711197">
				<ele>73.786499</ele>
			</trkpt>
			<trkpt lat="52.061417" lon="16.711261">
				<ele>73.958725</ele>
			</trkpt>
			<trkpt lat="52.061439" lon="16.711305">
				<ele>74.152199</ele>
			</trkpt>
			<trkpt lat="52.061450" lon="16.711324">
				<ele>74.232819</ele>
			</trkpt>
			<trkpt lat="52.061472" lon="16.711360">
				<ele>74.353592</ele>
			</trkpt>
			<trkpt lat="52.061505" lon="16.711404">
				<ele>74.341385</ele>
			</trkpt>
			<trkpt lat="52.061538" lon="16.711450">
				<ele>74.401398</ele>
			</trkpt>
			<trkpt lat="52.061566" lon="16.711484">
				<ele>74.454559</ele>
			</trkpt>
			<trkpt lat="52.061615" lon="16.711521">
				<ele>74.627449</ele>
			</trkpt>
			<trkpt lat="52.061660" lon="16.711557">
				<ele>74.756424</ele>
			</trkpt>
			<trkpt lat="52.061743" lon="16.711620">
				<ele>75.078674</ele>
			</trkpt>
			<trkpt lat="52.066962" lon="16.715555">
				<ele>72.796799</ele>
			</trkpt>
			<trkpt lat="52.068618" lon="16.716803">
				<ele>72.382713</ele>
			</trkpt>
			<trkpt lat="52.069198" lon="16.717243">
				<ele>72.400009</ele>
			</trkpt>
			<trkpt lat="52.071523" lon="16.719013">
				<ele>71.800011</ele>
			</trkpt>
			<trkpt lat="52.071605" lon="16.719067">
				<ele>71.799995</ele>
			</trkpt>
			<trkpt lat="52.074018" lon="16.720882">
				<ele>71.017372</ele>
			</trkpt>
			<trkpt lat="52.074179" lon="16.721008">
				<ele>70.800003</ele>
			</trkpt>
			<trkpt lat="52.074278" lon="16.721098">
				<ele>70.793488</ele>
			</trkpt>
			<trkpt lat="52.074427" lon="16.721268">
				<ele>70.600029</ele>
			</trkpt>
			<trkpt lat="52.078203" lon="16.725840">
				<ele>73.199997</ele>
			</trkpt>
			<trkpt lat="52.078330" lon="16.725983">
				<ele>73.199997</ele>
			</trkpt>
			<trkpt lat="52.078342" lon="16.726019">
				<ele>73.215073</ele>
			</trkpt>
			<trkpt lat="52.078358" lon="16.726046">
				<ele>73.199997</ele>
			</trkpt>
			<trkpt lat="52.078374" lon="16.726065">
				<ele>73.200005</ele>
			</trkpt>
			<trkpt lat="52.078408" lon="16.726109">
				<ele>73.199997</ele>
			</trkpt>
			<trkpt lat="52.078441" lon="16.726155">
				<ele>73.199997</ele>
			</trkpt>
			<trkpt lat="52.078468" lon="16.726199">
				<ele>73.200005</ele>
			</trkpt>
			<trkpt lat="52.078496" lon="16.726245">
				<ele>73.199997</ele>
			</trkpt>
			<trkpt lat="52.078529" lon="16.726308">
				<ele>73.289001</ele>
			</trkpt>
			<trkpt lat="52.078545" lon="16.726352">
				<ele>73.400017</ele>
			</trkpt>
			<trkpt lat="52.078557" lon="16.726406">
				<ele>73.400009</ele>
			</trkpt>
			<trkpt lat="52.078568" lon="16.726442">
				<ele>73.400017</ele>
			</trkpt>
			<trkpt lat="52.078584" lon="16.726478">
				<ele>73.361755</ele>
			</trkpt>
			<trkpt lat="52.078606" lon="16.726495">
				<ele>73.308083</ele>
			</trkpt>
			<trkpt lat="52.078623" lon="16.726505">
				<ele>73.281029</ele>
			</trkpt>
			<trkpt lat="52.078639" lon="16.726505">
				<ele>73.248329</ele>
			</trkpt>
			<trkpt lat="52.078656" lon="16.726505">
				<ele>73.237755</ele>
			</trkpt>
			<trkpt lat="52.078673" lon="16.726505">
				<ele>73.224876</ele>
			</trkpt>
			<trkpt lat="52.078695" lon="16.726487">
				<ele>73.199997</ele>
			</trkpt>
			<trkpt lat="52.078739" lon="16.726505">
				<ele>73.199997</ele>
			</trkpt>
			<trkpt lat="52.078772" lon="16.726514">
				<ele>73.200005</ele>
			</trkpt>
			<trkpt lat="52.078871" lon="16.726577">
				<ele>73.185616</ele>
			</trkpt>
			<trkpt lat="52.078916" lon="16.726595">
				<ele>73.112839</ele>
			</trkpt>
			<trkpt lat="52.078938" lon="16.726604">
				<ele>73.072601</ele>
			</trkpt>
			<trkpt lat="52.078954" lon="16.726604">
				<ele>73.072601</ele>
			</trkpt>
			<trkpt lat="52.079120" lon="16.726721">
				<ele>73.000015</ele>
			</trkpt>
			<trkpt lat="52.079667" lon="16.727080">
				<ele>72.600021</ele>
			</trkpt>
			<trkpt lat="52.081212" lon="16.728113">
				<ele>72.755814</ele>
			</trkpt>
			<trkpt lat="52.084160" lon="16.730063">
				<ele>72.583298</ele>
			</trkpt>
			<trkpt lat="52.084353" lon="16.730188">
				<ele>72.901237</ele>
			</trkpt>
			<trkpt lat="52.085755" lon="16.731113">
				<ele>73.800003</ele>
			</trkpt>
			<trkpt lat="52.085827" lon="16.731167">
				<ele>73.850296</ele>
			</trkpt>
			<trkpt lat="52.085893" lon="16.731212">
				<ele>74.000015</ele>
			</trkpt>
			<trkpt lat="52.085970" lon="16.731248">
				<ele>74.000015</ele>
			</trkpt>
			<trkpt lat="52.086042" lon="16.731293">
				<ele>74.035965</ele>
			</trkpt>
			<trkpt lat="52.086120" lon="16.731319">
				<ele>74.199997</ele>
			</trkpt>
			<trkpt lat="52.086192" lon="16.731356">
				<ele>74.199997</ele>
			</trkpt>
			<trkpt lat="52.086920" lon="16.731608">
				<ele>73.600021</ele>
			</trkpt>
			<trkpt lat="52.087036" lon="16.731643">
				<ele>73.600021</ele>
			</trkpt>
			<trkpt lat="52.088189" lon="16.731994">
				<ele>72.096191</ele>
			</trkpt>
			<trkpt lat="52.088858" lon="16.732174">
				<ele>71.795609</ele>
			</trkpt>
			<trkpt lat="52.089183" lon="16.732245">
				<ele>71.800011</ele>
			</trkpt>
			<trkpt lat="52.090320" lon="16.732451">
				<ele>72.112419</ele>
			</trkpt>
			<trkpt lat="52.090381" lon="16.732461">
				<ele>72.199997</ele>
			</trkpt>
			<trkpt lat="52.090381" lon="16.732380">
				<ele>72.283913</ele>
			</trkpt>
			<trkpt lat="52.090436" lon="16.732380">
				<ele>72.399063</ele>
			</trkpt>
			<trkpt lat="52.090491" lon="16.732371">
				<ele>72.400009</ele>
			</trkpt>
			<trkpt lat="52.090552" lon="16.732353">
				<ele>72.568108</ele>
			</trkpt>
			<trkpt lat="52.090602" lon="16.732317">
				<ele>72.600014</ele>
			</trkpt>
			<trkpt lat="52.090662" lon="16.732264">
				<ele>72.755951</ele>
			</trkpt>
			<trkpt lat="52.090723" lon="16.732201">
				<ele>72.800003</ele>
			</trkpt>
			<trkpt lat="52.090784" lon="16.732128">
				<ele>72.901237</ele>
			</trkpt>
			<trkpt lat="52.090845" lon="16.732038">
				<ele>72.963829</ele>
			</trkpt>
			<trkpt lat="52.091055" lon="16.731732">
				<ele>72.823814</ele>
			</trkpt>
			<trkpt lat="52.091137" lon="16.731545">
				<ele>72.755844</ele>
			</trkpt>
			<trkpt lat="52.091203" lon="16.731428">
				<ele>72.800003</ele>
			</trkpt>
			<trkpt lat="52.091258" lon="16.731338">
				<ele>72.800011</ele>
			</trkpt>
			<trkpt lat="52.091297" lon="16.731275">
				<ele>72.875183</ele>
			</trkpt>
			<trkpt lat="52.091347" lon="16.731222">
				<ele>72.861137</ele>
			</trkpt>
			<trkpt lat="52.091407" lon="16.731149">
				<ele>73.000023</ele>
			</trkpt>
			<trkpt lat="52.091468" lon="16.731095">
				<ele>72.848061</ele>
			</trkpt>
			<trkpt lat="52.091540" lon="16.731042">
				<ele>72.778488</ele>
			</trkpt>
			<trkpt lat="52.091639" lon="16.730979">
				<ele>72.600021</ele>
			</trkpt>
			<trkpt lat="52.091744" lon="16.730897">
				<ele>72.600021</ele>
			</trkpt>
			<trkpt lat="52.092649" lon="16.730331">
				<ele>72.199997</ele>
			</trkpt>
			<trkpt lat="52.093488" lon="16.729811">
				<ele>72.400009</ele>
			</trkpt>
			<trkpt lat="52.094007" lon="16.729478">
				<ele>72.490341</ele>
			</trkpt>
			<trkpt lat="52.095094" lon="16.728805">
				<ele>72.600021</ele>
			</trkpt>
			<trkpt lat="52.095392" lon="16.728606">
				<ele>72.570564</ele>
			</trkpt>
			<trkpt lat="52.095999" lon="16.728220">
				<ele>72.649750</ele>
			</trkpt>
			<trkpt lat="52.096501" lon="16.727906">
				<ele>72.600021</ele>
			</trkpt>
			<trkpt lat="52.097511" lon="16.727277">
				<ele>72.822838</ele>
			</trkpt>
			<trkpt lat="52.097887" lon="16.727044">
				<ele>73.036491</ele>
			</trkpt>
			<trkpt lat="52.098218" lon="16.726837">
				<ele>73.000023</ele>
			</trkpt>
			<trkpt lat="52.098598" lon="16.726604">
				<ele>73.272591</ele>
			</trkpt>
			<trkpt lat="52.098820" lon="16.726487">
				<ele>73.400009</ele>
			</trkpt>
			<trkpt lat="52.098935" lon="16.726424">
				<ele>73.583298</ele>
			</trkpt>
			<trkpt lat="52.099106" lon="16.726352">
				<ele>73.382027</ele>
			</trkpt>
			<trkpt lat="52.099228" lon="16.726308">
				<ele>73.206070</ele>
			</trkpt>
			<trkpt lat="52.099288" lon="16.726289">
				<ele>73.345779</ele>
			</trkpt>
			<trkpt lat="52.099343" lon="16.726272">
				<ele>73.262222</ele>
			</trkpt>
			<trkpt lat="52.099536" lon="16.726245">
				<ele>73.088364</ele>
			</trkpt>
			<trkpt lat="52.099620" lon="16.726235">
				<ele>73.047211</ele>
			</trkpt>
			<trkpt lat="52.099708" lon="16.726235">
				<ele>72.929939</ele>
			</trkpt>
			<trkpt lat="52.099774" lon="16.726245">
				<ele>72.822968</ele>
			</trkpt>
			<trkpt lat="52.099851" lon="16.726262">
				<ele>72.665222</ele>
			</trkpt>
			<trkpt lat="52.099934" lon="16.726289">
				<ele>72.600014</ele>
			</trkpt>
			<trkpt lat="52.100431" lon="16.726469">
				<ele>72.799995</ele>
			</trkpt>
			<trkpt lat="52.100773" lon="16.726585">
				<ele>72.986839</ele>
			</trkpt>
			<trkpt lat="52.101048" lon="16.726685">
				<ele>73.032379</ele>
			</trkpt>
			<trkpt lat="52.101269" lon="16.726757">
				<ele>73.000015</ele>
			</trkpt>
			<trkpt lat="52.101435" lon="16.726819">
				<ele>73.000015</ele>
			</trkpt>
			<trkpt lat="52.101909" lon="16.726981">
				<ele>72.800003</ele>
			</trkpt>
			<trkpt lat="52.102058" lon="16.727035">
				<ele>72.854095</ele>
			</trkpt>
			<trkpt lat="52.102185" lon="16.727080">
				<ele>72.800003</ele>
			</trkpt>
			<trkpt lat="52.102224" lon="16.727224">
				<ele>72.725914</ele>
			</trkpt>
			<trkpt lat="52.103151" lon="16.727556">
				<ele>72.600014</ele>
			</trkpt>
			<trkpt lat="52.103179" lon="16.727564">
				<ele>72.600029</ele>
			</trkpt>
			<trkpt lat="52.103201" lon="16.727574">
				<ele>72.600021</ele>
			</trkpt>
			<trkpt lat="52.103222" lon="16.727591">
				<ele>72.600021</ele>
			</trkpt>
			<trkpt lat="52.103245" lon="16.727627">
				<ele>72.600014</ele>
			</trkpt>
			<trkpt lat="52.103256" lon="16.727664">
				<ele>72.600021</ele>
			</trkpt>
			<trkpt lat="52.103261" lon="16.727709">
				<ele>72.600021</ele>
			</trkpt>
			<trkpt lat="52.103267" lon="16.727753">
				<ele>72.600029</ele>
			</trkpt>
			<trkpt lat="52.103261" lon="16.727807">
				<ele>72.600021</ele>
			</trkpt>
			<trkpt lat="52.103256" lon="16.727870">
				<ele>72.600021</ele>
			</trkpt>
			<trkpt lat="52.103234" lon="16.728050">
				<ele>72.600029</ele>
			</trkpt>
			<trkpt lat="52.103096" lon="16.729227">
				<ele>72.400009</ele>
			</trkpt>
			<trkpt lat="52.103074" lon="16.729442">
				<ele>72.199997</ele>
			</trkpt>
			<trkpt lat="52.103063" lon="16.729532">
				<ele>72.199997</ele>
			</trkpt>
			<trkpt lat="52.103057" lon="16.729622">
				<ele>72.199997</ele>
			</trkpt>
			<trkpt lat="52.103051" lon="16.729703">
				<ele>72.199997</ele>
			</trkpt>
			<trkpt lat="52.103046" lon="16.729855">
				<ele>72.285423</ele>
			</trkpt>
			<trkpt lat="52.103041" lon="16.730151">
				<ele>72.199997</ele>
			</trkpt>
			<trkpt lat="52.103046" lon="16.730241">
				<ele>72.023582</ele>
			</trkpt>
			<trkpt lat="52.103046" lon="16.730314">
				<ele>71.973389</ele>
			</trkpt>
			<trkpt lat="52.103051" lon="16.730394">
				<ele>71.800011</ele>
			</trkpt>
			<trkpt lat="52.103063" lon="16.730476">
				<ele>71.800003</ele>
			</trkpt>
			<trkpt lat="52.103085" lon="16.730601">
				<ele>71.800003</ele>
			</trkpt>
			<trkpt lat="52.103112" lon="16.730799">
				<ele>71.800003</ele>
			</trkpt>
			<trkpt lat="52.103129" lon="16.730906">
				<ele>71.807007</ele>
			</trkpt>
			<trkpt lat="52.103145" lon="16.730979">
				<ele>71.850006</ele>
			</trkpt>
			<trkpt lat="52.103162" lon="16.731069">
				<ele>72.001915</ele>
			</trkpt>
			<trkpt lat="52.103184" lon="16.731149">
				<ele>72.157486</ele>
			</trkpt>
			<trkpt lat="52.103217" lon="16.731230">
				<ele>72.145775</ele>
			</trkpt>
			<trkpt lat="52.103251" lon="16.731302">
				<ele>72.008690</ele>
			</trkpt>
			<trkpt lat="52.103283" lon="16.731365">
				<ele>72.000015</ele>
			</trkpt>
			<trkpt lat="52.103322" lon="16.731436">
				<ele>72.000015</ele>
			</trkpt>
			<trkpt lat="52.103372" lon="16.731518">
				<ele>72.000015</ele>
			</trkpt>
			<trkpt lat="52.103405" lon="16.731572">
				<ele>72.000015</ele>
			</trkpt>
			<trkpt lat="52.103438" lon="16.731625">
				<ele>72.000015</ele>
			</trkpt>
			<trkpt lat="52.103482" lon="16.731688">
				<ele>71.949791</ele>
			</trkpt>
			<trkpt lat="52.103515" lon="16.731732">
				<ele>71.903801</ele>
			</trkpt>
			<trkpt lat="52.103559" lon="16.731769">
				<ele>71.918686</ele>
			</trkpt>
			<trkpt lat="52.103603" lon="16.731805">
				<ele>71.816559</ele>
			</trkpt>
			<trkpt lat="52.103642" lon="16.731841">
				<ele>71.847351</ele>
			</trkpt>
			<trkpt lat="52.103697" lon="16.731868">
				<ele>72.000015</ele>
			</trkpt>
			<trkpt lat="52.103764" lon="16.731912">
				<ele>72.000015</ele>
			</trkpt>
			<trkpt lat="52.103824" lon="16.731939">
				<ele>71.869659</ele>
			</trkpt>
			<trkpt lat="52.103984" lon="16.732029">
				<ele>71.811356</ele>
			</trkpt>
			<trkpt lat="52.104398" lon="16.732237">
				<ele>71.600021</ele>
			</trkpt>
			<trkpt lat="52.105104" lon="16.732614">
				<ele>71.611168</ele>
			</trkpt>
			<trkpt lat="52.105259" lon="16.732694">
				<ele>71.602150</ele>
			</trkpt>
			<trkpt lat="52.105645" lon="16.732910">
				<ele>71.800003</ele>
			</trkpt>
			<trkpt lat="52.106026" lon="16.733143">
				<ele>71.800003</ele>
			</trkpt>
			<trkpt lat="52.106141" lon="16.733216">
				<ele>71.800003</ele>
			</trkpt>
			<trkpt lat="52.106191" lon="16.733251">
				<ele>71.827576</ele>
			</trkpt>
			<trkpt lat="52.106247" lon="16.733279">
				<ele>71.988815</ele>
			</trkpt>
			<trkpt lat="52.106302" lon="16.733306">
				<ele>72.000015</ele>
			</trkpt>
			<trkpt lat="52.106357" lon="16.733323">
				<ele>72.000015</ele>
			</trkpt>
			<trkpt lat="52.106418" lon="16.733340">
				<ele>72.000015</ele>
			</trkpt>
			<trkpt lat="52.106462" lon="16.733350">
				<ele>72.000023</ele>
			</trkpt>
			<trkpt lat="52.106528" lon="16.733359">
				<ele>71.815796</ele>
			</trkpt>
			<trkpt lat="52.106589" lon="16.733359">
				<ele>71.800011</ele>
			</trkpt>
			<trkpt lat="52.106649" lon="16.733367">
				<ele>71.800003</ele>
			</trkpt>
			<trkpt lat="52.106710" lon="16.733367">
				<ele>71.717270</ele>
			</trkpt>
			<trkpt lat="52.106770" lon="16.733359">
				<ele>71.641792</ele>
			</trkpt>
			<trkpt lat="52.107124" lon="16.733323">
				<ele>71.543915</ele>
			</trkpt>
			<trkpt lat="52.107201" lon="16.733323">
				<ele>71.543915</ele>
			</trkpt>
			<trkpt lat="52.107262" lon="16.733314">
				<ele>71.565414</ele>
			</trkpt>
			<trkpt lat="52.107322" lon="16.733314">
				<ele>71.565414</ele>
			</trkpt>
			<trkpt lat="52.107377" lon="16.733323">
				<ele>71.543915</ele>
			</trkpt>
			<trkpt lat="52.107433" lon="16.733332">
				<ele>71.517044</ele>
			</trkpt>
			<trkpt lat="52.107493" lon="16.733340">
				<ele>71.547112</ele>
			</trkpt>
			<trkpt lat="52.107570" lon="16.733350">
				<ele>71.600021</ele>
			</trkpt>
			<trkpt lat="52.107642" lon="16.733367">
				<ele>71.609177</ele>
			</trkpt>
			<trkpt lat="52.107708" lon="16.733386">
				<ele>71.600029</ele>
			</trkpt>
			<trkpt lat="52.107775" lon="16.733404">
				<ele>71.600021</ele>
			</trkpt>
			<trkpt lat="52.107841" lon="16.733430">
				<ele>71.600021</ele>
			</trkpt>
			<trkpt lat="52.107907" lon="16.733457">
				<ele>71.600021</ele>
			</trkpt>
			<trkpt lat="52.107973" lon="16.733493">
				<ele>71.617477</ele>
			</trkpt>
			<trkpt lat="52.108172" lon="16.733610">
				<ele>71.800003</ele>
			</trkpt>
			<trkpt lat="52.108266" lon="16.733665">
				<ele>71.785301</ele>
			</trkpt>
			<trkpt lat="52.108315" lon="16.733692">
				<ele>71.800003</ele>
			</trkpt>
			<trkpt lat="52.108370" lon="16.733709">
				<ele>71.800003</ele>
			</trkpt>
			<trkpt lat="52.108431" lon="16.733736">
				<ele>71.800003</ele>
			</trkpt>
			<trkpt lat="52.108503" lon="16.733755">
				<ele>71.887581</ele>
			</trkpt>
			<trkpt lat="52.108547" lon="16.733763">
				<ele>71.902412</ele>
			</trkpt>
			<trkpt lat="52.108585" lon="16.733763">
				<ele>71.902405</ele>
			</trkpt>
			<trkpt lat="52.108933" lon="16.733809">
				<ele>71.800003</ele>
			</trkpt>
			<trkpt lat="52.109038" lon="16.733817">
				<ele>71.800003</ele>
			</trkpt>
			<trkpt lat="52.109132" lon="16.733826">
				<ele>71.800003</ele>
			</trkpt>
			<trkpt lat="52.109231" lon="16.733835">
				<ele>71.800003</ele>
			</trkpt>
			<trkpt lat="52.109320" lon="16.733853">
				<ele>71.800003</ele>
			</trkpt>
			<trkpt lat="52.109562" lon="16.733889">
				<ele>72.000015</ele>
			</trkpt>
			<trkpt lat="52.109617" lon="16.733898">
				<ele>72.000023</ele>
			</trkpt>
			<trkpt lat="52.113281" lon="16.734392">
				<ele>72.400009</ele>
			</trkpt>
			<trkpt lat="52.113981" lon="16.734482">
				<ele>72.923759</ele>
			</trkpt>
			<trkpt lat="52.114654" lon="16.734572">
				<ele>72.920776</ele>
			</trkpt>
			<trkpt lat="52.114946" lon="16.734608">
				<ele>72.858444</ele>
			</trkpt>
			<trkpt lat="52.115394" lon="16.734679">
				<ele>73.136406</ele>
			</trkpt>
			<trkpt lat="52.115736" lon="16.734724">
				<ele>73.396194</ele>
			</trkpt>
			<trkpt lat="52.115840" lon="16.734751">
				<ele>73.000015</ele>
			</trkpt>
			<trkpt lat="52.115945" lon="16.734769">
				<ele>73.072983</ele>
			</trkpt>
			<trkpt lat="52.116044" lon="16.734797">
				<ele>73.594170</ele>
			</trkpt>
			<trkpt lat="52.116138" lon="16.734832">
				<ele>73.800003</ele>
			</trkpt>
			<trkpt lat="52.116226" lon="16.734868">
				<ele>73.692261</ele>
			</trkpt>
			<trkpt lat="52.116314" lon="16.734914">
				<ele>73.445030</ele>
			</trkpt>
			<trkpt lat="52.116613" lon="16.735093">
				<ele>73.585175</ele>
			</trkpt>
			<trkpt lat="52.117004" lon="16.735327">
				<ele>73.547974</ele>
			</trkpt>
			<trkpt lat="52.118207" lon="16.736045">
				<ele>73.355629</ele>
			</trkpt>
			<trkpt lat="52.118328" lon="16.736107">
				<ele>73.297241</ele>
			</trkpt>
			<trkpt lat="52.118427" lon="16.736153">
				<ele>73.182571</ele>
			</trkpt>
			<trkpt lat="52.118510" lon="16.736189">
				<ele>73.066147</ele>
			</trkpt>
			<trkpt lat="52.118593" lon="16.736216">
				<ele>73.172028</ele>
			</trkpt>
			<trkpt lat="52.118675" lon="16.736233">
				<ele>73.408516</ele>
			</trkpt>
			<trkpt lat="52.118758" lon="16.736252">
				<ele>73.600021</ele>
			</trkpt>
			<trkpt lat="52.118830" lon="16.736260">
				<ele>73.600021</ele>
			</trkpt>
			<trkpt lat="52.118891" lon="16.736260">
				<ele>73.610458</ele>
			</trkpt>
			<trkpt lat="52.118979" lon="16.736260">
				<ele>73.800003</ele>
			</trkpt>
			<trkpt lat="52.119067" lon="16.736252">
				<ele>73.800003</ele>
			</trkpt>
			<trkpt lat="52.119155" lon="16.736225">
				<ele>73.800003</ele>
			</trkpt>
			<trkpt lat="52.119255" lon="16.736197">
				<ele>73.654114</ele>
			</trkpt>
			<trkpt lat="52.119354" lon="16.736143">
				<ele>73.990280</ele>
			</trkpt>
			<trkpt lat="52.119453" lon="16.736090">
				<ele>73.799660</ele>
			</trkpt>
			<trkpt lat="52.119768" lon="16.735893">
				<ele>74.000015</ele>
			</trkpt>
			<trkpt lat="52.119861" lon="16.735830">
				<ele>74.076538</ele>
			</trkpt>
			<trkpt lat="52.119971" lon="16.735776">
				<ele>74.054581</ele>
			</trkpt>
			<trkpt lat="52.120060" lon="16.735730">
				<ele>74.266342</ele>
			</trkpt>
			<trkpt lat="52.120165" lon="16.735694">
				<ele>74.600182</ele>
			</trkpt>
			<trkpt lat="52.120258" lon="16.735677">
				<ele>74.673134</ele>
			</trkpt>
			<trkpt lat="52.120341" lon="16.735677">
				<ele>74.600021</ele>
			</trkpt>
			<trkpt lat="52.120424" lon="16.735694">
				<ele>74.506744</ele>
			</trkpt>
			<trkpt lat="52.120484" lon="16.735721">
				<ele>74.391151</ele>
			</trkpt>
			<trkpt lat="52.120551" lon="16.735757">
				<ele>74.280762</ele>
			</trkpt>
			<trkpt lat="52.120611" lon="16.735793">
				<ele>74.251953</ele>
			</trkpt>
			<trkpt lat="52.120650" lon="16.735830">
				<ele>74.267509</ele>
			</trkpt>
			<trkpt lat="52.120705" lon="16.735883">
				<ele>74.199997</ele>
			</trkpt>
			<trkpt lat="52.120766" lon="16.735956">
				<ele>74.101135</ele>
			</trkpt>
			<trkpt lat="52.120816" lon="16.736027">
				<ele>73.985146</ele>
			</trkpt>
			<trkpt lat="52.120871" lon="16.736126">
				<ele>73.800034</ele>
			</trkpt>
			<trkpt lat="52.120926" lon="16.736260">
				<ele>73.800003</ele>
			</trkpt>
			<trkpt lat="52.120992" lon="16.736432">
				<ele>73.877876</ele>
			</trkpt>
			<trkpt lat="52.121052" lon="16.736593">
				<ele>73.894981</ele>
			</trkpt>
			<trkpt lat="52.121108" lon="16.736746">
				<ele>74.000015</ele>
			</trkpt>
			<trkpt lat="52.121168" lon="16.736881">
				<ele>74.000015</ele>
			</trkpt>
			<trkpt lat="52.121218" lon="16.736998">
				<ele>74.000015</ele>
			</trkpt>
			<trkpt lat="52.121284" lon="16.737114">
				<ele>73.698853</ele>
			</trkpt>
			<trkpt lat="52.121351" lon="16.737222">
				<ele>73.600021</ele>
			</trkpt>
			<trkpt lat="52.121450" lon="16.737375">
				<ele>73.191208</ele>
			</trkpt>
			<trkpt lat="52.121560" lon="16.737545">
				<ele>73.000023</ele>
			</trkpt>
			<trkpt lat="52.122608" lon="16.739198">
				<ele>72.724152</ele>
			</trkpt>
			<trkpt lat="52.122972" lon="16.739809">
				<ele>72.688324</ele>
			</trkpt>
			<trkpt lat="52.123039" lon="16.739908">
				<ele>72.179337</ele>
			</trkpt>
			<trkpt lat="52.123110" lon="16.740025">
				<ele>71.658203</ele>
			</trkpt>
			<trkpt lat="52.123187" lon="16.740141">
				<ele>71.330353</ele>
			</trkpt>
			<trkpt lat="52.123265" lon="16.740249">
				<ele>71.359833</ele>
			</trkpt>
			<trkpt lat="52.123347" lon="16.740357">
				<ele>71.760963</ele>
			</trkpt>
			<trkpt lat="52.123424" lon="16.740455">
				<ele>71.956444</ele>
			</trkpt>
			<trkpt lat="52.123507" lon="16.740537">
				<ele>71.801704</ele>
			</trkpt>
			<trkpt lat="52.123590" lon="16.740627">
				<ele>71.800003</ele>
			</trkpt>
			<trkpt lat="52.123678" lon="16.740707">
				<ele>71.734154</ele>
			</trkpt>
			<trkpt lat="52.123800" lon="16.740814">
				<ele>71.400009</ele>
			</trkpt>
			<trkpt lat="52.124219" lon="16.741183">
				<ele>71.400009</ele>
			</trkpt>
			<trkpt lat="52.127599" lon="16.744030">
				<ele>71.771919</ele>
			</trkpt>
			<trkpt lat="52.128261" lon="16.744579">
				<ele>72.020340</ele>
			</trkpt>
			<trkpt lat="52.128471" lon="16.744749">
				<ele>72.200005</ele>
			</trkpt>
			<trkpt lat="52.128719" lon="16.744965">
				<ele>72.076286</ele>
			</trkpt>
			<trkpt lat="52.128901" lon="16.745118">
				<ele>72.215385</ele>
			</trkpt>
			<trkpt lat="52.129822" lon="16.745908">
				<ele>72.478127</ele>
			</trkpt>
			<trkpt lat="52.134829" lon="16.750112">
				<ele>71.400009</ele>
			</trkpt>
			<trkpt lat="52.135964" lon="16.751055">
				<ele>70.800003</ele>
			</trkpt>
			<trkpt lat="52.136042" lon="16.751118">
				<ele>70.800011</ele>
			</trkpt>
			<trkpt lat="52.137100" lon="16.751990">
				<ele>70.800003</ele>
			</trkpt>
			<trkpt lat="52.137249" lon="16.752116">
				<ele>70.800011</ele>
			</trkpt>
			<trkpt lat="52.138644" lon="16.753284">
				<ele>70.431686</ele>
			</trkpt>
			<trkpt lat="52.138765" lon="16.753401">
				<ele>70.767403</ele>
			</trkpt>
			<trkpt lat="52.138909" lon="16.753544">
				<ele>70.567970</ele>
			</trkpt>
			<trkpt lat="52.139344" lon="16.754030">
				<ele>70.593864</ele>
			</trkpt>
			<trkpt lat="52.139383" lon="16.754065">
				<ele>70.497124</ele>
			</trkpt>
			<trkpt lat="52.139515" lon="16.754227">
				<ele>70.426064</ele>
			</trkpt>
			<trkpt lat="52.139813" lon="16.754559">
				<ele>70.567818</ele>
			</trkpt>
			<trkpt lat="52.140061" lon="16.754837">
				<ele>70.600029</ele>
			</trkpt>
			<trkpt lat="52.140744" lon="16.755592">
				<ele>70.800003</ele>
			</trkpt>
			<trkpt lat="52.141357" lon="16.756284">
				<ele>70.800011</ele>
			</trkpt>
			<trkpt lat="52.141472" lon="16.756401">
				<ele>71.000015</ele>
			</trkpt>
			<trkpt lat="52.141528" lon="16.756454">
				<ele>70.959084</ele>
			</trkpt>
			<trkpt lat="52.141583" lon="16.756500">
				<ele>70.807602</ele>
			</trkpt>
			<trkpt lat="52.141632" lon="16.756535">
				<ele>70.800003</ele>
			</trkpt>
			<trkpt lat="52.141687" lon="16.756563">
				<ele>70.800003</ele>
			</trkpt>
			<trkpt lat="52.141742" lon="16.756580">
				<ele>70.806717</ele>
			</trkpt>
			<trkpt lat="52.141803" lon="16.756580">
				<ele>70.978699</ele>
			</trkpt>
			<trkpt lat="52.141858" lon="16.756580">
				<ele>71.000015</ele>
			</trkpt>
			<trkpt lat="52.141958" lon="16.756580">
				<ele>71.000008</ele>
			</trkpt>
			<trkpt lat="52.142051" lon="16.756571">
				<ele>71.000015</ele>
			</trkpt>
			<trkpt lat="52.142106" lon="16.756563">
				<ele>71.000015</ele>
			</trkpt>
			<trkpt lat="52.142145" lon="16.756554">
				<ele>71.000015</ele>
			</trkpt>
			<trkpt lat="52.142189" lon="16.756544">
				<ele>71.064331</ele>
			</trkpt>
			<trkpt lat="52.142222" lon="16.756554">
				<ele>71.161064</ele>
			</trkpt>
			<trkpt lat="52.142261" lon="16.756554">
				<ele>71.199997</ele>
			</trkpt>
			<trkpt lat="52.142299" lon="16.756563">
				<ele>71.199997</ele>
			</trkpt>
			<trkpt lat="52.142332" lon="16.756580">
				<ele>71.199997</ele>
			</trkpt>
			<trkpt lat="52.142360" lon="16.756598">
				<ele>71.159882</ele>
			</trkpt>
			<trkpt lat="52.142393" lon="16.756617">
				<ele>71.106140</ele>
			</trkpt>
			<trkpt lat="52.142382" lon="16.756724">
				<ele>71.000015</ele>
			</trkpt>
			<trkpt lat="52.142382" lon="16.756787">
				<ele>71.000015</ele>
			</trkpt>
			<trkpt lat="52.142387" lon="16.756841">
				<ele>71.000015</ele>
			</trkpt>
			<trkpt lat="52.142393" lon="16.756931">
				<ele>71.000015</ele>
			</trkpt>
			<trkpt lat="52.142619" lon="16.759060">
				<ele>70.878952</ele>
			</trkpt>
			<trkpt lat="52.142630" lon="16.759158">
				<ele>71.052605</ele>
			</trkpt>
			<trkpt lat="52.142746" lon="16.760282">
				<ele>71.003975</ele>
			</trkpt>
			<trkpt lat="52.142774" lon="16.760496">
				<ele>71.017792</ele>
			</trkpt>
			<trkpt lat="52.142796" lon="16.760686">
				<ele>71.167732</ele>
			</trkpt>
			<trkpt lat="52.142818" lon="16.760875">
				<ele>71.199997</ele>
			</trkpt>
			<trkpt lat="52.142839" lon="16.761018">
				<ele>71.199997</ele>
			</trkpt>
			<trkpt lat="52.142845" lon="16.761072">
				<ele>71.199989</ele>
			</trkpt>
			<trkpt lat="52.142878" lon="16.761297">
				<ele>71.199997</ele>
			</trkpt>
			<trkpt lat="52.142878" lon="16.761324">
				<ele>71.199997</ele>
			</trkpt>
			<trkpt lat="52.142895" lon="16.761414">
				<ele>71.199989</ele>
			</trkpt>
			<trkpt lat="52.142933" lon="16.761594">
				<ele>71.360344</ele>
			</trkpt>
			<trkpt lat="52.142950" lon="16.761647">
				<ele>71.396667</ele>
			</trkpt>
			<trkpt lat="52.142972" lon="16.761718">
				<ele>71.356056</ele>
			</trkpt>
			<trkpt lat="52.143010" lon="16.761844">
				<ele>71.400009</ele>
			</trkpt>
			<trkpt lat="52.143137" lon="16.762150">
				<ele>71.400002</ele>
			</trkpt>
			<trkpt lat="52.143181" lon="16.762249">
				<ele>71.400009</ele>
			</trkpt>
			<trkpt lat="52.143214" lon="16.762347">
				<ele>71.400002</ele>
			</trkpt>
			<trkpt lat="52.143236" lon="16.762420">
				<ele>71.400009</ele>
			</trkpt>
			<trkpt lat="52.143248" lon="16.762500">
				<ele>71.400002</ele>
			</trkpt>
			<trkpt lat="52.143258" lon="16.762590">
				<ele>71.400009</ele>
			</trkpt>
			<trkpt lat="52.143258" lon="16.762653">
				<ele>71.400009</ele>
			</trkpt>
			<trkpt lat="52.143258" lon="16.762707">
				<ele>71.400009</ele>
			</trkpt>
			<trkpt lat="52.143258" lon="16.762760">
				<ele>71.396942</ele>
			</trkpt>
			<trkpt lat="52.143253" lon="16.762806">
				<ele>71.308487</ele>
			</trkpt>
			<trkpt lat="52.143253" lon="16.762842">
				<ele>71.263245</ele>
			</trkpt>
			<trkpt lat="52.143253" lon="16.762905">
				<ele>71.263252</ele>
			</trkpt>
			<trkpt lat="52.143248" lon="16.762959">
				<ele>71.252495</ele>
			</trkpt>
			<trkpt lat="52.143248" lon="16.763022">
				<ele>71.252502</ele>
			</trkpt>
			<trkpt lat="52.143248" lon="16.763147">
				<ele>71.105011</ele>
			</trkpt>
			<trkpt lat="52.143258" lon="16.763282">
				<ele>71.148010</ele>
			</trkpt>
			<trkpt lat="52.143286" lon="16.763489">
				<ele>71.022079</ele>
			</trkpt>
			<trkpt lat="52.143308" lon="16.763623">
				<ele>70.827461</ele>
			</trkpt>
			<trkpt lat="52.143352" lon="16.763794">
				<ele>70.942734</ele>
			</trkpt>
			<trkpt lat="52.143518" lon="16.764441">
				<ele>70.604942</ele>
			</trkpt>
			<trkpt lat="52.143561" lon="16.764647">
				<ele>70.800011</ele>
			</trkpt>
			<trkpt lat="52.143595" lon="16.764800">
				<ele>70.430649</ele>
			</trkpt>
			<trkpt lat="52.143617" lon="16.764934">
				<ele>70.020988</ele>
			</trkpt>
			<trkpt lat="52.143655" lon="16.765249">
				<ele>69.836960</ele>
			</trkpt>
			<trkpt lat="52.143677" lon="16.765456">
				<ele>70.342865</ele>
			</trkpt>
			<trkpt lat="52.143749" lon="16.766156">
				<ele>70.260597</ele>
			</trkpt>
			<trkpt lat="52.143782" lon="16.766498">
				<ele>70.400009</ele>
			</trkpt>
			<trkpt lat="52.143859" lon="16.767217">
				<ele>70.400017</ele>
			</trkpt>
			<trkpt lat="52.144003" lon="16.768536">
				<ele>71.508598</ele>
			</trkpt>
			<trkpt lat="52.144003" lon="16.768599">
				<ele>71.638397</ele>
			</trkpt>
			<trkpt lat="52.144003" lon="16.768672">
				<ele>71.659988</ele>
			</trkpt>
			<trkpt lat="52.143997" lon="16.768806">
				<ele>71.923233</ele>
			</trkpt>
			<trkpt lat="52.144036" lon="16.768825">
				<ele>71.800003</ele>
			</trkpt>
			<trkpt lat="52.144107" lon="16.768861">
				<ele>71.799164</ele>
			</trkpt>
			<trkpt lat="52.144157" lon="16.768869">
				<ele>71.808411</ele>
			</trkpt>
			<trkpt lat="52.144223" lon="16.768869">
				<ele>71.625694</ele>
			</trkpt>
			<trkpt lat="52.144367" lon="16.768878">
				<ele>71.446014</ele>
			</trkpt>
			<trkpt lat="52.144494" lon="16.768905">
				<ele>71.364624</ele>
			</trkpt>
			<trkpt lat="52.144626" lon="16.768978">
				<ele>71.392647</ele>
			</trkpt>
			<trkpt lat="52.144714" lon="16.769041">
				<ele>71.400024</ele>
			</trkpt>
			<trkpt lat="52.144836" lon="16.769148">
				<ele>71.077431</ele>
			</trkpt>
			<trkpt lat="52.145144" lon="16.769498">
				<ele>70.998032</ele>
			</trkpt>
			<trkpt lat="52.145182" lon="16.769544">
				<ele>71.056892</ele>
			</trkpt>
			<trkpt lat="52.145541" lon="16.769938">
				<ele>71.116264</ele>
			</trkpt>
			<trkpt lat="52.146296" lon="16.770773">
				<ele>70.800003</ele>
			</trkpt>
			<trkpt lat="52.146373" lon="16.770855">
				<ele>70.810020</ele>
			</trkpt>
			<trkpt lat="52.146765" lon="16.771286">
				<ele>70.876350</ele>
			</trkpt>
			<trkpt lat="52.147090" lon="16.771645">
				<ele>70.962334</ele>
			</trkpt>
			<trkpt lat="52.148148" lon="16.772804">
				<ele>71.106552</ele>
			</trkpt>
			<trkpt lat="52.148501" lon="16.773181">
				<ele>70.800003</ele>
			</trkpt>
			<trkpt lat="52.148705" lon="16.773406">
				<ele>70.976685</ele>
			</trkpt>
			<trkpt lat="52.148848" lon="16.773567">
				<ele>70.856316</ele>
			</trkpt>
			<trkpt lat="52.148992" lon="16.773729">
				<ele>71.199997</ele>
			</trkpt>
			<trkpt lat="52.149096" lon="16.773765">
				<ele>71.199989</ele>
			</trkpt>
			<trkpt lat="52.149267" lon="16.773909">
				<ele>71.000015</ele>
			</trkpt>
			<trkpt lat="52.149372" lon="16.773972">
				<ele>71.000015</ele>
			</trkpt>
			<trkpt lat="52.151527" lon="16.776460">
				<ele>71.022545</ele>
			</trkpt>
			<trkpt lat="52.151648" lon="16.776541">
				<ele>70.792183</ele>
			</trkpt>
			<trkpt lat="52.151792" lon="16.776721">
				<ele>70.826477</ele>
			</trkpt>
			<trkpt lat="52.152326" lon="16.777331">
				<ele>70.383873</ele>
			</trkpt>
			<trkpt lat="52.154278" lon="16.779478">
				<ele>70.000015</ele>
			</trkpt>
			<trkpt lat="52.156680" lon="16.781069">
				<ele>70.885582</ele>
			</trkpt>
			<trkpt lat="52.157000" lon="16.781302">
				<ele>71.295570</ele>
			</trkpt>
			<trkpt lat="52.157187" lon="16.781490">
				<ele>71.763290</ele>
			</trkpt>
			<trkpt lat="52.157375" lon="16.781725">
				<ele>72.116272</ele>
			</trkpt>
			<trkpt lat="52.157551" lon="16.782039">
				<ele>72.948463</ele>
			</trkpt>
			<trkpt lat="52.157678" lon="16.782407">
				<ele>73.966751</ele>
			</trkpt>
			<trkpt lat="52.158284" lon="16.784249">
				<ele>78.199997</ele>
			</trkpt>
			<trkpt lat="52.158466" lon="16.784823">
				<ele>78.339905</ele>
			</trkpt>
			<trkpt lat="52.158642" lon="16.785272">
				<ele>78.600021</ele>
			</trkpt>
			<trkpt lat="52.158764" lon="16.785507">
				<ele>78.667854</ele>
			</trkpt>
			<trkpt lat="52.159094" lon="16.786063">
				<ele>78.600021</ele>
			</trkpt>
			<trkpt lat="52.159232" lon="16.786260">
				<ele>78.600021</ele>
			</trkpt>
			<trkpt lat="52.160913" lon="16.788165">
				<ele>77.798698</ele>
			</trkpt>
			<trkpt lat="52.161899" lon="16.789324">
				<ele>77.400009</ele>
			</trkpt>
			<trkpt lat="52.162803" lon="16.790268">
				<ele>77.000015</ele>
			</trkpt>
			<trkpt lat="52.162918" lon="16.790384">
				<ele>77.000023</ele>
			</trkpt>
			<trkpt lat="52.163360" lon="16.790860">
				<ele>76.800003</ele>
			</trkpt>
			<trkpt lat="52.163574" lon="16.791138">
				<ele>76.800011</ele>
			</trkpt>
			<trkpt lat="52.163784" lon="16.791463">
				<ele>76.634392</ele>
			</trkpt>
			<trkpt lat="52.163971" lon="16.791821">
				<ele>76.568665</ele>
			</trkpt>
			<trkpt lat="52.164103" lon="16.792118">
				<ele>76.682587</ele>
			</trkpt>
			<trkpt lat="52.164247" lon="16.792585">
				<ele>76.610962</ele>
			</trkpt>
			<trkpt lat="52.164335" lon="16.792792">
				<ele>76.661331</ele>
			</trkpt>
			<trkpt lat="52.164528" lon="16.793780">
				<ele>76.400009</ele>
			</trkpt>
			<trkpt lat="52.165233" lon="16.797300">
				<ele>74.800003</ele>
			</trkpt>
			<trkpt lat="52.165735" lon="16.799834">
				<ele>73.793877</ele>
			</trkpt>
			<trkpt lat="52.165855" lon="16.800329">
				<ele>73.433762</ele>
			</trkpt>
			<trkpt lat="52.166021" lon="16.801155">
				<ele>72.600021</ele>
			</trkpt>
			<trkpt lat="52.166093" lon="16.801604">
				<ele>71.949669</ele>
			</trkpt>
			<trkpt lat="52.166213" lon="16.802187">
				<ele>70.720970</ele>
			</trkpt>
			<trkpt lat="52.166456" lon="16.802996">
				<ele>69.795898</ele>
			</trkpt>
			<trkpt lat="52.166605" lon="16.803329">
				<ele>69.596313</ele>
			</trkpt>
			<trkpt lat="52.166792" lon="16.803643">
				<ele>69.199860</ele>
			</trkpt>
			<trkpt lat="52.167040" lon="16.804030">
				<ele>68.710724</ele>
			</trkpt>
			<trkpt lat="52.167051" lon="16.804111">
				<ele>68.200058</ele>
			</trkpt>
			<trkpt lat="52.167057" lon="16.804182">
				<ele>67.796608</ele>
			</trkpt>
			<trkpt lat="52.167558" lon="16.804748">
				<ele>68.511292</ele>
			</trkpt>
			<trkpt lat="52.167790" lon="16.805009">
				<ele>68.239250</ele>
			</trkpt>
			<trkpt lat="52.168219" lon="16.805485">
				<ele>69.000015</ele>
			</trkpt>
			<trkpt lat="52.168395" lon="16.805692">
				<ele>68.908821</ele>
			</trkpt>
			<trkpt lat="52.168472" lon="16.805772">
				<ele>68.923805</ele>
			</trkpt>
			<trkpt lat="52.168572" lon="16.805845">
				<ele>69.003281</ele>
			</trkpt>
			<trkpt lat="52.168671" lon="16.805889">
				<ele>69.282730</ele>
			</trkpt>
			<trkpt lat="52.168782" lon="16.805925">
				<ele>69.400009</ele>
			</trkpt>
			<trkpt lat="52.168902" lon="16.805952">
				<ele>69.433441</ele>
			</trkpt>
			<trkpt lat="52.169156" lon="16.806015">
				<ele>69.685921</ele>
			</trkpt>
			<trkpt lat="52.169773" lon="16.806158">
				<ele>70.204826</ele>
			</trkpt>
			<trkpt lat="52.169883" lon="16.806185">
				<ele>70.200005</ele>
			</trkpt>
			<trkpt lat="52.170021" lon="16.806204">
				<ele>70.199997</ele>
			</trkpt>
			<trkpt lat="52.170109" lon="16.806204">
				<ele>70.199997</ele>
			</trkpt>
			<trkpt lat="52.170192" lon="16.806195">
				<ele>70.199997</ele>
			</trkpt>
			<trkpt lat="52.170324" lon="16.806158">
				<ele>70.199997</ele>
			</trkpt>
			<trkpt lat="52.170428" lon="16.806122">
				<ele>70.162048</ele>
			</trkpt>
			<trkpt lat="52.170506" lon="16.806095">
				<ele>70.000015</ele>
			</trkpt>
			<trkpt lat="52.170748" lon="16.805961">
				<ele>69.354530</ele>
			</trkpt>
			<trkpt lat="52.170853" lon="16.805916">
				<ele>69.205429</ele>
			</trkpt>
			<trkpt lat="52.171057" lon="16.805816">
				<ele>69.119667</ele>
			</trkpt>
			<trkpt lat="52.171117" lon="16.805790">
				<ele>69.007065</ele>
			</trkpt>
			<trkpt lat="52.171112" lon="16.805736">
				<ele>68.901245</ele>
			</trkpt>
			<trkpt lat="52.171244" lon="16.805673">
				<ele>68.723892</ele>
			</trkpt>
			<trkpt lat="52.171536" lon="16.805583">
				<ele>68.800003</ele>
			</trkpt>
			<trkpt lat="52.172032" lon="16.805476">
				<ele>68.835068</ele>
			</trkpt>
			<trkpt lat="52.172263" lon="16.805440">
				<ele>68.857254</ele>
			</trkpt>
			<trkpt lat="52.173249" lon="16.805422">
				<ele>67.460709</ele>
			</trkpt>
			<trkpt lat="52.173409" lon="16.805403">
				<ele>67.272125</ele>
			</trkpt>
			<trkpt lat="52.173514" lon="16.805377">
				<ele>67.237946</ele>
			</trkpt>
			<trkpt lat="52.174082" lon="16.805350">
				<ele>66.475433</ele>
			</trkpt>
			<trkpt lat="52.174726" lon="16.805332">
				<ele>65.923744</ele>
			</trkpt>
			<trkpt lat="52.175354" lon="16.805296">
				<ele>65.459755</ele>
			</trkpt>
			<trkpt lat="52.175580" lon="16.805287">
				<ele>65.432884</ele>
			</trkpt>
			<trkpt lat="52.175657" lon="16.805287">
				<ele>65.569817</ele>
			</trkpt>
			<trkpt lat="52.175949" lon="16.805279">
				<ele>65.600029</ele>
			</trkpt>
			<trkpt lat="52.176004" lon="16.805279">
				<ele>65.600021</ele>
			</trkpt>
			<trkpt lat="52.176241" lon="16.805279">
				<ele>65.600021</ele>
			</trkpt>
			<trkpt lat="52.176731" lon="16.805305">
				<ele>65.597870</ele>
			</trkpt>
			<trkpt lat="52.176836" lon="16.805305">
				<ele>65.600021</ele>
			</trkpt>
			<trkpt lat="52.177618" lon="16.805305">
				<ele>65.600021</ele>
			</trkpt>
			<trkpt lat="52.179138" lon="16.805279">
				<ele>65.600021</ele>
			</trkpt>
			<trkpt lat="52.179860" lon="16.805395">
				<ele>65.600021</ele>
			</trkpt>
			<trkpt lat="52.180664" lon="16.805529">
				<ele>65.600021</ele>
			</trkpt>
			<trkpt lat="52.180923" lon="16.805575">
				<ele>65.792015</ele>
			</trkpt>
			<trkpt lat="52.181000" lon="16.805602">
				<ele>65.600021</ele>
			</trkpt>
			<trkpt lat="52.181149" lon="16.805449">
				<ele>65.600021</ele>
			</trkpt>
			<trkpt lat="52.181204" lon="16.805413">
				<ele>65.600235</ele>
			</trkpt>
			<trkpt lat="52.181242" lon="16.805430">
				<ele>65.600021</ele>
			</trkpt>
			<trkpt lat="52.181193" lon="16.805610">
				<ele>65.600021</ele>
			</trkpt>
			<trkpt lat="52.181182" lon="16.805709">
				<ele>65.738922</ele>
			</trkpt>
			<trkpt lat="52.182476" lon="16.805916">
				<ele>66.193558</ele>
			</trkpt>
			<trkpt lat="52.183798" lon="16.806105">
				<ele>66.426880</ele>
			</trkpt>
			<trkpt lat="52.184806" lon="16.806275">
				<ele>66.400009</ele>
			</trkpt>
			<trkpt lat="52.185374" lon="16.806356">
				<ele>66.400009</ele>
			</trkpt>
			<trkpt lat="52.186519" lon="16.806527">
				<ele>66.483833</ele>
			</trkpt>
			<trkpt lat="52.186822" lon="16.806571">
				<ele>66.400009</ele>
			</trkpt>
			<trkpt lat="52.187626" lon="16.806671">
				<ele>66.065308</ele>
			</trkpt>
			<trkpt lat="52.187813" lon="16.806707">
				<ele>66.166939</ele>
			</trkpt>
			<trkpt lat="52.187967" lon="16.806742">
				<ele>66.199997</ele>
			</trkpt>
			<trkpt lat="52.188077" lon="16.806787">
				<ele>66.026100</ele>
			</trkpt>
			<trkpt lat="52.188265" lon="16.806868">
				<ele>65.711739</ele>
			</trkpt>
			<trkpt lat="52.188458" lon="16.806958">
				<ele>65.600021</ele>
			</trkpt>
			<trkpt lat="52.188661" lon="16.807057">
				<ele>65.400009</ele>
			</trkpt>
			<trkpt lat="52.190011" lon="16.807677">
				<ele>65.242760</ele>
			</trkpt>
			<trkpt lat="52.190011" lon="16.807677">
				<ele>65.242760</ele>
			</trkpt>
			<trkpt lat="52.190038" lon="16.807686">
				<ele>65.290413</ele>
			</trkpt>
			<trkpt lat="52.191063" lon="16.808269">
				<ele>65.778397</ele>
			</trkpt>
			<trkpt lat="52.191845" lon="16.808764">
				<ele>65.772316</ele>
			</trkpt>
			<trkpt lat="52.192378" lon="16.809105">
				<ele>65.600021</ele>
			</trkpt>
			<trkpt lat="52.192654" lon="16.809285">
				<ele>65.600021</ele>
			</trkpt>
			<trkpt lat="52.192841" lon="16.809428">
				<ele>65.892990</ele>
			</trkpt>
			<trkpt lat="52.193028" lon="16.809653">
				<ele>65.800003</ele>
			</trkpt>
			<trkpt lat="52.193194" lon="16.809914">
				<ele>65.128792</ele>
			</trkpt>
			<trkpt lat="52.193320" lon="16.810147">
				<ele>65.051819</ele>
			</trkpt>
			<trkpt lat="52.193414" lon="16.810416">
				<ele>64.999687</ele>
			</trkpt>
			<trkpt lat="52.193496" lon="16.810730">
				<ele>65.072311</ele>
			</trkpt>
			<trkpt lat="52.193502" lon="16.810740">
				<ele>65.093811</ele>
			</trkpt>
			<trkpt lat="52.193888" lon="16.812348">
				<ele>65.600021</ele>
			</trkpt>
			<trkpt lat="52.194130" lon="16.813363">
				<ele>65.240913</ele>
			</trkpt>
			<trkpt lat="52.195110" lon="16.817414">
				<ele>65.600021</ele>
			</trkpt>
			<trkpt lat="52.195220" lon="16.817908">
				<ele>65.002441</ele>
			</trkpt>
			<trkpt lat="52.195341" lon="16.818609">
				<ele>64.400009</ele>
			</trkpt>
			<trkpt lat="52.195484" lon="16.819292">
				<ele>65.151169</ele>
			</trkpt>
			<trkpt lat="52.195600" lon="16.819885">
				<ele>66.333900</ele>
			</trkpt>
			<trkpt lat="52.195688" lon="16.820280">
				<ele>66.590492</ele>
			</trkpt>
			<trkpt lat="52.195781" lon="16.820594">
				<ele>66.525314</ele>
			</trkpt>
			<trkpt lat="52.195903" lon="16.820890">
				<ele>65.981346</ele>
			</trkpt>
			<trkpt lat="52.196487" lon="16.822104">
				<ele>65.400009</ele>
			</trkpt>
			<trkpt lat="52.196608" lon="16.822364">
				<ele>65.558983</ele>
			</trkpt>
			<trkpt lat="52.196773" lon="16.822697">
				<ele>65.199997</ele>
			</trkpt>
			<trkpt lat="52.197010" lon="16.823110">
				<ele>65.199997</ele>
			</trkpt>
			<trkpt lat="52.197120" lon="16.823263">
				<ele>65.199997</ele>
			</trkpt>
			<trkpt lat="52.197367" lon="16.823622">
				<ele>65.000008</ele>
			</trkpt>
			<trkpt lat="52.197417" lon="16.823693">
				<ele>65.000015</ele>
			</trkpt>
			<trkpt lat="52.197521" lon="16.823837">
				<ele>65.000015</ele>
			</trkpt>
			<trkpt lat="52.198518" lon="16.825292">
				<ele>64.600021</ele>
			</trkpt>
			<trkpt lat="52.198777" lon="16.825661">
				<ele>64.312546</ele>
			</trkpt>
			<trkpt lat="52.198909" lon="16.825840">
				<ele>64.400009</ele>
			</trkpt>
			<trkpt lat="52.199058" lon="16.826003">
				<ele>64.199997</ele>
			</trkpt>
			<trkpt lat="52.199223" lon="16.826154">
				<ele>64.200005</ele>
			</trkpt>
			<trkpt lat="52.199383" lon="16.826244">
				<ele>64.313026</ele>
			</trkpt>
			<trkpt lat="52.199620" lon="16.826353">
				<ele>64.291779</ele>
			</trkpt>
			<trkpt lat="52.200379" lon="16.826596">
				<ele>64.199997</ele>
			</trkpt>
			<trkpt lat="52.200611" lon="16.826676">
				<ele>64.199997</ele>
			</trkpt>
			<trkpt lat="52.200798" lon="16.826748">
				<ele>64.199997</ele>
			</trkpt>
			<trkpt lat="52.200864" lon="16.826775">
				<ele>64.199997</ele>
			</trkpt>
			<trkpt lat="52.200974" lon="16.826819">
				<ele>64.089951</ele>
			</trkpt>
			<trkpt lat="52.201122" lon="16.826883">
				<ele>64.123077</ele>
			</trkpt>
			<trkpt lat="52.201519" lon="16.827062">
				<ele>64.046844</ele>
			</trkpt>
			<trkpt lat="52.201640" lon="16.827089">
				<ele>64.132164</ele>
			</trkpt>
			<trkpt lat="52.201767" lon="16.827108">
				<ele>64.254738</ele>
			</trkpt>
			<trkpt lat="52.202053" lon="16.827089">
				<ele>64.150543</ele>
			</trkpt>
			<trkpt lat="52.202956" lon="16.826936">
				<ele>64.286522</ele>
			</trkpt>
			<trkpt lat="52.203060" lon="16.826928">
				<ele>64.199997</ele>
			</trkpt>
			<trkpt lat="52.205147" lon="16.826604">
				<ele>64.400009</ele>
			</trkpt>
			<trkpt lat="52.206259" lon="16.826433">
				<ele>64.199997</ele>
			</trkpt>
			<trkpt lat="52.206430" lon="16.826406">
				<ele>64.274704</ele>
			</trkpt>
			<trkpt lat="52.206831" lon="16.826353">
				<ele>64.214073</ele>
			</trkpt>
			<trkpt lat="52.206898" lon="16.826343">
				<ele>64.396812</ele>
			</trkpt>
			<trkpt lat="52.208213" lon="16.826137">
				<ele>64.200005</ele>
			</trkpt>
			<trkpt lat="52.208703" lon="16.826066">
				<ele>64.199997</ele>
			</trkpt>
			<trkpt lat="52.208703" lon="16.826066">
				<ele>64.199997</ele>
			</trkpt>
			<trkpt lat="52.209056" lon="16.826011">
				<ele>64.168701</ele>
			</trkpt>
			<trkpt lat="52.210167" lon="16.825840">
				<ele>64.000015</ele>
			</trkpt>
			<trkpt lat="52.210360" lon="16.825804">
				<ele>64.000015</ele>
			</trkpt>
			<trkpt lat="52.210641" lon="16.825760">
				<ele>64.000015</ele>
			</trkpt>
			<trkpt lat="52.210685" lon="16.825751">
				<ele>64.000015</ele>
			</trkpt>
			<trkpt lat="52.210723" lon="16.825733">
				<ele>64.000015</ele>
			</trkpt>
			<trkpt lat="52.210756" lon="16.825706">
				<ele>64.083359</ele>
			</trkpt>
			<trkpt lat="52.210790" lon="16.825670">
				<ele>64.186356</ele>
			</trkpt>
			<trkpt lat="52.210828" lon="16.825625">
				<ele>64.160622</ele>
			</trkpt>
			<trkpt lat="52.210861" lon="16.825580">
				<ele>64.167778</ele>
			</trkpt>
			<trkpt lat="52.210894" lon="16.825527">
				<ele>64.199997</ele>
			</trkpt>
			<trkpt lat="52.210922" lon="16.825464">
				<ele>64.164886</ele>
			</trkpt>
			<trkpt lat="52.210982" lon="16.825320">
				<ele>64.145462</ele>
			</trkpt>
			<trkpt lat="52.211032" lon="16.825140">
				<ele>64.048553</ele>
			</trkpt>
			<trkpt lat="52.211059" lon="16.825051">
				<ele>64.123787</ele>
			</trkpt>
			<trkpt lat="52.211076" lon="16.824988">
				<ele>64.221550</ele>
			</trkpt>
			<trkpt lat="52.211120" lon="16.824825">
				<ele>64.495781</ele>
			</trkpt>
			<trkpt lat="52.211147" lon="16.824709">
				<ele>64.633728</ele>
			</trkpt>
			<trkpt lat="52.211169" lon="16.824636">
				<ele>64.835915</ele>
			</trkpt>
			<trkpt lat="52.211208" lon="16.824502">
				<ele>65.000015</ele>
			</trkpt>
			<trkpt lat="52.211230" lon="16.824430">
				<ele>64.975914</ele>
			</trkpt>
			<trkpt lat="52.211257" lon="16.824359">
				<ele>64.771683</ele>
			</trkpt>
			<trkpt lat="52.211285" lon="16.824296">
				<ele>64.594345</ele>
			</trkpt>
			<trkpt lat="52.211313" lon="16.824250">
				<ele>64.465347</ele>
			</trkpt>
			<trkpt lat="52.211351" lon="16.824206">
				<ele>64.400009</ele>
			</trkpt>
			<trkpt lat="52.211373" lon="16.824179">
				<ele>64.405197</ele>
			</trkpt>
			<trkpt lat="52.211406" lon="16.824152">
				<ele>64.501953</ele>
			</trkpt>
			<trkpt lat="52.211439" lon="16.824143">
				<ele>64.587936</ele>
			</trkpt>
			<trkpt lat="52.211478" lon="16.824125">
				<ele>64.600021</ele>
			</trkpt>
			<trkpt lat="52.211516" lon="16.824133">
				<ele>64.590637</ele>
			</trkpt>
			<trkpt lat="52.211555" lon="16.824143">
				<ele>64.500458</ele>
			</trkpt>
			<trkpt lat="52.211593" lon="16.824160">
				<ele>64.400009</ele>
			</trkpt>
			<trkpt lat="52.211626" lon="16.824188">
				<ele>64.400017</ele>
			</trkpt>
			<trkpt lat="52.211659" lon="16.824223">
				<ele>64.400009</ele>
			</trkpt>
			<trkpt lat="52.211703" lon="16.824286">
				<ele>64.282509</ele>
			</trkpt>
			<trkpt lat="52.211769" lon="16.824439">
				<ele>64.199997</ele>
			</trkpt>
			<trkpt lat="52.212050" lon="16.825112">
				<ele>64.294579</ele>
			</trkpt>
			<trkpt lat="52.212154" lon="16.825311">
				<ele>64.408714</ele>
			</trkpt>
			<trkpt lat="52.212315" lon="16.825535">
				<ele>64.460167</ele>
			</trkpt>
			<trkpt lat="52.212727" lon="16.825948">
				<ele>64.128998</ele>
			</trkpt>
			<trkpt lat="52.213636" lon="16.826775">
				<ele>64.381226</ele>
			</trkpt>
			<trkpt lat="52.214070" lon="16.827143">
				<ele>64.395821</ele>
			</trkpt>
			<trkpt lat="52.215336" lon="16.827961">
				<ele>63.265869</ele>
			</trkpt>
			<trkpt lat="52.215969" lon="16.828364">
				<ele>63.600025</ele>
			</trkpt>
			<trkpt lat="52.216156" lon="16.828490">
				<ele>63.600018</ele>
			</trkpt>
			<trkpt lat="52.217576" lon="16.829380">
				<ele>63.600021</ele>
			</trkpt>
			<trkpt lat="52.219701" lon="16.830727">
				<ele>63.469910</ele>
			</trkpt>
			<trkpt lat="52.219854" lon="16.830835">
				<ele>63.699860</ele>
			</trkpt>
			<trkpt lat="52.220415" lon="16.831194">
				<ele>63.400013</ele>
			</trkpt>
			<trkpt lat="52.220889" lon="16.831491">
				<ele>63.600021</ele>
			</trkpt>
			<trkpt lat="52.221131" lon="16.831626">
				<ele>63.746429</ele>
			</trkpt>
			<trkpt lat="52.221401" lon="16.831760">
				<ele>63.770214</ele>
			</trkpt>
			<trkpt lat="52.221693" lon="16.831869">
				<ele>63.718864</ele>
			</trkpt>
			<trkpt lat="52.222270" lon="16.831993">
				<ele>63.351025</ele>
			</trkpt>
			<trkpt lat="52.222507" lon="16.832120">
				<ele>63.544682</ele>
			</trkpt>
			<trkpt lat="52.222595" lon="16.832165">
				<ele>63.454750</ele>
			</trkpt>
			<trkpt lat="52.222683" lon="16.832219">
				<ele>63.600021</ele>
			</trkpt>
			<trkpt lat="52.222975" lon="16.832398">
				<ele>63.814640</ele>
			</trkpt>
			<trkpt lat="52.223135" lon="16.832506">
				<ele>64.000015</ele>
			</trkpt>
			<trkpt lat="52.223344" lon="16.832641">
				<ele>64.064972</ele>
			</trkpt>
			<trkpt lat="52.223861" lon="16.832991">
				<ele>63.600025</ele>
			</trkpt>
			<trkpt lat="52.224252" lon="16.833242">
				<ele>63.199997</ele>
			</trkpt>
			<trkpt lat="52.224422" lon="16.833351">
				<ele>63.387096</ele>
			</trkpt>
			<trkpt lat="52.224724" lon="16.833557">
				<ele>63.400009</ele>
			</trkpt>
			<trkpt lat="52.225105" lon="16.833800">
				<ele>63.400009</ele>
			</trkpt>
			<trkpt lat="52.226568" lon="16.834823">
				<ele>63.600021</ele>
			</trkpt>
			<trkpt lat="52.226662" lon="16.834886">
				<ele>63.600025</ele>
			</trkpt>
			<trkpt lat="52.226689" lon="16.834788">
				<ele>63.600018</ele>
			</trkpt>
			<trkpt lat="52.226717" lon="16.834815">
				<ele>63.600018</ele>
			</trkpt>
			<trkpt lat="52.226727" lon="16.834859">
				<ele>63.600021</ele>
			</trkpt>
			<trkpt lat="52.227553" lon="16.835462">
				<ele>63.600021</ele>
			</trkpt>
			<trkpt lat="52.227597" lon="16.835416">
				<ele>63.600025</ele>
			</trkpt>
			<trkpt lat="52.227630" lon="16.835444">
				<ele>63.600025</ele>
			</trkpt>
			<trkpt lat="52.227663" lon="16.835462">
				<ele>63.600018</ele>
			</trkpt>
			<trkpt lat="52.227674" lon="16.835551">
				<ele>63.600021</ele>
			</trkpt>
			<trkpt lat="52.228119" lon="16.835892">
				<ele>63.607449</ele>
			</trkpt>
			<trkpt lat="52.228720" lon="16.836441">
				<ele>63.618629</ele>
			</trkpt>
			<trkpt lat="52.229132" lon="16.836809">
				<ele>63.614479</ele>
			</trkpt>
			<trkpt lat="52.229457" lon="16.837106">
				<ele>63.691895</ele>
			</trkpt>
			<trkpt lat="52.230491" lon="16.838039">
				<ele>63.600021</ele>
			</trkpt>
			<trkpt lat="52.231476" lon="16.838840">
				<ele>63.800003</ele>
			</trkpt>
			<trkpt lat="52.231509" lon="16.838867">
				<ele>63.800003</ele>
			</trkpt>
			<trkpt lat="52.231531" lon="16.838875">
				<ele>63.800003</ele>
			</trkpt>
			<trkpt lat="52.231553" lon="16.838875">
				<ele>63.800007</ele>
			</trkpt>
			<trkpt lat="52.231569" lon="16.838875">
				<ele>63.800003</ele>
			</trkpt>
			<trkpt lat="52.231581" lon="16.838884">
				<ele>63.800003</ele>
			</trkpt>
			<trkpt lat="52.231592" lon="16.838893">
				<ele>63.800003</ele>
			</trkpt>
			<trkpt lat="52.231619" lon="16.838920">
				<ele>63.805355</ele>
			</trkpt>
			<trkpt lat="52.231652" lon="16.838938">
				<ele>63.853729</ele>
			</trkpt>
			<trkpt lat="52.231669" lon="16.838947">
				<ele>63.880604</ele>
			</trkpt>
			<trkpt lat="52.231679" lon="16.839001">
				<ele>63.978779</ele>
			</trkpt>
			<trkpt lat="52.231691" lon="16.839028">
				<ele>63.946526</ele>
			</trkpt>
			<trkpt lat="52.231702" lon="16.839046">
				<ele>63.914284</ele>
			</trkpt>
			<trkpt lat="52.231823" lon="16.839127">
				<ele>64.000015</ele>
			</trkpt>
			<trkpt lat="52.232197" lon="16.839441">
				<ele>64.000015</ele>
			</trkpt>
			<trkpt lat="52.232412" lon="16.839620">
				<ele>64.199997</ele>
			</trkpt>
			<trkpt lat="52.233506" lon="16.840555">
				<ele>64.368256</ele>
			</trkpt>
			<trkpt lat="52.233545" lon="16.840573">
				<ele>64.400009</ele>
			</trkpt>
			<trkpt lat="52.233567" lon="16.840564">
				<ele>64.400017</ele>
			</trkpt>
			<trkpt lat="52.233578" lon="16.840564">
				<ele>64.400009</ele>
			</trkpt>
			<trkpt lat="52.233611" lon="16.840582">
				<ele>64.359764</ele>
			</trkpt>
			<trkpt lat="52.233643" lon="16.840609">
				<ele>64.369972</ele>
			</trkpt>
			<trkpt lat="52.233655" lon="16.840662">
				<ele>64.393913</ele>
			</trkpt>
			<trkpt lat="52.233672" lon="16.840716">
				<ele>64.400009</ele>
			</trkpt>
			<trkpt lat="52.233693" lon="16.840735">
				<ele>64.400009</ele>
			</trkpt>
			<trkpt lat="52.234678" lon="16.841561">
				<ele>65.000015</ele>
			</trkpt>
			<trkpt lat="52.234722" lon="16.841597">
				<ele>65.000023</ele>
			</trkpt>
			<trkpt lat="52.234783" lon="16.841624">
				<ele>65.000015</ele>
			</trkpt>
			<trkpt lat="52.234826" lon="16.841641">
				<ele>65.000015</ele>
			</trkpt>
			<trkpt lat="52.234920" lon="16.841660">
				<ele>65.000015</ele>
			</trkpt>
			<trkpt lat="52.234937" lon="16.841660">
				<ele>65.000015</ele>
			</trkpt>
			<trkpt lat="52.234964" lon="16.841687">
				<ele>65.000015</ele>
			</trkpt>
			<trkpt lat="52.234992" lon="16.841714">
				<ele>65.000023</ele>
			</trkpt>
			<trkpt lat="52.235013" lon="16.841804">
				<ele>65.000015</ele>
			</trkpt>
			<trkpt lat="52.235030" lon="16.841830">
				<ele>65.000015</ele>
			</trkpt>
			<trkpt lat="52.235052" lon="16.841857">
				<ele>65.000023</ele>
			</trkpt>
			<trkpt lat="52.235212" lon="16.841993">
				<ele>65.199997</ele>
			</trkpt>
			<trkpt lat="52.235234" lon="16.842020">
				<ele>65.199997</ele>
			</trkpt>
			<trkpt lat="52.235267" lon="16.842117">
				<ele>65.199997</ele>
			</trkpt>
			<trkpt lat="52.235333" lon="16.842172">
				<ele>65.199997</ele>
			</trkpt>
			<trkpt lat="52.235685" lon="16.842469">
				<ele>65.292480</ele>
			</trkpt>
			<trkpt lat="52.235729" lon="16.842504">
				<ele>65.199997</ele>
			</trkpt>
			<trkpt lat="52.235795" lon="16.842567">
				<ele>65.199997</ele>
			</trkpt>
			<trkpt lat="52.236273" lon="16.842972">
				<ele>65.400009</ele>
			</trkpt>
			<trkpt lat="52.237753" lon="16.844230">
				<ele>65.623276</ele>
			</trkpt>
			<trkpt lat="52.237820" lon="16.844283">
				<ele>65.726868</ele>
			</trkpt>
			<trkpt lat="52.238584" lon="16.844939">
				<ele>66.000015</ele>
			</trkpt>
			<trkpt lat="52.240113" lon="16.846241">
				<ele>65.597908</ele>
			</trkpt>
			<trkpt lat="52.240124" lon="16.846251">
				<ele>65.600021</ele>
			</trkpt>
			<trkpt lat="52.240141" lon="16.846241">
				<ele>65.600021</ele>
			</trkpt>
			<trkpt lat="52.240152" lon="16.846232">
				<ele>65.600021</ele>
			</trkpt>
			<trkpt lat="52.240174" lon="16.846259">
				<ele>65.600021</ele>
			</trkpt>
			<trkpt lat="52.240207" lon="16.846286">
				<ele>65.600021</ele>
			</trkpt>
			<trkpt lat="52.240245" lon="16.846331">
				<ele>65.600021</ele>
			</trkpt>
			<trkpt lat="52.240262" lon="16.846349">
				<ele>65.597984</ele>
			</trkpt>
			<trkpt lat="52.240262" lon="16.846367">
				<ele>65.599625</ele>
			</trkpt>
			<trkpt lat="52.240267" lon="16.846375">
				<ele>65.600021</ele>
			</trkpt>
			<trkpt lat="52.240361" lon="16.846465">
				<ele>65.600021</ele>
			</trkpt>
			<trkpt lat="52.240576" lon="16.846645">
				<ele>65.387642</ele>
			</trkpt>
			<trkpt lat="52.240553" lon="16.846717">
				<ele>65.224030</ele>
			</trkpt>
			<trkpt lat="52.241384" lon="16.847436">
				<ele>65.199989</ele>
			</trkpt>
			<trkpt lat="52.241483" lon="16.847517">
				<ele>65.160629</ele>
			</trkpt>
			<trkpt lat="52.241577" lon="16.847616">
				<ele>65.199989</ele>
			</trkpt>
			<trkpt lat="52.241615" lon="16.847652">
				<ele>65.199997</ele>
			</trkpt>
			<trkpt lat="52.241780" lon="16.847804">
				<ele>65.115852</ele>
			</trkpt>
			<trkpt lat="52.241901" lon="16.847930">
				<ele>65.000015</ele>
			</trkpt>
			<trkpt lat="52.241995" lon="16.848038">
				<ele>65.000015</ele>
			</trkpt>
			<trkpt lat="52.242027" lon="16.848073">
				<ele>65.000015</ele>
			</trkpt>
			<trkpt lat="52.242066" lon="16.848119">
				<ele>65.056984</ele>
			</trkpt>
			<trkpt lat="52.242094" lon="16.848155">
				<ele>65.165558</ele>
			</trkpt>
			<trkpt lat="52.242154" lon="16.848218">
				<ele>65.066345</ele>
			</trkpt>
			<trkpt lat="52.242292" lon="16.848362">
				<ele>65.075523</ele>
			</trkpt>
			<trkpt lat="52.242347" lon="16.848425">
				<ele>65.000015</ele>
			</trkpt>
			<trkpt lat="52.242402" lon="16.848488">
				<ele>65.000015</ele>
			</trkpt>
			<trkpt lat="52.242451" lon="16.848549">
				<ele>65.000008</ele>
			</trkpt>
			<trkpt lat="52.242666" lon="16.848819">
				<ele>65.000015</ele>
			</trkpt>
			<trkpt lat="52.242721" lon="16.848901">
				<ele>65.000023</ele>
			</trkpt>
			<trkpt lat="52.242731" lon="16.848909">
				<ele>65.000015</ele>
			</trkpt>
			<trkpt lat="52.242798" lon="16.849008">
				<ele>65.161125</ele>
			</trkpt>
			<trkpt lat="52.242996" lon="16.849295">
				<ele>65.216003</ele>
			</trkpt>
			<trkpt lat="52.243089" lon="16.849440">
				<ele>65.183731</ele>
			</trkpt>
			<trkpt lat="52.243166" lon="16.849547">
				<ele>65.000023</ele>
			</trkpt>
			<trkpt lat="52.243474" lon="16.850006">
				<ele>64.000374</ele>
			</trkpt>
			<trkpt lat="52.243507" lon="16.850059">
				<ele>63.695152</ele>
			</trkpt>
			<trkpt lat="52.243612" lon="16.850212">
				<ele>63.356415</ele>
			</trkpt>
			<trkpt lat="52.243716" lon="16.850364">
				<ele>63.255436</ele>
			</trkpt>
			<trkpt lat="52.243744" lon="16.850410">
				<ele>63.180199</ele>
			</trkpt>
			<trkpt lat="52.243765" lon="16.850436">
				<ele>63.171791</ele>
			</trkpt>
			<trkpt lat="52.243793" lon="16.850463">
				<ele>63.171791</ele>
			</trkpt>
			<trkpt lat="52.243826" lon="16.850499">
				<ele>63.143723</ele>
			</trkpt>
			<trkpt lat="52.243848" lon="16.850526">
				<ele>63.089989</ele>
			</trkpt>
			<trkpt lat="52.243903" lon="16.850562">
				<ele>62.928757</ele>
			</trkpt>
			<trkpt lat="52.243975" lon="16.850572">
				<ele>62.735275</ele>
			</trkpt>
			<trkpt lat="52.244002" lon="16.850562">
				<ele>62.649292</ele>
			</trkpt>
			<trkpt lat="52.244052" lon="16.850562">
				<ele>62.509560</ele>
			</trkpt>
			<trkpt lat="52.244085" lon="16.850553">
				<ele>62.423561</ele>
			</trkpt>
			<trkpt lat="52.244117" lon="16.850553">
				<ele>62.400009</ele>
			</trkpt>
			<trkpt lat="52.244151" lon="16.850536">
				<ele>62.400009</ele>
			</trkpt>
			<trkpt lat="52.244179" lon="16.850526">
				<ele>62.400009</ele>
			</trkpt>
			<trkpt lat="52.244349" lon="16.850427">
				<ele>62.570808</ele>
			</trkpt>
			<trkpt lat="52.244382" lon="16.850400">
				<ele>62.600021</ele>
			</trkpt>
			<trkpt lat="52.244409" lon="16.850383">
				<ele>62.600021</ele>
			</trkpt>
			<trkpt lat="52.244602" lon="16.850239">
				<ele>59.723427</ele>
			</trkpt>
			<trkpt lat="52.245053" lon="16.849870">
				<ele>63.000019</ele>
			</trkpt>
			<trkpt lat="52.245091" lon="16.849844">
				<ele>63.000015</ele>
			</trkpt>
			<trkpt lat="52.245113" lon="16.849834">
				<ele>63.000015</ele>
			</trkpt>
			<trkpt lat="52.245146" lon="16.849817">
				<ele>63.000015</ele>
			</trkpt>
			<trkpt lat="52.245174" lon="16.849798">
				<ele>63.000015</ele>
			</trkpt>
			<trkpt lat="52.245212" lon="16.849790">
				<ele>63.000015</ele>
			</trkpt>
			<trkpt lat="52.245245" lon="16.849790">
				<ele>63.009380</ele>
			</trkpt>
			<trkpt lat="52.245465" lon="16.849771">
				<ele>63.460926</ele>
			</trkpt>
			<trkpt lat="52.245570" lon="16.849763">
				<ele>63.593552</ele>
			</trkpt>
			<trkpt lat="52.245746" lon="16.849744">
				<ele>63.862946</ele>
			</trkpt>
			<trkpt lat="52.245944" lon="16.849736">
				<ele>64.283676</ele>
			</trkpt>
			<trkpt lat="52.246043" lon="16.849727">
				<ele>64.300591</ele>
			</trkpt>
			<trkpt lat="52.246142" lon="16.849727">
				<ele>64.343208</ele>
			</trkpt>
			<trkpt lat="52.246235" lon="16.849727">
				<ele>64.600021</ele>
			</trkpt>
			<trkpt lat="52.246329" lon="16.849727">
				<ele>64.600021</ele>
			</trkpt>
			<trkpt lat="52.246356" lon="16.849708">
				<ele>64.600029</ele>
			</trkpt>
			<trkpt lat="52.246544" lon="16.849717">
				<ele>64.786453</ele>
			</trkpt>
			<trkpt lat="52.247710" lon="16.849826">
				<ele>64.864700</ele>
			</trkpt>
			<trkpt lat="52.247863" lon="16.849844">
				<ele>64.800003</ele>
			</trkpt>
			<trkpt lat="52.247951" lon="16.849853">
				<ele>64.724243</ele>
			</trkpt>
			<trkpt lat="52.248023" lon="16.849870">
				<ele>64.600021</ele>
			</trkpt>
			<trkpt lat="52.248424" lon="16.849951">
				<ele>64.514404</ele>
			</trkpt>
			<trkpt lat="52.248490" lon="16.849970">
				<ele>64.460663</ele>
			</trkpt>
			<trkpt lat="52.248562" lon="16.849987">
				<ele>64.595879</ele>
			</trkpt>
			<trkpt lat="52.248633" lon="16.850006">
				<ele>64.400154</ele>
			</trkpt>
			<trkpt lat="52.248727" lon="16.850033">
				<ele>64.400009</ele>
			</trkpt>
			<trkpt lat="52.249095" lon="16.850140">
				<ele>64.400009</ele>
			</trkpt>
			<trkpt lat="52.249145" lon="16.850157">
				<ele>64.400009</ele>
			</trkpt>
			<trkpt lat="52.249194" lon="16.850186">
				<ele>64.400009</ele>
			</trkpt>
			<trkpt lat="52.249238" lon="16.850203">
				<ele>64.304321</ele>
			</trkpt>
			<trkpt lat="52.249282" lon="16.850230">
				<ele>64.199997</ele>
			</trkpt>
			<trkpt lat="52.249321" lon="16.850257">
				<ele>64.199997</ele>
			</trkpt>
			<trkpt lat="52.249453" lon="16.850346">
				<ele>64.199997</ele>
			</trkpt>
			<trkpt lat="52.249783" lon="16.850562">
				<ele>64.199997</ele>
			</trkpt>
			<trkpt lat="52.249821" lon="16.850589">
				<ele>64.199997</ele>
			</trkpt>
			<trkpt lat="52.249914" lon="16.850662">
				<ele>64.109741</ele>
			</trkpt>
			<trkpt lat="52.250053" lon="16.850750">
				<ele>63.998901</ele>
			</trkpt>
			<trkpt lat="52.250113" lon="16.850805">
				<ele>63.906662</ele>
			</trkpt>
			<trkpt lat="52.250129" lon="16.850823">
				<ele>63.867748</ele>
			</trkpt>
			<trkpt lat="52.250234" lon="16.850903">
				<ele>64.000015</ele>
			</trkpt>
			<trkpt lat="52.250289" lon="16.850939">
				<ele>64.047035</ele>
			</trkpt>
			<trkpt lat="52.251097" lon="16.851496">
				<ele>64.121620</ele>
			</trkpt>
			<trkpt lat="52.251251" lon="16.851604">
				<ele>64.400009</ele>
			</trkpt>
			<trkpt lat="52.251872" lon="16.852044">
				<ele>64.482788</ele>
			</trkpt>
			<trkpt lat="52.252092" lon="16.852188">
				<ele>64.400009</ele>
			</trkpt>
			<trkpt lat="52.252142" lon="16.852233">
				<ele>64.400009</ele>
			</trkpt>
			<trkpt lat="52.252224" lon="16.852287">
				<ele>64.400009</ele>
			</trkpt>
			<trkpt lat="52.252389" lon="16.852404">
				<ele>64.402557</ele>
			</trkpt>
			<trkpt lat="52.252626" lon="16.852566">
				<ele>64.400009</ele>
			</trkpt>
			<trkpt lat="52.254364" lon="16.853769">
				<ele>64.154808</ele>
			</trkpt>
			<trkpt lat="52.254463" lon="16.853832">
				<ele>64.021332</ele>
			</trkpt>
			<trkpt lat="52.254974" lon="16.854191">
				<ele>64.053787</ele>
			</trkpt>
			<trkpt lat="52.256030" lon="16.854928">
				<ele>63.000015</ele>
			</trkpt>
			<trkpt lat="52.256167" lon="16.855018">
				<ele>63.000015</ele>
			</trkpt>
			<trkpt lat="52.256822" lon="16.855431">
				<ele>62.122776</ele>
			</trkpt>
			<trkpt lat="52.256997" lon="16.855547">
				<ele>61.491711</ele>
			</trkpt>
			<trkpt lat="52.257767" lon="16.856060">
				<ele>60.500149</ele>
			</trkpt>
			<trkpt lat="52.257938" lon="16.856176">
				<ele>60.374550</ele>
			</trkpt>
			<trkpt lat="52.258241" lon="16.856392">
				<ele>60.453941</ele>
			</trkpt>
			<trkpt lat="52.258411" lon="16.856509">
				<ele>60.558548</ele>
			</trkpt>
			<trkpt lat="52.258526" lon="16.856599">
				<ele>60.600025</ele>
			</trkpt>
			<trkpt lat="52.258636" lon="16.856698">
				<ele>60.600014</ele>
			</trkpt>
			<trkpt lat="52.258823" lon="16.856868">
				<ele>60.490067</ele>
			</trkpt>
			<trkpt lat="52.259093" lon="16.857111">
				<ele>60.199997</ele>
			</trkpt>
			<trkpt lat="52.260275" lon="16.858170">
				<ele>60.195900</ele>
			</trkpt>
			<trkpt lat="52.260451" lon="16.858314">
				<ele>60.199993</ele>
			</trkpt>
			<trkpt lat="52.260550" lon="16.858396">
				<ele>60.104366</ele>
			</trkpt>
			<trkpt lat="52.260946" lon="16.858710">
				<ele>60.313705</ele>
			</trkpt>
			<trkpt lat="52.261061" lon="16.858799">
				<ele>60.635082</ele>
			</trkpt>
			<trkpt lat="52.261193" lon="16.858899">
				<ele>61.098751</ele>
			</trkpt>
			<trkpt lat="52.261243" lon="16.858935">
				<ele>61.397907</ele>
			</trkpt>
			<trkpt lat="52.261286" lon="16.858962">
				<ele>61.400013</ele>
			</trkpt>
			<trkpt lat="52.261369" lon="16.859006">
				<ele>61.406696</ele>
			</trkpt>
			<trkpt lat="52.261463" lon="16.859060">
				<ele>61.707661</ele>
			</trkpt>
			<trkpt lat="52.261523" lon="16.859088">
				<ele>61.960812</ele>
			</trkpt>
			<trkpt lat="52.261616" lon="16.859132">
				<ele>62.158051</ele>
			</trkpt>
			<trkpt lat="52.261688" lon="16.859168">
				<ele>62.442505</ele>
			</trkpt>
			<trkpt lat="52.261748" lon="16.859195">
				<ele>62.535435</ele>
			</trkpt>
			<trkpt lat="52.261903" lon="16.859258">
				<ele>62.487251</ele>
			</trkpt>
			<trkpt lat="52.261968" lon="16.859285">
				<ele>62.411999</ele>
			</trkpt>
			<trkpt lat="52.262035" lon="16.859312">
				<ele>62.560482</ele>
			</trkpt>
			<trkpt lat="52.262100" lon="16.859329">
				<ele>62.600021</ele>
			</trkpt>
			<trkpt lat="52.262166" lon="16.859356">
				<ele>62.600025</ele>
			</trkpt>
			<trkpt lat="52.262232" lon="16.859375">
				<ele>62.600021</ele>
			</trkpt>
			<trkpt lat="52.262397" lon="16.859419">
				<ele>62.635799</ele>
			</trkpt>
			<trkpt lat="52.262908" lon="16.859564">
				<ele>62.726402</ele>
			</trkpt>
			<trkpt lat="52.263183" lon="16.859654">
				<ele>62.199997</ele>
			</trkpt>
			<trkpt lat="52.263266" lon="16.859689">
				<ele>62.200001</ele>
			</trkpt>
			<trkpt lat="52.263343" lon="16.859715">
				<ele>62.199997</ele>
			</trkpt>
			<trkpt lat="52.263425" lon="16.859752">
				<ele>62.163246</ele>
			</trkpt>
			<trkpt lat="52.263497" lon="16.859778">
				<ele>62.110451</ele>
			</trkpt>
			<trkpt lat="52.263590" lon="16.859824">
				<ele>62.033222</ele>
			</trkpt>
			<trkpt lat="52.263662" lon="16.859851">
				<ele>62.039970</ele>
			</trkpt>
			<trkpt lat="52.263728" lon="16.859887">
				<ele>61.948009</ele>
			</trkpt>
			<trkpt lat="52.263810" lon="16.859931">
				<ele>61.857098</ele>
			</trkpt>
			<trkpt lat="52.263887" lon="16.859968">
				<ele>61.926823</ele>
			</trkpt>
			<trkpt lat="52.263958" lon="16.860021">
				<ele>61.822124</ele>
			</trkpt>
			<trkpt lat="52.264013" lon="16.860057">
				<ele>61.660904</ele>
			</trkpt>
			<trkpt lat="52.264151" lon="16.860157">
				<ele>61.616329</ele>
			</trkpt>
			<trkpt lat="52.264338" lon="16.860300">
				<ele>61.887520</ele>
			</trkpt>
			<trkpt lat="52.264745" lon="16.860614">
				<ele>61.600025</ele>
			</trkpt>
			<trkpt lat="52.265091" lon="16.860875">
				<ele>61.400009</ele>
			</trkpt>
			<trkpt lat="52.265141" lon="16.860910">
				<ele>61.510033</ele>
			</trkpt>
			<trkpt lat="52.265190" lon="16.860947">
				<ele>61.751450</ele>
			</trkpt>
			<trkpt lat="52.265201" lon="16.860956">
				<ele>61.820652</ele>
			</trkpt>
			<trkpt lat="52.265240" lon="16.860973">
				<ele>61.986572</ele>
			</trkpt>
			<trkpt lat="52.265289" lon="16.861000">
				<ele>62.129227</ele>
			</trkpt>
			<trkpt lat="52.265338" lon="16.861027">
				<ele>62.199997</ele>
			</trkpt>
			<trkpt lat="52.265383" lon="16.861054">
				<ele>62.199997</ele>
			</trkpt>
			<trkpt lat="52.265460" lon="16.861082">
				<ele>62.200001</ele>
			</trkpt>
			<trkpt lat="52.265536" lon="16.861109">
				<ele>62.199997</ele>
			</trkpt>
			<trkpt lat="52.265625" lon="16.861136">
				<ele>62.200001</ele>
			</trkpt>
			<trkpt lat="52.265680" lon="16.861153">
				<ele>62.200001</ele>
			</trkpt>
			<trkpt lat="52.266070" lon="16.861270">
				<ele>62.415009</ele>
			</trkpt>
			<trkpt lat="52.268714" lon="16.862078">
				<ele>62.674515</ele>
			</trkpt>
			<trkpt lat="52.268747" lon="16.862078">
				<ele>62.706696</ele>
			</trkpt>
			<trkpt lat="52.268780" lon="16.862078">
				<ele>62.733852</ele>
			</trkpt>
			<trkpt lat="52.268813" lon="16.862078">
				<ele>62.805000</ele>
			</trkpt>
			<trkpt lat="52.268841" lon="16.862061">
				<ele>62.928612</ele>
			</trkpt>
			<trkpt lat="52.268868" lon="16.862042">
				<ele>63.011642</ele>
			</trkpt>
			<trkpt lat="52.268896" lon="16.862006">
				<ele>63.086880</ele>
			</trkpt>
			<trkpt lat="52.268929" lon="16.861962">
				<ele>63.189484</ele>
			</trkpt>
			<trkpt lat="52.268951" lon="16.861918">
				<ele>63.199993</ele>
			</trkpt>
			<trkpt lat="52.269061" lon="16.861648">
				<ele>63.400005</ele>
			</trkpt>
			<trkpt lat="52.269082" lon="16.861602">
				<ele>63.378448</ele>
			</trkpt>
			<trkpt lat="52.269110" lon="16.861566">
				<ele>63.304180</ele>
			</trkpt>
			<trkpt lat="52.269132" lon="16.861530">
				<ele>63.246700</ele>
			</trkpt>
			<trkpt lat="52.269154" lon="16.861522">
				<ele>63.182205</ele>
			</trkpt>
			<trkpt lat="52.269176" lon="16.861513">
				<ele>63.117714</ele>
			</trkpt>
			<trkpt lat="52.269204" lon="16.861503">
				<ele>63.042484</ele>
			</trkpt>
			<trkpt lat="52.269236" lon="16.861503">
				<ele>62.956181</ele>
			</trkpt>
			<trkpt lat="52.269275" lon="16.861503">
				<ele>62.869354</ele>
			</trkpt>
			<trkpt lat="52.269984" lon="16.861692">
				<ele>61.462708</ele>
			</trkpt>
			<trkpt lat="52.270600" lon="16.861854">
				<ele>61.000015</ele>
			</trkpt>
			<trkpt lat="52.270885" lon="16.861926">
				<ele>61.199997</ele>
			</trkpt>
			<trkpt lat="52.270973" lon="16.861952">
				<ele>61.199997</ele>
			</trkpt>
			<trkpt lat="52.271056" lon="16.861971">
				<ele>61.200001</ele>
			</trkpt>
			<trkpt lat="52.271248" lon="16.862025">
				<ele>61.000011</ele>
			</trkpt>
			<trkpt lat="52.271891" lon="16.862195">
				<ele>61.270924</ele>
			</trkpt>
			<trkpt lat="52.271946" lon="16.862214">
				<ele>61.550362</ele>
			</trkpt>
			<trkpt lat="52.271963" lon="16.862214">
				<ele>61.644466</ele>
			</trkpt>
			<trkpt lat="52.272073" lon="16.862268">
				<ele>62.394909</ele>
			</trkpt>
			<trkpt lat="52.272056" lon="16.862375">
				<ele>62.395317</ele>
			</trkpt>
			<trkpt lat="52.272035" lon="16.862474">
				<ele>62.266335</ele>
			</trkpt>
			<trkpt lat="52.272007" lon="16.862654">
				<ele>62.372131</ele>
			</trkpt>
			<trkpt lat="52.271974" lon="16.862815">
				<ele>62.478420</ele>
			</trkpt>
			<trkpt lat="52.271925" lon="16.863120">
				<ele>62.600025</ele>
			</trkpt>
			<trkpt lat="52.271913" lon="16.863210">
				<ele>62.400009</ele>
			</trkpt>
			<trkpt lat="52.271902" lon="16.863291">
				<ele>62.400009</ele>
			</trkpt>
			<trkpt lat="52.271891" lon="16.863417">
				<ele>62.419651</ele>
			</trkpt>
			<trkpt lat="52.271880" lon="16.863480">
				<ele>62.503223</ele>
			</trkpt>
			<trkpt lat="52.271875" lon="16.863560">
				<ele>62.481724</ele>
			</trkpt>
			<trkpt lat="52.271848" lon="16.863776">
				<ele>62.356689</ele>
			</trkpt>
			<trkpt lat="52.271836" lon="16.863884">
				<ele>62.174221</ele>
			</trkpt>
			<trkpt lat="52.271831" lon="16.863973">
				<ele>62.127258</ele>
			</trkpt>
			<trkpt lat="52.271820" lon="16.864073">
				<ele>61.862473</ele>
			</trkpt>
			<trkpt lat="52.271809" lon="16.864189">
				<ele>61.795132</ele>
			</trkpt>
			<trkpt lat="52.271803" lon="16.864315">
				<ele>61.664711</ele>
			</trkpt>
			<trkpt lat="52.271798" lon="16.864423">
				<ele>61.933468</ele>
			</trkpt>
			<trkpt lat="52.271793" lon="16.864549">
				<ele>62.148792</ele>
			</trkpt>
			<trkpt lat="52.271793" lon="16.864684">
				<ele>62.600021</ele>
			</trkpt>
			<trkpt lat="52.271787" lon="16.864728">
				<ele>62.600025</ele>
			</trkpt>
			<trkpt lat="52.271787" lon="16.865520">
				<ele>62.600021</ele>
			</trkpt>
			<trkpt lat="52.271782" lon="16.866004">
				<ele>62.576283</ele>
			</trkpt>
			<trkpt lat="52.271782" lon="16.866121">
				<ele>62.400009</ele>
			</trkpt>
			<trkpt lat="52.271787" lon="16.866247">
				<ele>62.200001</ele>
			</trkpt>
			<trkpt lat="52.271793" lon="16.866390">
				<ele>62.055992</ele>
			</trkpt>
			<trkpt lat="52.271798" lon="16.866516">
				<ele>62.012550</ele>
			</trkpt>
			<trkpt lat="52.271809" lon="16.866633">
				<ele>62.000015</ele>
			</trkpt>
			<trkpt lat="52.271815" lon="16.866713">
				<ele>62.000011</ele>
			</trkpt>
			<trkpt lat="52.271820" lon="16.866759">
				<ele>62.000008</ele>
			</trkpt>
			<trkpt lat="52.271836" lon="16.866929">
				<ele>62.000019</ele>
			</trkpt>
			<trkpt lat="52.271864" lon="16.867226">
				<ele>62.000015</ele>
			</trkpt>
			<trkpt lat="52.271902" lon="16.867612">
				<ele>62.199997</ele>
			</trkpt>
			<trkpt lat="52.271913" lon="16.867702">
				<ele>62.199997</ele>
			</trkpt>
			<trkpt lat="52.271925" lon="16.867784">
				<ele>62.199997</ele>
			</trkpt>
			<trkpt lat="52.271935" lon="16.867873">
				<ele>62.200001</ele>
			</trkpt>
			<trkpt lat="52.271952" lon="16.867954">
				<ele>62.200001</ele>
			</trkpt>
			<trkpt lat="52.271968" lon="16.868034">
				<ele>62.199993</ele>
			</trkpt>
			<trkpt lat="52.271990" lon="16.868142">
				<ele>62.214924</ele>
			</trkpt>
			<trkpt lat="52.272012" lon="16.868223">
				<ele>62.381966</ele>
			</trkpt>
			<trkpt lat="52.272035" lon="16.868313">
				<ele>62.383278</ele>
			</trkpt>
			<trkpt lat="52.272062" lon="16.868403">
				<ele>62.199997</ele>
			</trkpt>
			<trkpt lat="52.272095" lon="16.868510">
				<ele>62.199997</ele>
			</trkpt>
			<trkpt lat="52.272155" lon="16.868699">
				<ele>62.199997</ele>
			</trkpt>
			<trkpt lat="52.272248" lon="16.868986">
				<ele>62.199997</ele>
			</trkpt>
			<trkpt lat="52.272271" lon="16.869059">
				<ele>62.200001</ele>
			</trkpt>
			<trkpt lat="52.272287" lon="16.869122">
				<ele>62.253334</ele>
			</trkpt>
			<trkpt lat="52.272298" lon="16.869176">
				<ele>62.308861</ele>
			</trkpt>
			<trkpt lat="52.272309" lon="16.869220">
				<ele>62.392273</ele>
			</trkpt>
			<trkpt lat="52.272315" lon="16.869273">
				<ele>62.400009</ele>
			</trkpt>
			<trkpt lat="52.272320" lon="16.869355">
				<ele>62.400009</ele>
			</trkpt>
			<trkpt lat="52.272320" lon="16.869400">
				<ele>62.400009</ele>
			</trkpt>
			<trkpt lat="52.272320" lon="16.869463">
				<ele>62.400009</ele>
			</trkpt>
			<trkpt lat="52.272320" lon="16.869535">
				<ele>62.378738</ele>
			</trkpt>
			<trkpt lat="52.272315" lon="16.869822">
				<ele>62.328583</ele>
			</trkpt>
			<trkpt lat="52.272309" lon="16.869957">
				<ele>62.400017</ele>
			</trkpt>
			<trkpt lat="52.272303" lon="16.870082">
				<ele>62.406071</ele>
			</trkpt>
			<trkpt lat="52.272353" lon="16.870065">
				<ele>62.400013</ele>
			</trkpt>
			<trkpt lat="52.272408" lon="16.870038">
				<ele>62.400013</ele>
			</trkpt>
			<trkpt lat="52.272458" lon="16.870019">
				<ele>62.526295</ele>
			</trkpt>
			<trkpt lat="52.272496" lon="16.870011">
				<ele>62.600021</ele>
			</trkpt>
			<trkpt lat="52.272546" lon="16.869992">
				<ele>62.594719</ele>
			</trkpt>
			<trkpt lat="52.272595" lon="16.869984">
				<ele>62.524651</ele>
			</trkpt>
			<trkpt lat="52.272650" lon="16.869975">
				<ele>62.458855</ele>
			</trkpt>
			<trkpt lat="52.272688" lon="16.869965">
				<ele>62.410896</ele>
			</trkpt>
			<trkpt lat="52.272733" lon="16.869965">
				<ele>62.400009</ele>
			</trkpt>
			<trkpt lat="52.272776" lon="16.869965">
				<ele>62.400005</ele>
			</trkpt>
			<trkpt lat="52.272826" lon="16.869965">
				<ele>62.400009</ele>
			</trkpt>
			<trkpt lat="52.272881" lon="16.869965">
				<ele>62.400009</ele>
			</trkpt>
			<trkpt lat="52.272930" lon="16.869965">
				<ele>62.376537</ele>
			</trkpt>
			<trkpt lat="52.272969" lon="16.869965">
				<ele>62.333878</ele>
			</trkpt>
			<trkpt lat="52.273063" lon="16.869975">
				<ele>62.199997</ele>
			</trkpt>
			<trkpt lat="52.273118" lon="16.869975">
				<ele>62.199997</ele>
			</trkpt>
			<trkpt lat="52.273178" lon="16.869984">
				<ele>62.199997</ele>
			</trkpt>
			<trkpt lat="52.273233" lon="16.869992">
				<ele>62.113380</ele>
			</trkpt>
			<trkpt lat="52.273299" lon="16.870002">
				<ele>62.018524</ele>
			</trkpt>
			<trkpt lat="52.273359" lon="16.870019">
				<ele>61.964783</ele>
			</trkpt>
			<trkpt lat="52.273419" lon="16.870029">
				<ele>61.948772</ele>
			</trkpt>
			<trkpt lat="52.273486" lon="16.870055">
				<ele>62.008934</ele>
			</trkpt>
			<trkpt lat="52.273551" lon="16.870074">
				<ele>62.024696</ele>
			</trkpt>
			<trkpt lat="52.273601" lon="16.870092">
				<ele>62.121162</ele>
			</trkpt>
			<trkpt lat="52.273678" lon="16.870128">
				<ele>62.175869</ele>
			</trkpt>
			<trkpt lat="52.273738" lon="16.870155">
				<ele>62.337898</ele>
			</trkpt>
			<trkpt lat="52.273799" lon="16.870191">
				<ele>62.400009</ele>
			</trkpt>
			<trkpt lat="52.273865" lon="16.870218">
				<ele>62.400009</ele>
			</trkpt>
			<trkpt lat="52.273942" lon="16.870262">
				<ele>62.400009</ele>
			</trkpt>
			<trkpt lat="52.275239" lon="16.870990">
				<ele>62.400009</ele>
			</trkpt>
			<trkpt lat="52.275360" lon="16.871061">
				<ele>62.230339</ele>
			</trkpt>
			<trkpt lat="52.275393" lon="16.871080">
				<ele>62.179817</ele>
			</trkpt>
			<trkpt lat="52.275437" lon="16.871116">
				<ele>62.271629</ele>
			</trkpt>
			<trkpt lat="52.275486" lon="16.871160">
				<ele>62.400009</ele>
			</trkpt>
			<trkpt lat="52.275530" lon="16.871197">
				<ele>62.400013</ele>
			</trkpt>
			<trkpt lat="52.275574" lon="16.871241">
				<ele>62.400013</ele>
			</trkpt>
			<trkpt lat="52.275618" lon="16.871277">
				<ele>62.400009</ele>
			</trkpt>
			<trkpt lat="52.275662" lon="16.871323">
				<ele>62.376328</ele>
			</trkpt>
			<trkpt lat="52.275904" lon="16.871610">
				<ele>62.400009</ele>
			</trkpt>
			<trkpt lat="52.276211" lon="16.871969">
				<ele>62.303139</ele>
			</trkpt>
			<trkpt lat="52.276454" lon="16.872256">
				<ele>62.537014</ele>
			</trkpt>
			<trkpt lat="52.276498" lon="16.872310">
				<ele>62.600018</ele>
			</trkpt>
			<trkpt lat="52.276536" lon="16.872346">
				<ele>62.599354</ele>
			</trkpt>
			<trkpt lat="52.276574" lon="16.872392">
				<ele>62.600021</ele>
			</trkpt>
			<trkpt lat="52.276613" lon="16.872428">
				<ele>62.600021</ele>
			</trkpt>
			<trkpt lat="52.276657" lon="16.872463">
				<ele>62.600025</ele>
			</trkpt>
			<trkpt lat="52.276706" lon="16.872499">
				<ele>62.499531</ele>
			</trkpt>
			<trkpt lat="52.276739" lon="16.872518">
				<ele>62.402782</ele>
			</trkpt>
			<trkpt lat="52.276767" lon="16.872526">
				<ele>62.400009</ele>
			</trkpt>
			<trkpt lat="52.276789" lon="16.872544">
				<ele>62.400009</ele>
			</trkpt>
			<trkpt lat="52.276822" lon="16.872552">
				<ele>62.377056</ele>
			</trkpt>
			<trkpt lat="52.276849" lon="16.872571">
				<ele>62.288475</ele>
			</trkpt>
			<trkpt lat="52.276882" lon="16.872571">
				<ele>62.204403</ele>
			</trkpt>
			<trkpt lat="52.276937" lon="16.872589">
				<ele>62.291199</ele>
			</trkpt>
			<trkpt lat="52.276981" lon="16.872589">
				<ele>62.353172</ele>
			</trkpt>
			<trkpt lat="52.277026" lon="16.872598">
				<ele>62.403397</ele>
			</trkpt>
			<trkpt lat="52.277080" lon="16.872598">
				<ele>62.553886</ele>
			</trkpt>
			<trkpt lat="52.277229" lon="16.872607">
				<ele>62.728321</ele>
			</trkpt>
			<trkpt lat="52.277317" lon="16.872607">
				<ele>62.715305</ele>
			</trkpt>
			<trkpt lat="52.277404" lon="16.872607">
				<ele>62.643333</ele>
			</trkpt>
			<trkpt lat="52.277619" lon="16.872598">
				<ele>62.600021</ele>
			</trkpt>
			<trkpt lat="52.277718" lon="16.872589">
				<ele>62.600021</ele>
			</trkpt>
			<trkpt lat="52.277822" lon="16.872579">
				<ele>62.600021</ele>
			</trkpt>
			<trkpt lat="52.279488" lon="16.872392">
				<ele>62.484383</ele>
			</trkpt>
			<trkpt lat="52.283378" lon="16.871987">
				<ele>62.223747</ele>
			</trkpt>
			<trkpt lat="52.284857" lon="16.871816">
				<ele>62.600021</ele>
			</trkpt>
			<trkpt lat="52.287132" lon="16.871537">
				<ele>62.122955</ele>
			</trkpt>
			<trkpt lat="52.287632" lon="16.871484">
				<ele>61.818180</ele>
			</trkpt>
			<trkpt lat="52.287923" lon="16.871439">
				<ele>62.251022</ele>
			</trkpt>
			<trkpt lat="52.289649" lon="16.871250">
				<ele>62.498283</ele>
			</trkpt>
			<trkpt lat="52.290863" lon="16.871124">
				<ele>62.400013</ele>
			</trkpt>
			<trkpt lat="52.291797" lon="16.871034">
				<ele>61.894791</ele>
			</trkpt>
			<trkpt lat="52.292940" lon="16.870891">
				<ele>61.091873</ele>
			</trkpt>
			<trkpt lat="52.293313" lon="16.870837">
				<ele>61.000015</ele>
			</trkpt>
			<trkpt lat="52.293687" lon="16.870792">
				<ele>60.856461</ele>
			</trkpt>
			<trkpt lat="52.294395" lon="16.870738">
				<ele>60.942841</ele>
			</trkpt>
			<trkpt lat="52.294440" lon="16.870730">
				<ele>61.071827</ele>
			</trkpt>
			<trkpt lat="52.294467" lon="16.870721">
				<ele>61.147064</ele>
			</trkpt>
			<trkpt lat="52.294483" lon="16.870694">
				<ele>61.186691</ele>
			</trkpt>
			<trkpt lat="52.294495" lon="16.870667">
				<ele>61.215927</ele>
			</trkpt>
			<trkpt lat="52.294500" lon="16.870621">
				<ele>61.233047</ele>
			</trkpt>
			<trkpt lat="52.294511" lon="16.870558">
				<ele>61.314491</ele>
			</trkpt>
			<trkpt lat="52.294522" lon="16.870495">
				<ele>61.497559</ele>
			</trkpt>
			<trkpt lat="52.294550" lon="16.870371">
				<ele>61.572807</ele>
			</trkpt>
			<trkpt lat="52.294555" lon="16.870325">
				<ele>61.597305</ele>
			</trkpt>
			<trkpt lat="52.294566" lon="16.870298">
				<ele>61.602657</ele>
			</trkpt>
			<trkpt lat="52.294588" lon="16.870271">
				<ele>61.577805</ele>
			</trkpt>
			<trkpt lat="52.294615" lon="16.870244">
				<ele>61.491451</ele>
			</trkpt>
			<trkpt lat="52.294638" lon="16.870235">
				<ele>61.422539</ele>
			</trkpt>
			<trkpt lat="52.294665" lon="16.870235">
				<ele>61.336544</ele>
			</trkpt>
			<trkpt lat="52.294693" lon="16.870244">
				<ele>61.288181</ele>
			</trkpt>
			<trkpt lat="52.294720" lon="16.870254">
				<ele>61.239803</ele>
			</trkpt>
			<trkpt lat="52.294929" lon="16.870334">
				<ele>61.425442</ele>
			</trkpt>
			<trkpt lat="52.295044" lon="16.870388">
				<ele>61.564037</ele>
			</trkpt>
			<trkpt lat="52.295126" lon="16.870415">
				<ele>61.473930</ele>
			</trkpt>
			<trkpt lat="52.295132" lon="16.870495">
				<ele>61.547951</ele>
			</trkpt>
			<trkpt lat="52.295264" lon="16.870541">
				<ele>61.014622</ele>
			</trkpt>
			<trkpt lat="52.295379" lon="16.870568">
				<ele>60.620232</ele>
			</trkpt>
			<trkpt lat="52.295489" lon="16.870604">
				<ele>60.600594</ele>
			</trkpt>
			<trkpt lat="52.295588" lon="16.870621">
				<ele>60.280426</ele>
			</trkpt>
			<trkpt lat="52.295687" lon="16.870640">
				<ele>59.825428</ele>
			</trkpt>
			<trkpt lat="52.295775" lon="16.870648">
				<ele>59.806828</ele>
			</trkpt>
			<trkpt lat="52.295868" lon="16.870658">
				<ele>59.648987</ele>
			</trkpt>
			<trkpt lat="52.295956" lon="16.870658">
				<ele>58.961628</ele>
			</trkpt>
			<trkpt lat="52.296060" lon="16.870648">
				<ele>58.564369</ele>
			</trkpt>
			<trkpt lat="52.296236" lon="16.870621">
				<ele>58.901703</ele>
			</trkpt>
			<trkpt lat="52.296319" lon="16.870612">
				<ele>59.078568</ele>
			</trkpt>
			<trkpt lat="52.296406" lon="16.870594">
				<ele>59.096123</ele>
			</trkpt>
			<trkpt lat="52.296511" lon="16.870568">
				<ele>59.244629</ele>
			</trkpt>
			<trkpt lat="52.296610" lon="16.870541">
				<ele>59.308704</ele>
			</trkpt>
			<trkpt lat="52.296714" lon="16.870505">
				<ele>59.199673</ele>
			</trkpt>
			<trkpt lat="52.296775" lon="16.870468">
				<ele>59.149895</ele>
			</trkpt>
			<trkpt lat="52.296862" lon="16.870424">
				<ele>59.050804</ele>
			</trkpt>
			<trkpt lat="52.296950" lon="16.870361">
				<ele>59.258205</ele>
			</trkpt>
			<trkpt lat="52.297231" lon="16.870155">
				<ele>58.870792</ele>
			</trkpt>
			<trkpt lat="52.297983" lon="16.869526">
				<ele>59.346642</ele>
			</trkpt>
			<trkpt lat="52.298313" lon="16.869256">
				<ele>59.351372</ele>
			</trkpt>
			<trkpt lat="52.298686" lon="16.868960">
				<ele>59.085907</ele>
			</trkpt>
			<trkpt lat="52.299406" lon="16.868447">
				<ele>58.887913</ele>
			</trkpt>
			<trkpt lat="52.299499" lon="16.868376">
				<ele>59.140545</ele>
			</trkpt>
			<trkpt lat="52.299598" lon="16.868294">
				<ele>59.049370</ele>
			</trkpt>
			<trkpt lat="52.299692" lon="16.868205">
				<ele>59.313801</ele>
			</trkpt>
			<trkpt lat="52.299774" lon="16.868115">
				<ele>59.405254</ele>
			</trkpt>
			<trkpt lat="52.299851" lon="16.868007">
				<ele>59.110863</ele>
			</trkpt>
			<trkpt lat="52.299928" lon="16.867891">
				<ele>59.121342</ele>
			</trkpt>
			<trkpt lat="52.299999" lon="16.867774">
				<ele>59.065742</ele>
			</trkpt>
			<trkpt lat="52.300038" lon="16.867702">
				<ele>58.874287</ele>
			</trkpt>
			<trkpt lat="52.300065" lon="16.867639">
				<ele>58.773117</ele>
			</trkpt>
			<trkpt lat="52.300109" lon="16.867549">
				<ele>58.842541</ele>
			</trkpt>
			<trkpt lat="52.300159" lon="16.867451">
				<ele>59.136200</ele>
			</trkpt>
			<trkpt lat="52.300225" lon="16.867325">
				<ele>58.830898</ele>
			</trkpt>
			<trkpt lat="52.300296" lon="16.867218">
				<ele>58.942135</ele>
			</trkpt>
			<trkpt lat="52.300367" lon="16.867118">
				<ele>59.175510</ele>
			</trkpt>
			<trkpt lat="52.300428" lon="16.867055">
				<ele>59.145599</ele>
			</trkpt>
			<trkpt lat="52.300483" lon="16.866992">
				<ele>58.706589</ele>
			</trkpt>
			<trkpt lat="52.300538" lon="16.866948">
				<ele>58.760132</ele>
			</trkpt>
			<trkpt lat="52.300587" lon="16.866912">
				<ele>58.909134</ele>
			</trkpt>
			<trkpt lat="52.300642" lon="16.866876">
				<ele>59.082359</ele>
			</trkpt>
			<trkpt lat="52.300703" lon="16.866849">
				<ele>59.096901</ele>
			</trkpt>
			<trkpt lat="52.300768" lon="16.866822">
				<ele>59.067539</ele>
			</trkpt>
			<trkpt lat="52.300829" lon="16.866803">
				<ele>58.869282</ele>
			</trkpt>
			<trkpt lat="52.300901" lon="16.866795">
				<ele>58.600021</ele>
			</trkpt>
			<trkpt lat="52.300966" lon="16.866795">
				<ele>58.443039</ele>
			</trkpt>
			<trkpt lat="52.301043" lon="16.866795">
				<ele>58.000015</ele>
			</trkpt>
			<trkpt lat="52.301131" lon="16.866803">
				<ele>58.000015</ele>
			</trkpt>
			<trkpt lat="52.301192" lon="16.866822">
				<ele>57.821365</ele>
			</trkpt>
			<trkpt lat="52.301224" lon="16.866830">
				<ele>57.606392</ele>
			</trkpt>
			<trkpt lat="52.301268" lon="16.866839">
				<ele>57.658867</ele>
			</trkpt>
			<trkpt lat="52.301302" lon="16.866858">
				<ele>57.400887</ele>
			</trkpt>
			<trkpt lat="52.301312" lon="16.866866">
				<ele>57.242992</ele>
			</trkpt>
			<trkpt lat="52.301328" lon="16.866893">
				<ele>56.857498</ele>
			</trkpt>
			<trkpt lat="52.301334" lon="16.866920">
				<ele>56.636185</ele>
			</trkpt>
			<trkpt lat="52.301438" lon="16.867092">
				<ele>56.013443</ele>
			</trkpt>
			<trkpt lat="52.301548" lon="16.867226">
				<ele>56.353745</ele>
			</trkpt>
			<trkpt lat="52.301648" lon="16.867307">
				<ele>56.213528</ele>
			</trkpt>
			<trkpt lat="52.301768" lon="16.867352">
				<ele>56.350861</ele>
			</trkpt>
			<trkpt lat="52.301955" lon="16.867495">
				<ele>56.541077</ele>
			</trkpt>
			<trkpt lat="52.303279" lon="16.868950">
				<ele>56.697868</ele>
			</trkpt>
			<trkpt lat="52.303614" lon="16.869382">
				<ele>56.471859</ele>
			</trkpt>
			<trkpt lat="52.303894" lon="16.869849">
				<ele>57.122299</ele>
			</trkpt>
			<trkpt lat="52.304190" lon="16.870621">
				<ele>57.491692</ele>
			</trkpt>
			<trkpt lat="52.304289" lon="16.870954">
				<ele>57.556633</ele>
			</trkpt>
			<trkpt lat="52.304405" lon="16.871394">
				<ele>57.765892</ele>
			</trkpt>
			<trkpt lat="52.304575" lon="16.871870">
				<ele>58.031487</ele>
			</trkpt>
			<trkpt lat="52.304800" lon="16.872338">
				<ele>58.077103</ele>
			</trkpt>
			<trkpt lat="52.304943" lon="16.872571">
				<ele>58.292229</ele>
			</trkpt>
			<trkpt lat="52.304998" lon="16.872652">
				<ele>58.182423</ele>
			</trkpt>
			<trkpt lat="52.305053" lon="16.872724">
				<ele>58.175076</ele>
			</trkpt>
			<trkpt lat="52.305114" lon="16.872786">
				<ele>58.445305</ele>
			</trkpt>
			<trkpt lat="52.305328" lon="16.872975">
				<ele>59.498001</ele>
			</trkpt>
			<trkpt lat="52.305350" lon="16.872994">
				<ele>59.626049</ele>
			</trkpt>
			<trkpt lat="52.305377" lon="16.873021">
				<ele>59.737904</ele>
			</trkpt>
			<trkpt lat="52.305421" lon="16.873055">
				<ele>59.807602</ele>
			</trkpt>
			<trkpt lat="52.305515" lon="16.873110">
				<ele>59.240749</ele>
			</trkpt>
			<trkpt lat="52.305641" lon="16.873173">
				<ele>59.024475</ele>
			</trkpt>
			<trkpt lat="52.305734" lon="16.873218">
				<ele>58.688385</ele>
			</trkpt>
			<trkpt lat="52.305789" lon="16.873254">
				<ele>58.849609</ele>
			</trkpt>
			<trkpt lat="52.305838" lon="16.873298">
				<ele>58.771732</ele>
			</trkpt>
			<trkpt lat="52.305904" lon="16.873352">
				<ele>58.502476</ele>
			</trkpt>
			<trkpt lat="52.305976" lon="16.873442">
				<ele>57.923077</ele>
			</trkpt>
			<trkpt lat="52.306052" lon="16.873577">
				<ele>57.932766</ele>
			</trkpt>
			<trkpt lat="52.306174" lon="16.873828">
				<ele>57.960556</ele>
			</trkpt>
			<trkpt lat="52.306327" lon="16.874143">
				<ele>58.695564</ele>
			</trkpt>
			<trkpt lat="52.306360" lon="16.874197">
				<ele>59.055893</ele>
			</trkpt>
			<trkpt lat="52.306404" lon="16.874233">
				<ele>59.700821</ele>
			</trkpt>
			<trkpt lat="52.306432" lon="16.874260">
				<ele>59.744606</ele>
			</trkpt>
			<trkpt lat="52.306470" lon="16.874277">
				<ele>59.637127</ele>
			</trkpt>
			<trkpt lat="52.306508" lon="16.874287">
				<ele>59.529640</ele>
			</trkpt>
			<trkpt lat="52.306629" lon="16.874323">
				<ele>59.148445</ele>
			</trkpt>
			<trkpt lat="52.306821" lon="16.874305">
				<ele>59.000015</ele>
			</trkpt>
			<trkpt lat="52.307047" lon="16.874277">
				<ele>59.000019</ele>
			</trkpt>
			<trkpt lat="52.307080" lon="16.874296">
				<ele>59.130409</ele>
			</trkpt>
			<trkpt lat="52.307124" lon="16.874287">
				<ele>59.342205</ele>
			</trkpt>
			<trkpt lat="52.307168" lon="16.874296">
				<ele>59.315331</ele>
			</trkpt>
			<trkpt lat="52.307184" lon="16.874305">
				<ele>59.288460</ele>
			</trkpt>
			<trkpt lat="52.307217" lon="16.874332">
				<ele>59.282883</ele>
			</trkpt>
			<trkpt lat="52.307250" lon="16.874386">
				<ele>59.366413</ele>
			</trkpt>
			<trkpt lat="52.307442" lon="16.874726">
				<ele>59.600021</ele>
			</trkpt>
			<trkpt lat="52.307546" lon="16.874933">
				<ele>59.483311</ele>
			</trkpt>
			<trkpt lat="52.307568" lon="16.874979">
				<ele>59.400013</ele>
			</trkpt>
			<trkpt lat="52.307591" lon="16.875042">
				<ele>59.400009</ele>
			</trkpt>
			<trkpt lat="52.307623" lon="16.875122">
				<ele>59.400005</ele>
			</trkpt>
			<trkpt lat="52.307646" lon="16.875194">
				<ele>59.400009</ele>
			</trkpt>
			<trkpt lat="52.307673" lon="16.875257">
				<ele>59.400005</ele>
			</trkpt>
			<trkpt lat="52.307684" lon="16.875284">
				<ele>59.337891</ele>
			</trkpt>
			<trkpt lat="52.307695" lon="16.875319">
				<ele>59.232342</ele>
			</trkpt>
			<trkpt lat="52.307717" lon="16.875355">
				<ele>59.199993</ele>
			</trkpt>
			<trkpt lat="52.307739" lon="16.875409">
				<ele>59.200001</ele>
			</trkpt>
			<trkpt lat="52.307805" lon="16.875571">
				<ele>59.199997</ele>
			</trkpt>
			<trkpt lat="52.307882" lon="16.875734">
				<ele>59.181084</ele>
			</trkpt>
			<trkpt lat="52.308354" lon="16.876865">
				<ele>59.600021</ele>
			</trkpt>
			<trkpt lat="52.308524" lon="16.877179">
				<ele>59.232697</ele>
			</trkpt>
			<trkpt lat="52.308601" lon="16.877313">
				<ele>59.171494</ele>
			</trkpt>
			<trkpt lat="52.308799" lon="16.877646">
				<ele>58.930443</ele>
			</trkpt>
			<trkpt lat="52.308826" lon="16.877682">
				<ele>59.000011</ele>
			</trkpt>
			<trkpt lat="52.308854" lon="16.877709">
				<ele>59.000015</ele>
			</trkpt>
			<trkpt lat="52.308887" lon="16.877736">
				<ele>59.000015</ele>
			</trkpt>
			<trkpt lat="52.309002" lon="16.877808">
				<ele>59.000015</ele>
			</trkpt>
			<trkpt lat="52.309079" lon="16.877862">
				<ele>59.000015</ele>
			</trkpt>
			<trkpt lat="52.309260" lon="16.878015">
				<ele>58.994549</ele>
			</trkpt>
			<trkpt lat="52.309398" lon="16.878122">
				<ele>59.065762</ele>
			</trkpt>
			<trkpt lat="52.309557" lon="16.878221">
				<ele>59.183922</ele>
			</trkpt>
			<trkpt lat="52.309738" lon="16.878329">
				<ele>59.071552</ele>
			</trkpt>
			<trkpt lat="52.310007" lon="16.878473">
				<ele>58.903843</ele>
			</trkpt>
			<trkpt lat="52.310051" lon="16.878500">
				<ele>59.019661</ele>
			</trkpt>
			<trkpt lat="52.310128" lon="16.878554">
				<ele>59.071037</ele>
			</trkpt>
			<trkpt lat="52.310194" lon="16.878617">
				<ele>59.199997</ele>
			</trkpt>
			<trkpt lat="52.310254" lon="16.878661">
				<ele>59.174263</ele>
			</trkpt>
			<trkpt lat="52.311369" lon="16.879281">
				<ele>57.600025</ele>
			</trkpt>
			<trkpt lat="52.311792" lon="16.879524">
				<ele>57.784054</ele>
			</trkpt>
			<trkpt lat="52.312094" lon="16.879694">
				<ele>57.629883</ele>
			</trkpt>
			<trkpt lat="52.312858" lon="16.880116">
				<ele>58.517998</ele>
			</trkpt>
			<trkpt lat="52.314428" lon="16.880988">
				<ele>58.984985</ele>
			</trkpt>
			<trkpt lat="52.314472" lon="16.881015">
				<ele>59.113960</ele>
			</trkpt>
			<trkpt lat="52.314533" lon="16.881051">
				<ele>59.186695</ele>
			</trkpt>
			<trkpt lat="52.314604" lon="16.881087">
				<ele>58.984146</ele>
			</trkpt>
			<trkpt lat="52.314681" lon="16.881078">
				<ele>59.009857</ele>
			</trkpt>
			<trkpt lat="52.314785" lon="16.881150">
				<ele>58.599369</ele>
			</trkpt>
			<trkpt lat="52.314807" lon="16.881168">
				<ele>58.562462</ele>
			</trkpt>
			<trkpt lat="52.314862" lon="16.881204">
				<ele>58.508713</ele>
			</trkpt>
			<trkpt lat="52.314906" lon="16.881248">
				<ele>58.487492</ele>
			</trkpt>
			<trkpt lat="52.315043" lon="16.881374">
				<ele>58.400005</ele>
			</trkpt>
			<trkpt lat="52.315065" lon="16.881401">
				<ele>58.400013</ele>
			</trkpt>
			<trkpt lat="52.315087" lon="16.881428">
				<ele>58.458130</ele>
			</trkpt>
			<trkpt lat="52.315098" lon="16.881455">
				<ele>58.455715</ele>
			</trkpt>
			<trkpt lat="52.315120" lon="16.881518">
				<ele>58.400009</ele>
			</trkpt>
			<trkpt lat="52.315258" lon="16.881850">
				<ele>58.462017</ele>
			</trkpt>
			<trkpt lat="52.315279" lon="16.881904">
				<ele>58.407303</ele>
			</trkpt>
			<trkpt lat="52.315285" lon="16.881923">
				<ele>58.407310</ele>
			</trkpt>
			<trkpt lat="52.315307" lon="16.881940">
				<ele>58.535896</ele>
			</trkpt>
			<trkpt lat="52.315329" lon="16.881940">
				<ele>58.664879</ele>
			</trkpt>
			<trkpt lat="52.315356" lon="16.881950">
				<ele>58.823044</ele>
			</trkpt>
			<trkpt lat="52.315378" lon="16.881958">
				<ele>59.016518</ele>
			</trkpt>
			<trkpt lat="52.315406" lon="16.881967">
				<ele>59.242249</ele>
			</trkpt>
			<trkpt lat="52.315417" lon="16.881967">
				<ele>59.338989</ele>
			</trkpt>
			<trkpt lat="52.315433" lon="16.881958">
				<ele>59.445320</ele>
			</trkpt>
			<trkpt lat="52.315449" lon="16.881950">
				<ele>59.531311</ele>
			</trkpt>
			<trkpt lat="52.315570" lon="16.881806">
				<ele>59.988300</ele>
			</trkpt>
			<trkpt lat="52.315587" lon="16.881797">
				<ele>59.942963</ele>
			</trkpt>
			<trkpt lat="52.315604" lon="16.881787">
				<ele>59.896111</ele>
			</trkpt>
			<trkpt lat="52.315609" lon="16.881707">
				<ele>60.000015</ele>
			</trkpt>
			<trkpt lat="52.315614" lon="16.881671">
				<ele>60.000019</ele>
			</trkpt>
			<trkpt lat="52.315620" lon="16.881608">
				<ele>60.000019</ele>
			</trkpt>
			<trkpt lat="52.315620" lon="16.881581">
				<ele>60.000015</ele>
			</trkpt>
			<trkpt lat="52.315625" lon="16.881545">
				<ele>60.092548</ele>
			</trkpt>
			<trkpt lat="52.315631" lon="16.881518">
				<ele>60.167778</ele>
			</trkpt>
			<trkpt lat="52.315642" lon="16.881482">
				<ele>60.199997</ele>
			</trkpt>
			<trkpt lat="52.315664" lon="16.881437">
				<ele>60.199993</ele>
			</trkpt>
			<trkpt lat="52.315680" lon="16.881410">
				<ele>60.199997</ele>
			</trkpt>
			<trkpt lat="52.315697" lon="16.881410">
				<ele>60.199997</ele>
			</trkpt>
			<trkpt lat="52.315718" lon="16.881392">
				<ele>60.199997</ele>
			</trkpt>
			<trkpt lat="52.315746" lon="16.881428">
				<ele>60.199997</ele>
			</trkpt>
			<trkpt lat="52.315785" lon="16.881482">
				<ele>60.204033</ele>
			</trkpt>
			<trkpt lat="52.315812" lon="16.881510">
				<ele>60.189281</ele>
			</trkpt>
			<trkpt lat="52.315840" lon="16.881537">
				<ele>60.114044</ele>
			</trkpt>
			<trkpt lat="52.315895" lon="16.881571">
				<ele>60.140572</ele>
			</trkpt>
			<trkpt lat="52.315966" lon="16.881608">
				<ele>59.999626</ele>
			</trkpt>
			<trkpt lat="52.317168" lon="16.882282">
				<ele>60.212639</ele>
			</trkpt>
			<trkpt lat="52.317811" lon="16.882650">
				<ele>60.319183</ele>
			</trkpt>
			<trkpt lat="52.318151" lon="16.882839">
				<ele>61.065170</ele>
			</trkpt>
			<trkpt lat="52.318184" lon="16.882856">
				<ele>61.129955</ele>
			</trkpt>
			<trkpt lat="52.318211" lon="16.882883">
				<ele>61.169533</ele>
			</trkpt>
			<trkpt lat="52.318239" lon="16.882910">
				<ele>61.321285</ele>
			</trkpt>
			<trkpt lat="52.318272" lon="16.882955">
				<ele>61.132427</ele>
			</trkpt>
			<trkpt lat="52.318409" lon="16.883036">
				<ele>61.620262</ele>
			</trkpt>
			<trkpt lat="52.318607" lon="16.883145">
				<ele>61.998611</ele>
			</trkpt>
			<trkpt lat="52.318816" lon="16.883261">
				<ele>61.845444</ele>
			</trkpt>
			<trkpt lat="52.318915" lon="16.883324">
				<ele>61.652416</ele>
			</trkpt>
			<trkpt lat="52.319008" lon="16.883387">
				<ele>62.871578</ele>
			</trkpt>
			<trkpt lat="52.319079" lon="16.883432">
				<ele>63.400040</ele>
			</trkpt>
			<trkpt lat="52.319156" lon="16.883485">
				<ele>62.870682</ele>
			</trkpt>
			<trkpt lat="52.319211" lon="16.883531">
				<ele>62.901180</ele>
			</trkpt>
			<trkpt lat="52.319266" lon="16.883575">
				<ele>63.241318</ele>
			</trkpt>
			<trkpt lat="52.319332" lon="16.883638">
				<ele>62.447800</ele>
			</trkpt>
			<trkpt lat="52.319414" lon="16.883737">
				<ele>63.371109</ele>
			</trkpt>
			<trkpt lat="52.319480" lon="16.883818">
				<ele>64.302292</ele>
			</trkpt>
			<trkpt lat="52.319541" lon="16.883898">
				<ele>64.830681</ele>
			</trkpt>
			<trkpt lat="52.319579" lon="16.883953">
				<ele>66.137474</ele>
			</trkpt>
			<trkpt lat="52.319628" lon="16.884034">
				<ele>67.585503</ele>
			</trkpt>
			<trkpt lat="52.319678" lon="16.884105">
				<ele>66.891418</ele>
			</trkpt>
			<trkpt lat="52.319683" lon="16.884124">
				<ele>66.450714</ele>
			</trkpt>
			<trkpt lat="52.319744" lon="16.884213">
				<ele>65.896866</ele>
			</trkpt>
			<trkpt lat="52.319864" lon="16.884437">
				<ele>64.807510</ele>
			</trkpt>
			<trkpt lat="52.320040" lon="16.884743">
				<ele>63.872482</ele>
			</trkpt>
			<trkpt lat="52.320079" lon="16.884797">
				<ele>63.813927</ele>
			</trkpt>
			<trkpt lat="52.320161" lon="16.884950">
				<ele>62.109364</ele>
			</trkpt>
			<trkpt lat="52.320293" lon="16.885174">
				<ele>60.516724</ele>
			</trkpt>
			<trkpt lat="52.320381" lon="16.885292">
				<ele>59.810875</ele>
			</trkpt>
			<trkpt lat="52.320479" lon="16.885416">
				<ele>63.752525</ele>
			</trkpt>
			<trkpt lat="52.320606" lon="16.885542">
				<ele>62.428005</ele>
			</trkpt>
			<trkpt lat="52.320677" lon="16.885605">
				<ele>62.616390</ele>
			</trkpt>
			<trkpt lat="52.320847" lon="16.885732">
				<ele>62.376274</ele>
			</trkpt>
			<trkpt lat="52.320925" lon="16.885776">
				<ele>63.123611</ele>
			</trkpt>
			<trkpt lat="52.321007" lon="16.885812">
				<ele>62.873405</ele>
			</trkpt>
			<trkpt lat="52.321078" lon="16.885848">
				<ele>62.455132</ele>
			</trkpt>
			<trkpt lat="52.321149" lon="16.885875">
				<ele>62.125450</ele>
			</trkpt>
			<trkpt lat="52.321297" lon="16.885938">
				<ele>61.030945</ele>
			</trkpt>
			<trkpt lat="52.321479" lon="16.886009">
				<ele>61.458832</ele>
			</trkpt>
			<trkpt lat="52.321600" lon="16.886064">
				<ele>60.792774</ele>
			</trkpt>
			<trkpt lat="52.321770" lon="16.886108">
				<ele>62.152954</ele>
			</trkpt>
			<trkpt lat="52.321869" lon="16.886171">
				<ele>61.962616</ele>
			</trkpt>
			<trkpt lat="52.321967" lon="16.886225">
				<ele>61.824501</ele>
			</trkpt>
			<trkpt lat="52.322089" lon="16.886342">
				<ele>61.179367</ele>
			</trkpt>
			<trkpt lat="52.322165" lon="16.886387">
				<ele>61.588718</ele>
			</trkpt>
			<trkpt lat="52.322160" lon="16.886414">
				<ele>61.485180</ele>
			</trkpt>
			<trkpt lat="52.322149" lon="16.886468">
				<ele>61.070450</ele>
			</trkpt>
			<trkpt lat="52.322138" lon="16.886521">
				<ele>60.582733</ele>
			</trkpt>
			<trkpt lat="52.322132" lon="16.886548">
				<ele>60.385300</ele>
			</trkpt>
			<trkpt lat="52.322368" lon="16.886684">
				<ele>61.292122</ele>
			</trkpt>
			<trkpt lat="52.322571" lon="16.886827">
				<ele>61.401802</ele>
			</trkpt>
			<trkpt lat="52.322649" lon="16.886863">
				<ele>61.400009</ele>
			</trkpt>
			<trkpt lat="52.322709" lon="16.886917">
				<ele>61.400009</ele>
			</trkpt>
			<trkpt lat="52.322747" lon="16.886917">
				<ele>61.428181</ele>
			</trkpt>
			<trkpt lat="52.322769" lon="16.886908">
				<ele>61.492680</ele>
			</trkpt>
			<trkpt lat="52.322940" lon="16.886989">
				<ele>61.600025</ele>
			</trkpt>
			<trkpt lat="52.323016" lon="16.887016">
				<ele>61.600018</ele>
			</trkpt>
			<trkpt lat="52.323143" lon="16.887079">
				<ele>61.600029</ele>
			</trkpt>
			<trkpt lat="52.323253" lon="16.887114">
				<ele>61.400013</ele>
			</trkpt>
			<trkpt lat="52.323335" lon="16.887141">
				<ele>61.400009</ele>
			</trkpt>
			<trkpt lat="52.323384" lon="16.887160">
				<ele>61.408169</ele>
			</trkpt>
			<trkpt lat="52.323785" lon="16.887276">
				<ele>61.400009</ele>
			</trkpt>
			<trkpt lat="52.323829" lon="16.887286">
				<ele>61.400009</ele>
			</trkpt>
			<trkpt lat="52.323911" lon="16.887303">
				<ele>61.400009</ele>
			</trkpt>
			<trkpt lat="52.324049" lon="16.887340">
				<ele>61.400013</ele>
			</trkpt>
			<trkpt lat="52.324153" lon="16.887357">
				<ele>61.400013</ele>
			</trkpt>
			<trkpt lat="52.324301" lon="16.887393">
				<ele>61.400009</ele>
			</trkpt>
			<trkpt lat="52.324680" lon="16.887456">
				<ele>61.400009</ele>
			</trkpt>
			<trkpt lat="52.324713" lon="16.887466">
				<ele>61.400009</ele>
			</trkpt>
			<trkpt lat="52.325146" lon="16.887537">
				<ele>61.206116</ele>
			</trkpt>
			<trkpt lat="52.325256" lon="16.887555">
				<ele>61.199997</ele>
			</trkpt>
			<trkpt lat="52.325278" lon="16.887563">
				<ele>61.200001</ele>
			</trkpt>
			<trkpt lat="52.325668" lon="16.887626">
				<ele>61.153522</ele>
			</trkpt>
			<trkpt lat="52.325800" lon="16.887653">
				<ele>61.014885</ele>
			</trkpt>
			<trkpt lat="52.325838" lon="16.887663">
				<ele>61.037407</ele>
			</trkpt>
			<trkpt lat="52.325871" lon="16.887672">
				<ele>61.024551</ele>
			</trkpt>
			<trkpt lat="52.325904" lon="16.887672">
				<ele>61.024551</ele>
			</trkpt>
			<trkpt lat="52.326097" lon="16.887753">
				<ele>61.199997</ele>
			</trkpt>
			<trkpt lat="52.326250" lon="16.887779">
				<ele>61.199997</ele>
			</trkpt>
			<trkpt lat="52.326388" lon="16.887762">
				<ele>61.186905</ele>
			</trkpt>
			<trkpt lat="52.326453" lon="16.887770">
				<ele>61.150448</ele>
			</trkpt>
			<trkpt lat="52.326728" lon="16.887824">
				<ele>60.799999</ele>
			</trkpt>
			<trkpt lat="52.327244" lon="16.887913">
				<ele>60.773964</ele>
			</trkpt>
			<trkpt lat="52.327293" lon="16.887923">
				<ele>60.824577</ele>
			</trkpt>
			<trkpt lat="52.327595" lon="16.887977">
				<ele>60.586529</ele>
			</trkpt>
			<trkpt lat="52.327957" lon="16.888049">
				<ele>60.600021</ele>
			</trkpt>
			<trkpt lat="52.328348" lon="16.888121">
				<ele>60.761559</ele>
			</trkpt>
			<trkpt lat="52.328726" lon="16.888183">
				<ele>60.800003</ele>
			</trkpt>
			<trkpt lat="52.329078" lon="16.888246">
				<ele>60.606861</ele>
			</trkpt>
			<trkpt lat="52.329335" lon="16.888292">
				<ele>60.277855</ele>
			</trkpt>
			<trkpt lat="52.329703" lon="16.888363">
				<ele>60.479012</ele>
			</trkpt>
			<trkpt lat="52.330088" lon="16.888453">
				<ele>60.400009</ele>
			</trkpt>
			<trkpt lat="52.330214" lon="16.888498">
				<ele>60.497429</ele>
			</trkpt>
			<trkpt lat="52.330856" lon="16.888705">
				<ele>60.716995</ele>
			</trkpt>
			<trkpt lat="52.331130" lon="16.888795">
				<ele>60.654129</ele>
			</trkpt>
			<trkpt lat="52.331400" lon="16.888884">
				<ele>61.017944</ele>
			</trkpt>
			<trkpt lat="52.332036" lon="16.889091">
				<ele>61.000015</ele>
			</trkpt>
			<trkpt lat="52.332234" lon="16.889154">
				<ele>61.000011</ele>
			</trkpt>
			<trkpt lat="52.332278" lon="16.889171">
				<ele>61.089516</ele>
			</trkpt>
			<trkpt lat="52.332300" lon="16.889181">
				<ele>61.143257</ele>
			</trkpt>
			<trkpt lat="52.332322" lon="16.889198">
				<ele>61.199997</ele>
			</trkpt>
			<trkpt lat="52.332338" lon="16.889225">
				<ele>61.199997</ele>
			</trkpt>
			<trkpt lat="52.332349" lon="16.889261">
				<ele>61.199997</ele>
			</trkpt>
			<trkpt lat="52.332355" lon="16.889288">
				<ele>61.199997</ele>
			</trkpt>
			<trkpt lat="52.332360" lon="16.889307">
				<ele>61.200001</ele>
			</trkpt>
			<trkpt lat="52.332432" lon="16.889324">
				<ele>61.200005</ele>
			</trkpt>
			<trkpt lat="52.332498" lon="16.889342">
				<ele>61.199997</ele>
			</trkpt>
			<trkpt lat="52.332503" lon="16.889334">
				<ele>61.199997</ele>
			</trkpt>
			<trkpt lat="52.332536" lon="16.889315">
				<ele>61.199997</ele>
			</trkpt>
			<trkpt lat="52.332569" lon="16.889307">
				<ele>61.199997</ele>
			</trkpt>
			<trkpt lat="52.332602" lon="16.889298">
				<ele>61.200714</ele>
			</trkpt>
			<trkpt lat="52.332662" lon="16.889315">
				<ele>61.199993</ele>
			</trkpt>
			<trkpt lat="52.332701" lon="16.889315">
				<ele>61.281467</ele>
			</trkpt>
			<trkpt lat="52.332805" lon="16.889361">
				<ele>61.382111</ele>
			</trkpt>
			<trkpt lat="52.332975" lon="16.889424">
				<ele>61.400009</ele>
			</trkpt>
			<trkpt lat="52.333151" lon="16.889521">
				<ele>61.383278</ele>
			</trkpt>
			<trkpt lat="52.333216" lon="16.889558">
				<ele>61.371712</ele>
			</trkpt>
			<trkpt lat="52.333321" lon="16.889603">
				<ele>61.400005</ele>
			</trkpt>
			<trkpt lat="52.333376" lon="16.889567">
				<ele>61.400013</ele>
			</trkpt>
			<trkpt lat="52.333798" lon="16.889711">
				<ele>61.567566</ele>
			</trkpt>
			<trkpt lat="52.334035" lon="16.889791">
				<ele>61.400005</ele>
			</trkpt>
			<trkpt lat="52.334353" lon="16.889900">
				<ele>61.383347</ele>
			</trkpt>
			<trkpt lat="52.334517" lon="16.889953">
				<ele>61.396755</ele>
			</trkpt>
			<trkpt lat="52.335445" lon="16.890267">
				<ele>61.310658</ele>
			</trkpt>
			<trkpt lat="52.335868" lon="16.890412">
				<ele>61.799999</ele>
			</trkpt>
			<trkpt lat="52.336115" lon="16.890510">
				<ele>61.800003</ele>
			</trkpt>
			<trkpt lat="52.336274" lon="16.890592">
				<ele>61.940903</ele>
			</trkpt>
			<trkpt lat="52.336867" lon="16.890888">
				<ele>61.800007</ele>
			</trkpt>
			<trkpt lat="52.337141" lon="16.891032">
				<ele>61.761333</ele>
			</trkpt>
			<trkpt lat="52.337646" lon="16.891265">
				<ele>61.800003</ele>
			</trkpt>
			<trkpt lat="52.338063" lon="16.891481">
				<ele>61.784752</ele>
			</trkpt>
			<trkpt lat="52.338080" lon="16.891498">
				<ele>61.800003</ele>
			</trkpt>
			<trkpt lat="52.338085" lon="16.891534">
				<ele>61.755791</ele>
			</trkpt>
			<trkpt lat="52.338140" lon="16.891571">
				<ele>61.799774</ele>
			</trkpt>
			<trkpt lat="52.338168" lon="16.891445">
				<ele>61.885719</ele>
			</trkpt>
			<trkpt lat="52.338387" lon="16.891552">
				<ele>62.000015</ele>
			</trkpt>
			<trkpt lat="52.338502" lon="16.891606">
				<ele>62.014870</ele>
			</trkpt>
			<trkpt lat="52.338541" lon="16.891624">
				<ele>62.056961</ele>
			</trkpt>
			<trkpt lat="52.338695" lon="16.891705">
				<ele>61.863026</ele>
			</trkpt>
			<trkpt lat="52.338777" lon="16.891741">
				<ele>61.760910</ele>
			</trkpt>
			<trkpt lat="52.339013" lon="16.891858">
				<ele>61.800003</ele>
			</trkpt>
			<trkpt lat="52.339221" lon="16.891948">
				<ele>61.605141</ele>
			</trkpt>
			<trkpt lat="52.339913" lon="16.892244">
				<ele>61.997944</ele>
			</trkpt>
			<trkpt lat="52.340621" lon="16.892540">
				<ele>61.400009</ele>
			</trkpt>
			<trkpt lat="52.340978" lon="16.892693">
				<ele>61.279072</ele>
			</trkpt>
			<trkpt lat="52.341099" lon="16.892747">
				<ele>61.400009</ele>
			</trkpt>
			<trkpt lat="52.341351" lon="16.892855">
				<ele>61.400009</ele>
			</trkpt>
			<trkpt lat="52.341642" lon="16.892980">
				<ele>61.312016</ele>
			</trkpt>
			<trkpt lat="52.342070" lon="16.893160">
				<ele>61.318237</ele>
			</trkpt>
			<trkpt lat="52.344331" lon="16.894121">
				<ele>61.041557</ele>
			</trkpt>
			<trkpt lat="52.344391" lon="16.894148">
				<ele>61.000015</ele>
			</trkpt>
			<trkpt lat="52.344759" lon="16.894311">
				<ele>60.781273</ele>
			</trkpt>
			<trkpt lat="52.345144" lon="16.894471">
				<ele>60.820507</ele>
			</trkpt>
			<trkpt lat="52.345478" lon="16.894615">
				<ele>60.861668</ele>
			</trkpt>
			<trkpt lat="52.345654" lon="16.894687">
				<ele>60.657448</ele>
			</trkpt>
			<trkpt lat="52.346076" lon="16.894867">
				<ele>60.600021</ele>
			</trkpt>
			<trkpt lat="52.346170" lon="16.894921">
				<ele>60.626038</ele>
			</trkpt>
			<trkpt lat="52.346323" lon="16.894993">
				<ele>60.600021</ele>
			</trkpt>
			<trkpt lat="52.346713" lon="16.895209">
				<ele>60.435108</ele>
			</trkpt>
			<trkpt lat="52.346828" lon="16.895290">
				<ele>60.359123</ele>
			</trkpt>
			<trkpt lat="52.346933" lon="16.895353">
				<ele>60.341522</ele>
			</trkpt>
			<trkpt lat="52.347119" lon="16.895487">
				<ele>60.205547</ele>
			</trkpt>
			<trkpt lat="52.347289" lon="16.895622">
				<ele>59.684082</ele>
			</trkpt>
			<trkpt lat="52.347519" lon="16.895810">
				<ele>60.472744</ele>
			</trkpt>
			<trkpt lat="52.347733" lon="16.895999">
				<ele>60.825920</ele>
			</trkpt>
			<trkpt lat="52.347788" lon="16.896053">
				<ele>60.997910</ele>
			</trkpt>
			<trkpt lat="52.347942" lon="16.896206">
				<ele>61.624245</ele>
			</trkpt>
			<trkpt lat="52.347969" lon="16.896232">
				<ele>61.699490</ele>
			</trkpt>
			<trkpt lat="52.348129" lon="16.896395">
				<ele>62.152676</ele>
			</trkpt>
			<trkpt lat="52.348288" lon="16.896565">
				<ele>62.199997</ele>
			</trkpt>
			<trkpt lat="52.348331" lon="16.896609">
				<ele>62.199997</ele>
			</trkpt>
			<trkpt lat="52.348441" lon="16.896718">
				<ele>61.948910</ele>
			</trkpt>
			<trkpt lat="52.348567" lon="16.896852">
				<ele>61.987049</ele>
			</trkpt>
			<trkpt lat="52.348600" lon="16.896879">
				<ele>62.000015</ele>
			</trkpt>
			<trkpt lat="52.348754" lon="16.897032">
				<ele>61.966011</ele>
			</trkpt>
			<trkpt lat="52.348902" lon="16.897185">
				<ele>61.940430</ele>
			</trkpt>
			<trkpt lat="52.349160" lon="16.897454">
				<ele>61.664543</ele>
			</trkpt>
			<trkpt lat="52.349665" lon="16.897966">
				<ele>61.418819</ele>
			</trkpt>
			<trkpt lat="52.350016" lon="16.898343">
				<ele>61.354679</ele>
			</trkpt>
			<trkpt lat="52.350214" lon="16.898569">
				<ele>61.200005</ele>
			</trkpt>
			<trkpt lat="52.350274" lon="16.898640">
				<ele>61.196774</ele>
			</trkpt>
			<trkpt lat="52.350362" lon="16.898748">
				<ele>61.199997</ele>
			</trkpt>
			<trkpt lat="52.350537" lon="16.898982">
				<ele>61.213440</ele>
			</trkpt>
			<trkpt lat="52.350900" lon="16.899485">
				<ele>60.540791</ele>
			</trkpt>
			<trkpt lat="52.351092" lon="16.899735">
				<ele>60.139492</ele>
			</trkpt>
			<trkpt lat="52.351065" lon="16.899745">
				<ele>60.026638</ele>
			</trkpt>
			<trkpt lat="52.351042" lon="16.899763">
				<ele>59.919147</ele>
			</trkpt>
			<trkpt lat="52.351026" lon="16.899772">
				<ele>59.843910</ele>
			</trkpt>
			<trkpt lat="52.351010" lon="16.899790">
				<ele>59.747166</ele>
			</trkpt>
			<trkpt lat="52.351058" lon="16.899861">
				<ele>59.563019</ele>
			</trkpt>
			<trkpt lat="52.351070" lon="16.899880">
				<ele>59.527672</ele>
			</trkpt>
			<trkpt lat="52.351103" lon="16.899907">
				<ele>59.648529</ele>
			</trkpt>
			<trkpt lat="52.351410" lon="16.900337">
				<ele>60.333324</ele>
			</trkpt>
			<trkpt lat="52.351668" lon="16.900634">
				<ele>59.925854</ele>
			</trkpt>
			<trkpt lat="52.351761" lon="16.900733">
				<ele>60.004349</ele>
			</trkpt>
			<trkpt lat="52.351898" lon="16.900877">
				<ele>59.788219</ele>
			</trkpt>
			<trkpt lat="52.351948" lon="16.901003">
				<ele>59.773247</ele>
			</trkpt>
			<trkpt lat="52.351970" lon="16.901039">
				<ele>59.740547</ele>
			</trkpt>
			<trkpt lat="52.351992" lon="16.901075">
				<ele>59.658520</ele>
			</trkpt>
			<trkpt lat="52.352046" lon="16.901137">
				<ele>59.600025</ele>
			</trkpt>
			<trkpt lat="52.352222" lon="16.901282">
				<ele>59.315582</ele>
			</trkpt>
			<trkpt lat="52.352332" lon="16.901362">
				<ele>59.052357</ele>
			</trkpt>
			<trkpt lat="52.352644" lon="16.901559">
				<ele>59.163769</ele>
			</trkpt>
			<trkpt lat="52.352672" lon="16.901586">
				<ele>59.659897</ele>
			</trkpt>
			<trkpt lat="52.352689" lon="16.901632">
				<ele>59.970451</ele>
			</trkpt>
			<trkpt lat="52.352710" lon="16.901641">
				<ele>60.421906</ele>
			</trkpt>
			<trkpt lat="52.352765" lon="16.901703">
				<ele>61.803276</ele>
			</trkpt>
			<trkpt lat="52.352793" lon="16.901739">
				<ele>62.547935</ele>
			</trkpt>
			<trkpt lat="52.352809" lon="16.901766">
				<ele>63.004143</ele>
			</trkpt>
			<trkpt lat="52.352842" lon="16.901793">
				<ele>63.418594</ele>
			</trkpt>
			<trkpt lat="52.352886" lon="16.901848">
				<ele>63.462029</ele>
			</trkpt>
			<trkpt lat="52.352897" lon="16.901856">
				<ele>63.391449</ele>
			</trkpt>
			<trkpt lat="52.352941" lon="16.901766">
				<ele>63.662666</ele>
			</trkpt>
			<trkpt lat="52.352990" lon="16.901758">
				<ele>63.453865</ele>
			</trkpt>
			<trkpt lat="52.353034" lon="16.901758">
				<ele>63.024643</ele>
			</trkpt>
			<trkpt lat="52.353139" lon="16.901811">
				<ele>61.226963</ele>
			</trkpt>
			<trkpt lat="52.353265" lon="16.901874">
				<ele>61.246597</ele>
			</trkpt>
			<trkpt lat="52.353401" lon="16.901919">
				<ele>60.555355</ele>
			</trkpt>
			<trkpt lat="52.353544" lon="16.901991">
				<ele>60.485596</ele>
			</trkpt>
			<trkpt lat="52.354181" lon="16.902324">
				<ele>60.342220</ele>
			</trkpt>
			<trkpt lat="52.354867" lon="16.902683">
				<ele>61.285275</ele>
			</trkpt>
			<trkpt lat="52.355294" lon="16.902907">
				<ele>60.730751</ele>
			</trkpt>
			<trkpt lat="52.355394" lon="16.903114">
				<ele>60.616718</ele>
			</trkpt>
			<trkpt lat="52.355421" lon="16.903150">
				<ele>60.702705</ele>
			</trkpt>
			<trkpt lat="52.355437" lon="16.903159">
				<ele>60.745701</ele>
			</trkpt>
			<trkpt lat="52.355459" lon="16.903167">
				<ele>60.849007</ele>
			</trkpt>
			<trkpt lat="52.355481" lon="16.903177">
				<ele>61.099140</ele>
			</trkpt>
			<trkpt lat="52.355542" lon="16.903213">
				<ele>61.633801</ele>
			</trkpt>
			<trkpt lat="52.355569" lon="16.903221">
				<ele>61.612309</ele>
			</trkpt>
			<trkpt lat="52.355596" lon="16.903240">
				<ele>61.561386</ele>
			</trkpt>
			<trkpt lat="52.355766" lon="16.903123">
				<ele>61.023056</ele>
			</trkpt>
			<trkpt lat="52.355970" lon="16.903266">
				<ele>60.562866</ele>
			</trkpt>
			<trkpt lat="52.356106" lon="16.903383">
				<ele>61.020794</ele>
			</trkpt>
			<trkpt lat="52.356194" lon="16.903456">
				<ele>61.055935</ele>
			</trkpt>
			<trkpt lat="52.356392" lon="16.903653">
				<ele>61.000015</ele>
			</trkpt>
			<trkpt lat="52.356513" lon="16.903796">
				<ele>60.998764</ele>
			</trkpt>
			<trkpt lat="52.356622" lon="16.903932">
				<ele>60.807632</ele>
			</trkpt>
			<trkpt lat="52.356880" lon="16.904255">
				<ele>60.800003</ele>
			</trkpt>
			<trkpt lat="52.356918" lon="16.904335">
				<ele>60.800007</ele>
			</trkpt>
			<trkpt lat="52.356984" lon="16.904435">
				<ele>60.906891</ele>
			</trkpt>
			<trkpt lat="52.357297" lon="16.904838">
				<ele>60.400005</ele>
			</trkpt>
			<trkpt lat="52.357621" lon="16.905243">
				<ele>60.294022</ele>
			</trkpt>
			<trkpt lat="52.357687" lon="16.905314">
				<ele>60.630260</ele>
			</trkpt>
			<trkpt lat="52.357747" lon="16.905395">
				<ele>60.913368</ele>
			</trkpt>
			<trkpt lat="52.357879" lon="16.905566">
				<ele>60.601994</ele>
			</trkpt>
			<trkpt lat="52.358219" lon="16.906024">
				<ele>59.199997</ele>
			</trkpt>
			<trkpt lat="52.358444" lon="16.906347">
				<ele>58.819675</ele>
			</trkpt>
			<trkpt lat="52.359256" lon="16.907471">
				<ele>56.326813</ele>
			</trkpt>
			<trkpt lat="52.360682" lon="16.909383">
				<ele>55.850685</ele>
			</trkpt>
			<trkpt lat="52.361099" lon="16.909905">
				<ele>55.652145</ele>
			</trkpt>
			<trkpt lat="52.361417" lon="16.910264">
				<ele>55.873856</ele>
			</trkpt>
			<trkpt lat="52.361604" lon="16.910461">
				<ele>56.926445</ele>
			</trkpt>
			<trkpt lat="52.361818" lon="16.910660">
				<ele>56.863052</ele>
			</trkpt>
			<trkpt lat="52.361988" lon="16.910812">
				<ele>57.387539</ele>
			</trkpt>
			<trkpt lat="52.362229" lon="16.911027">
				<ele>56.428047</ele>
			</trkpt>
			<trkpt lat="52.362481" lon="16.911234">
				<ele>56.382225</ele>
			</trkpt>
			<trkpt lat="52.363156" lon="16.911675">
				<ele>56.076317</ele>
			</trkpt>
			<trkpt lat="52.363738" lon="16.912043">
				<ele>56.225922</ele>
			</trkpt>
			<trkpt lat="52.363875" lon="16.912133">
				<ele>56.722122</ele>
			</trkpt>
			<trkpt lat="52.364006" lon="16.912178">
				<ele>57.449604</ele>
			</trkpt>
			<trkpt lat="52.364056" lon="16.912213">
				<ele>57.468346</ele>
			</trkpt>
			<trkpt lat="52.364105" lon="16.912268">
				<ele>57.068535</ele>
			</trkpt>
			<trkpt lat="52.364187" lon="16.912331">
				<ele>56.556179</ele>
			</trkpt>
			<trkpt lat="52.364270" lon="16.912385">
				<ele>56.829247</ele>
			</trkpt>
			<trkpt lat="52.364516" lon="16.912546">
				<ele>57.288914</ele>
			</trkpt>
			<trkpt lat="52.364911" lon="16.912788">
				<ele>56.940182</ele>
			</trkpt>
			<trkpt lat="52.365153" lon="16.912951">
				<ele>56.633865</ele>
			</trkpt>
			<trkpt lat="52.365998" lon="16.913471">
				<ele>57.596931</ele>
			</trkpt>
			<trkpt lat="52.366322" lon="16.913660">
				<ele>58.018429</ele>
			</trkpt>
			<trkpt lat="52.366755" lon="16.913947">
				<ele>58.057339</ele>
			</trkpt>
			<trkpt lat="52.368542" lon="16.915070">
				<ele>58.920750</ele>
			</trkpt>
			<trkpt lat="52.368905" lon="16.915295">
				<ele>57.865761</ele>
			</trkpt>
			<trkpt lat="52.369080" lon="16.915394">
				<ele>57.815960</ele>
			</trkpt>
			<trkpt lat="52.369102" lon="16.915412">
				<ele>57.786129</ele>
			</trkpt>
			<trkpt lat="52.369371" lon="16.915564">
				<ele>59.103821</ele>
			</trkpt>
			<trkpt lat="52.369398" lon="16.915582">
				<ele>59.017746</ele>
			</trkpt>
			<trkpt lat="52.369458" lon="16.915618">
				<ele>58.883385</ele>
			</trkpt>
			<trkpt lat="52.369497" lon="16.915645">
				<ele>58.775894</ele>
			</trkpt>
			<trkpt lat="52.369727" lon="16.915788">
				<ele>58.022438</ele>
			</trkpt>
			<trkpt lat="52.370545" lon="16.916436">
				<ele>57.022144</ele>
			</trkpt>
			<trkpt lat="52.370688" lon="16.916517">
				<ele>57.586288</ele>
			</trkpt>
			<trkpt lat="52.370764" lon="16.916553">
				<ele>58.078968</ele>
			</trkpt>
			<trkpt lat="52.370962" lon="16.916597">
				<ele>59.740273</ele>
			</trkpt>
			<trkpt lat="52.371088" lon="16.916643">
				<ele>63.257820</ele>
			</trkpt>
			<trkpt lat="52.372157" lon="16.917370">
				<ele>58.966194</ele>
			</trkpt>
			<trkpt lat="52.372163" lon="16.917343">
				<ele>59.184261</ele>
			</trkpt>
			<trkpt lat="52.372174" lon="16.917289">
				<ele>59.628826</ele>
			</trkpt>
			<trkpt lat="52.372327" lon="16.917396">
				<ele>59.600807</ele>
			</trkpt>
			<trkpt lat="52.372300" lon="16.917631">
				<ele>58.775185</ele>
			</trkpt>
			<trkpt lat="52.372267" lon="16.917927">
				<ele>57.668659</ele>
			</trkpt>
			<trkpt lat="52.372261" lon="16.918008">
				<ele>57.184967</ele>
			</trkpt>
			<trkpt lat="52.372267" lon="16.918115">
				<ele>56.604534</ele>
			</trkpt>
			<trkpt lat="52.372278" lon="16.918188">
				<ele>56.582108</ele>
			</trkpt>
			<trkpt lat="52.372289" lon="16.918285">
				<ele>56.265808</ele>
			</trkpt>
			<trkpt lat="52.372305" lon="16.918349">
				<ele>56.341858</ele>
			</trkpt>
			<trkpt lat="52.372344" lon="16.918448">
				<ele>56.284462</ele>
			</trkpt>
			<trkpt lat="52.372399" lon="16.918610">
				<ele>56.037994</ele>
			</trkpt>
			<trkpt lat="52.373331" lon="16.921125">
				<ele>55.762630</ele>
			</trkpt>
			<trkpt lat="52.374795" lon="16.925069">
				<ele>58.515495</ele>
			</trkpt>
			<trkpt lat="52.374921" lon="16.925392">
				<ele>58.692112</ele>
			</trkpt>
			<trkpt lat="52.374965" lon="16.925482">
				<ele>58.213917</ele>
			</trkpt>
			<trkpt lat="52.374982" lon="16.925509">
				<ele>58.059875</ele>
			</trkpt>
			<trkpt lat="52.375009" lon="16.925562">
				<ele>57.681656</ele>
			</trkpt>
			<trkpt lat="52.375025" lon="16.925581">
				<ele>57.649193</ele>
			</trkpt>
			<trkpt lat="52.375064" lon="16.925625">
				<ele>58.042213</ele>
			</trkpt>
			<trkpt lat="52.375102" lon="16.925662">
				<ele>58.518635</ele>
			</trkpt>
			<trkpt lat="52.375141" lon="16.925698">
				<ele>58.516464</ele>
			</trkpt>
			<trkpt lat="52.375201" lon="16.925725">
				<ele>58.640327</ele>
			</trkpt>
			<trkpt lat="52.375250" lon="16.925742">
				<ele>58.720875</ele>
			</trkpt>
			<trkpt lat="52.375360" lon="16.925788">
				<ele>58.972458</ele>
			</trkpt>
			<trkpt lat="52.375459" lon="16.925832">
				<ele>58.945869</ele>
			</trkpt>
			<trkpt lat="52.375497" lon="16.925841">
				<ele>58.719299</ele>
			</trkpt>
			<trkpt lat="52.375574" lon="16.925877">
				<ele>57.556164</ele>
			</trkpt>
			<trkpt lat="52.376078" lon="16.926084">
				<ele>56.787735</ele>
			</trkpt>
			<trkpt lat="52.376797" lon="16.926380">
				<ele>56.400002</ele>
			</trkpt>
			<trkpt lat="52.377192" lon="16.926533">
				<ele>55.852325</ele>
			</trkpt>
			<trkpt lat="52.377575" lon="16.926694">
				<ele>55.798508</ele>
			</trkpt>
			<trkpt lat="52.377779" lon="16.926775">
				<ele>56.312561</ele>
			</trkpt>
			<trkpt lat="52.377833" lon="16.926793">
				<ele>56.441971</ele>
			</trkpt>
			<trkpt lat="52.377993" lon="16.926856">
				<ele>56.245228</ele>
			</trkpt>
			<trkpt lat="52.378053" lon="16.926883">
				<ele>55.981735</ele>
			</trkpt>
			<trkpt lat="52.378590" lon="16.927099">
				<ele>55.777122</ele>
			</trkpt>
			<trkpt lat="52.379489" lon="16.927467">
				<ele>56.102478</ele>
			</trkpt>
			<trkpt lat="52.379654" lon="16.927530">
				<ele>55.915348</ele>
			</trkpt>
			<trkpt lat="52.379709" lon="16.927557">
				<ele>56.021915</ele>
			</trkpt>
			<trkpt lat="52.379829" lon="16.927602">
				<ele>56.095959</ele>
			</trkpt>
			<trkpt lat="52.379993" lon="16.927665">
				<ele>56.000015</ele>
			</trkpt>
			<trkpt lat="52.380164" lon="16.927736">
				<ele>55.817955</ele>
			</trkpt>
			<trkpt lat="52.381617" lon="16.928329">
				<ele>57.200001</ele>
			</trkpt>
			<trkpt lat="52.381781" lon="16.928401">
				<ele>57.252464</ele>
			</trkpt>
			<trkpt lat="52.382023" lon="16.928491">
				<ele>57.406639</ele>
			</trkpt>
			<trkpt lat="52.382039" lon="16.928499">
				<ele>57.400013</ele>
			</trkpt>
			<trkpt lat="52.382083" lon="16.928518">
				<ele>57.426308</ele>
			</trkpt>
			<trkpt lat="52.382259" lon="16.928589">
				<ele>57.720757</ele>
			</trkpt>
			<trkpt lat="52.382494" lon="16.928688">
				<ele>57.800003</ele>
			</trkpt>
			<trkpt lat="52.383015" lon="16.928895">
				<ele>60.943333</ele>
			</trkpt>
			<trkpt lat="52.383042" lon="16.928904">
				<ele>60.297688</ele>
			</trkpt>
			<trkpt lat="52.383032" lon="16.928958">
				<ele>61.232887</ele>
			</trkpt>
			<trkpt lat="52.383026" lon="16.928985">
				<ele>61.549034</ele>
			</trkpt>
			<trkpt lat="52.383092" lon="16.929012">
				<ele>59.416069</ele>
			</trkpt>
			<trkpt lat="52.383125" lon="16.929021">
				<ele>58.835636</ele>
			</trkpt>
			<trkpt lat="52.383136" lon="16.929030">
				<ele>58.642162</ele>
			</trkpt>
			<trkpt lat="52.383141" lon="16.929048">
				<ele>58.581398</ele>
			</trkpt>
			<trkpt lat="52.383136" lon="16.929101">
				<ele>58.528973</ele>
			</trkpt>
			<trkpt lat="52.382801" lon="16.931654">
				<ele>59.308346</ele>
			</trkpt>
			<trkpt lat="52.382752" lon="16.932103">
				<ele>59.648602</ele>
			</trkpt>
			<trkpt lat="52.382708" lon="16.932507">
				<ele>59.747959</ele>
			</trkpt>
			<trkpt lat="52.382692" lon="16.932641">
				<ele>59.584473</ele>
			</trkpt>
			<trkpt lat="52.382823" lon="16.932659">
				<ele>57.788555</ele>
			</trkpt>
			<trkpt lat="52.382916" lon="16.932686">
				<ele>56.091389</ele>
			</trkpt>
			<trkpt lat="52.383146" lon="16.932767">
				<ele>56.221100</ele>
			</trkpt>
			<trkpt lat="52.383146" lon="16.932767">
				<ele>56.221100</ele>
			</trkpt>
			<trkpt lat="52.383607" lon="16.932937">
				<ele>55.206219</ele>
			</trkpt>
			<trkpt lat="52.384040" lon="16.933090">
				<ele>56.021355</ele>
			</trkpt>
			<trkpt lat="52.384479" lon="16.933252">
				<ele>55.331249</ele>
			</trkpt>
			<trkpt lat="52.385345" lon="16.933566">
				<ele>55.379116</ele>
			</trkpt>
			<trkpt lat="52.385729" lon="16.933711">
				<ele>56.004364</ele>
			</trkpt>
			<trkpt lat="52.386135" lon="16.933854">
				<ele>55.797966</ele>
			</trkpt>
			<trkpt lat="52.386360" lon="16.933935">
				<ele>55.241726</ele>
			</trkpt>
			<trkpt lat="52.386579" lon="16.934034">
				<ele>55.176857</ele>
			</trkpt>
			<trkpt lat="52.388290" lon="16.934807">
				<ele>55.943958</ele>
			</trkpt>
			<trkpt lat="52.388503" lon="16.934904">
				<ele>55.486149</ele>
			</trkpt>
			<trkpt lat="52.390022" lon="16.935677">
				<ele>54.518078</ele>
			</trkpt>
			<trkpt lat="52.390077" lon="16.935705">
				<ele>54.681683</ele>
			</trkpt>
			<trkpt lat="52.390142" lon="16.935732">
				<ele>54.557968</ele>
			</trkpt>
			<trkpt lat="52.390197" lon="16.935740">
				<ele>54.689072</ele>
			</trkpt>
			<trkpt lat="52.390252" lon="16.935749">
				<ele>55.037327</ele>
			</trkpt>
			<trkpt lat="52.390718" lon="16.935803">
				<ele>58.400013</ele>
			</trkpt>
			<trkpt lat="52.390828" lon="16.935812">
				<ele>58.504486</ele>
			</trkpt>
			<trkpt lat="52.390927" lon="16.935830">
				<ele>58.325005</ele>
			</trkpt>
			<trkpt lat="52.391124" lon="16.935849">
				<ele>57.816902</ele>
			</trkpt>
			<trkpt lat="52.391179" lon="16.935866">
				<ele>57.865650</ele>
			</trkpt>
			<trkpt lat="52.391233" lon="16.935893">
				<ele>57.909809</ele>
			</trkpt>
			<trkpt lat="52.391508" lon="16.936073">
				<ele>57.638878</ele>
			</trkpt>
			<trkpt lat="52.391557" lon="16.936118">
				<ele>57.831326</ele>
			</trkpt>
			<trkpt lat="52.391754" lon="16.936325">
				<ele>57.593399</ele>
			</trkpt>
			<trkpt lat="52.391793" lon="16.936369">
				<ele>57.378963</ele>
			</trkpt>
			<trkpt lat="52.391908" lon="16.936486">
				<ele>57.009098</ele>
			</trkpt>
			<trkpt lat="52.391935" lon="16.936512">
				<ele>57.181080</ele>
			</trkpt>
			<trkpt lat="52.391968" lon="16.936531">
				<ele>57.028549</ele>
			</trkpt>
			<trkpt lat="52.392198" lon="16.936648">
				<ele>56.174854</ele>
			</trkpt>
			<trkpt lat="52.392286" lon="16.936711">
				<ele>55.499001</ele>
			</trkpt>
			<trkpt lat="52.392544" lon="16.936845">
				<ele>56.265991</ele>
			</trkpt>
			<trkpt lat="52.392845" lon="16.936998">
				<ele>55.564041</ele>
			</trkpt>
			<trkpt lat="52.392993" lon="16.937061">
				<ele>55.242950</ele>
			</trkpt>
			<trkpt lat="52.393218" lon="16.937151">
				<ele>56.204288</ele>
			</trkpt>
			<trkpt lat="52.393498" lon="16.937241">
				<ele>56.610081</ele>
			</trkpt>
			<trkpt lat="52.393871" lon="16.937375">
				<ele>55.441784</ele>
			</trkpt>
			<trkpt lat="52.394144" lon="16.937474">
				<ele>56.014130</ele>
			</trkpt>
			<trkpt lat="52.394265" lon="16.937510">
				<ele>56.617630</ele>
			</trkpt>
			<trkpt lat="52.394320" lon="16.937510">
				<ele>56.993782</ele>
			</trkpt>
			<trkpt lat="52.394391" lon="16.937501">
				<ele>57.506119</ele>
			</trkpt>
			<trkpt lat="52.394506" lon="16.937483">
				<ele>57.824509</ele>
			</trkpt>
			<trkpt lat="52.394572" lon="16.937465">
				<ele>58.017998</ele>
			</trkpt>
			<trkpt lat="52.394627" lon="16.937438">
				<ele>58.169083</ele>
			</trkpt>
			<trkpt lat="52.394917" lon="16.937267">
				<ele>58.400009</ele>
			</trkpt>
			<trkpt lat="52.395038" lon="16.937195">
				<ele>58.429390</ele>
			</trkpt>
			<trkpt lat="52.395532" lon="16.936899">
				<ele>57.916725</ele>
			</trkpt>
			<trkpt lat="52.395575" lon="16.936881">
				<ele>57.803864</ele>
			</trkpt>
			<trkpt lat="52.395625" lon="16.936864">
				<ele>57.702545</ele>
			</trkpt>
			<trkpt lat="52.395789" lon="16.936845">
				<ele>57.075142</ele>
			</trkpt>
			<trkpt lat="52.395860" lon="16.936837">
				<ele>56.854885</ele>
			</trkpt>
			<trkpt lat="52.396732" lon="16.936711">
				<ele>57.094898</ele>
			</trkpt>
			<trkpt lat="52.396874" lon="16.936684">
				<ele>57.993568</ele>
			</trkpt>
			<trkpt lat="52.396979" lon="16.936675">
				<ele>58.251770</ele>
			</trkpt>
			<trkpt lat="52.397225" lon="16.936639">
				<ele>58.753654</ele>
			</trkpt>
			<trkpt lat="52.397247" lon="16.936675">
				<ele>58.856224</ele>
			</trkpt>
			<trkpt lat="52.397264" lon="16.936692">
				<ele>58.893848</ele>
			</trkpt>
			<trkpt lat="52.397307" lon="16.936728">
				<ele>58.800003</ele>
			</trkpt>
			<trkpt lat="52.398261" lon="16.937124">
				<ele>59.624233</ele>
			</trkpt>
			<trkpt lat="52.398661" lon="16.937294">
				<ele>61.478882</ele>
			</trkpt>
			<trkpt lat="52.398727" lon="16.936692">
				<ele>60.860500</ele>
			</trkpt>
			<trkpt lat="52.398733" lon="16.936621">
				<ele>60.699154</ele>
			</trkpt>
			<trkpt lat="52.398738" lon="16.936567">
				<ele>60.548668</ele>
			</trkpt>
			<trkpt lat="52.398749" lon="16.936486">
				<ele>60.400013</ele>
			</trkpt>
			<trkpt lat="52.398793" lon="16.936063">
				<ele>60.199997</ele>
			</trkpt>
			<trkpt lat="52.398820" lon="16.935875">
				<ele>59.797745</ele>
			</trkpt>
			<trkpt lat="52.398864" lon="16.935623">
				<ele>59.600021</ele>
			</trkpt>
			<trkpt lat="52.398875" lon="16.935579">
				<ele>59.589905</ele>
			</trkpt>
			<trkpt lat="52.398930" lon="16.935606">
				<ele>59.618622</ele>
			</trkpt>
			<trkpt lat="52.398946" lon="16.935606">
				<ele>59.627216</ele>
			</trkpt>
			<trkpt lat="52.398979" lon="16.935615">
				<ele>59.666832</ele>
			</trkpt>
			<trkpt lat="52.399018" lon="16.935623">
				<ele>59.688332</ele>
			</trkpt>
			<trkpt lat="52.399034" lon="16.935633">
				<ele>59.715202</ele>
			</trkpt>
			<trkpt lat="52.399056" lon="16.935642">
				<ele>59.708076</ele>
			</trkpt>
			<trkpt lat="52.399061" lon="16.935642">
				<ele>59.692802</ele>
			</trkpt>
			<trkpt lat="52.399072" lon="16.935642">
				<ele>59.677536</ele>
			</trkpt>
			<trkpt lat="52.399100" lon="16.935650">
				<ele>59.618950</ele>
			</trkpt>
			<trkpt lat="52.399105" lon="16.935650">
				<ele>59.610165</ele>
			</trkpt>
			<trkpt lat="52.399116" lon="16.935659">
				<ele>59.599072</ele>
			</trkpt>
			<trkpt lat="52.399138" lon="16.935659">
				<ele>59.595985</ele>
			</trkpt>
			<trkpt lat="52.399193" lon="16.935686">
				<ele>59.600021</ele>
			</trkpt>
			<trkpt lat="52.399258" lon="16.935723">
				<ele>59.597191</ele>
			</trkpt>
			<trkpt lat="52.399275" lon="16.935732">
				<ele>59.598122</ele>
			</trkpt>
			<trkpt lat="52.399313" lon="16.935759">
				<ele>59.600029</ele>
			</trkpt>
			<trkpt lat="52.399407" lon="16.935866">
				<ele>59.702713</ele>
			</trkpt>
			<trkpt lat="52.399434" lon="16.935885">
				<ele>59.589794</ele>
			</trkpt>
			<trkpt lat="52.399593" lon="16.935946">
				<ele>59.238518</ele>
			</trkpt>
			<trkpt lat="52.399626" lon="16.935965">
				<ele>59.190151</ele>
			</trkpt>
			<trkpt lat="52.399642" lon="16.935973">
				<ele>59.174030</ele>
			</trkpt>
			<trkpt lat="52.399954" lon="16.936082">
				<ele>58.798965</ele>
			</trkpt>
			<trkpt lat="52.400054" lon="16.936118">
				<ele>58.799999</ele>
			</trkpt>
			<trkpt lat="52.400103" lon="16.936118">
				<ele>58.792412</ele>
			</trkpt>
			<trkpt lat="52.400180" lon="16.936091">
				<ele>58.381241</ele>
			</trkpt>
			<trkpt lat="52.400239" lon="16.936073">
				<ele>58.220001</ele>
			</trkpt>
			<trkpt lat="52.400267" lon="16.936063">
				<ele>58.199997</ele>
			</trkpt>
			<trkpt lat="52.400574" lon="16.936126">
				<ele>58.400009</ele>
			</trkpt>
			<trkpt lat="52.400602" lon="16.936126">
				<ele>58.400009</ele>
			</trkpt>
			<trkpt lat="52.400640" lon="16.936126">
				<ele>58.400009</ele>
			</trkpt>
			<trkpt lat="52.400678" lon="16.936118">
				<ele>58.400009</ele>
			</trkpt>
			<trkpt lat="52.400678" lon="16.936055">
				<ele>58.400009</ele>
			</trkpt>
			<trkpt lat="52.400678" lon="16.936010">
				<ele>58.379333</ele>
			</trkpt>
			<trkpt lat="52.400684" lon="16.935866">
				<ele>58.199997</ele>
			</trkpt>
			<trkpt lat="52.400684" lon="16.935732">
				<ele>58.199997</ele>
			</trkpt>
			<trkpt lat="52.400761" lon="16.935705">
				<ele>58.199993</ele>
			</trkpt>
			<trkpt lat="52.400804" lon="16.935686">
				<ele>58.199997</ele>
			</trkpt>
			<trkpt lat="52.400783" lon="16.935533">
				<ele>58.200001</ele>
			</trkpt>
			<trkpt lat="52.400761" lon="16.935417">
				<ele>58.347416</ele>
			</trkpt>
			<trkpt lat="52.400761" lon="16.935336">
				<ele>58.260548</ele>
			</trkpt>
			<trkpt lat="52.400766" lon="16.935273">
				<ele>58.169846</ele>
			</trkpt>
			<trkpt lat="52.400777" lon="16.935210">
				<ele>58.066540</ele>
			</trkpt>
			<trkpt lat="52.400804" lon="16.935157">
				<ele>58.000015</ele>
			</trkpt>
			<trkpt lat="52.400832" lon="16.935130">
				<ele>58.000008</ele>
			</trkpt>
			<trkpt lat="52.400909" lon="16.935076">
				<ele>57.841148</ele>
			</trkpt>
			<trkpt lat="52.401023" lon="16.934986">
				<ele>57.709423</ele>
			</trkpt>
			<trkpt lat="52.401210" lon="16.934843">
				<ele>57.545479</ele>
			</trkpt>
			<trkpt lat="52.401380" lon="16.934707">
				<ele>57.294720</ele>
			</trkpt>
			<trkpt lat="52.401550" lon="16.934581">
				<ele>57.182106</ele>
			</trkpt>
			<trkpt lat="52.401599" lon="16.934545">
				<ele>57.051785</ele>
			</trkpt>
			<trkpt lat="52.401643" lon="16.934510">
				<ele>57.000015</ele>
			</trkpt>
			<trkpt lat="52.401687" lon="16.934491">
				<ele>57.000015</ele>
			</trkpt>
			<trkpt lat="52.401709" lon="16.934491">
				<ele>57.000015</ele>
			</trkpt>
			<trkpt lat="52.401719" lon="16.934483">
				<ele>57.000011</ele>
			</trkpt>
			<trkpt lat="52.401764" lon="16.934455">
				<ele>57.000015</ele>
			</trkpt>
			<trkpt lat="52.401824" lon="16.934420">
				<ele>57.051529</ele>
			</trkpt>
			<trkpt lat="52.401895" lon="16.934375">
				<ele>57.130260</ele>
			</trkpt>
			<trkpt lat="52.402054" lon="16.934285">
				<ele>56.800003</ele>
			</trkpt>
			<trkpt lat="52.402153" lon="16.934231">
				<ele>56.769211</ele>
			</trkpt>
			<trkpt lat="52.402163" lon="16.934222">
				<ele>56.738129</ele>
			</trkpt>
			<trkpt lat="52.402175" lon="16.934214">
				<ele>56.716633</ele>
			</trkpt>
			<trkpt lat="52.402185" lon="16.934195">
				<ele>56.662895</ele>
			</trkpt>
			<trkpt lat="52.402196" lon="16.934187">
				<ele>56.641396</ele>
			</trkpt>
			<trkpt lat="52.402246" lon="16.934168">
				<ele>56.597927</ele>
			</trkpt>
			<trkpt lat="52.402350" lon="16.934105">
				<ele>56.410294</ele>
			</trkpt>
			<trkpt lat="52.402569" lon="16.933988">
				<ele>56.569187</ele>
			</trkpt>
			<trkpt lat="52.402679" lon="16.933925">
				<ele>56.568886</ele>
			</trkpt>
			<trkpt lat="52.402985" lon="16.933755">
				<ele>56.492416</ele>
			</trkpt>
			<trkpt lat="52.403002" lon="16.933746">
				<ele>56.572929</ele>
			</trkpt>
			<trkpt lat="52.403144" lon="16.933665">
				<ele>57.170620</ele>
			</trkpt>
			<trkpt lat="52.403221" lon="16.933621">
				<ele>57.241928</ele>
			</trkpt>
			<trkpt lat="52.403265" lon="16.933593">
				<ele>57.314583</ele>
			</trkpt>
			<trkpt lat="52.403298" lon="16.933575">
				<ele>57.400013</ele>
			</trkpt>
			<trkpt lat="52.403315" lon="16.933566">
				<ele>57.400009</ele>
			</trkpt>
			<trkpt lat="52.403342" lon="16.933558">
				<ele>57.400013</ele>
			</trkpt>
			<trkpt lat="52.403370" lon="16.933549">
				<ele>57.400013</ele>
			</trkpt>
			<trkpt lat="52.403396" lon="16.933549">
				<ele>57.400009</ele>
			</trkpt>
			<trkpt lat="52.403424" lon="16.933549">
				<ele>57.400002</ele>
			</trkpt>
			<trkpt lat="52.403457" lon="16.933539">
				<ele>57.452034</ele>
			</trkpt>
			<trkpt lat="52.403506" lon="16.933549">
				<ele>57.591782</ele>
			</trkpt>
			<trkpt lat="52.403588" lon="16.933549">
				<ele>57.800003</ele>
			</trkpt>
			<trkpt lat="52.403638" lon="16.933558">
				<ele>57.800007</ele>
			</trkpt>
			<trkpt lat="52.403720" lon="16.933558">
				<ele>57.799999</ele>
			</trkpt>
			<trkpt lat="52.403791" lon="16.933566">
				<ele>57.800007</ele>
			</trkpt>
			<trkpt lat="52.403890" lon="16.933575">
				<ele>57.800003</ele>
			</trkpt>
			<trkpt lat="52.403961" lon="16.933566">
				<ele>57.941734</ele>
			</trkpt>
			<trkpt lat="52.404060" lon="16.933531">
				<ele>58.198154</ele>
			</trkpt>
			<trkpt lat="52.404137" lon="16.933486">
				<ele>58.199997</ele>
			</trkpt>
			<trkpt lat="52.404225" lon="16.933432">
				<ele>58.199997</ele>
			</trkpt>
			<trkpt lat="52.404274" lon="16.933386">
				<ele>58.199997</ele>
			</trkpt>
			<trkpt lat="52.404306" lon="16.933342">
				<ele>58.199997</ele>
			</trkpt>
			<trkpt lat="52.404345" lon="16.933288">
				<ele>58.289974</ele>
			</trkpt>
			<trkpt lat="52.404361" lon="16.933252">
				<ele>58.392090</ele>
			</trkpt>
			<trkpt lat="52.404422" lon="16.933126">
				<ele>58.400009</ele>
			</trkpt>
			<trkpt lat="52.404465" lon="16.933027">
				<ele>58.489727</ele>
			</trkpt>
			<trkpt lat="52.404548" lon="16.932847">
				<ele>58.600021</ele>
			</trkpt>
			<trkpt lat="52.404613" lon="16.932704">
				<ele>58.600018</ele>
			</trkpt>
			<trkpt lat="52.404641" lon="16.932641">
				<ele>58.600018</ele>
			</trkpt>
			<trkpt lat="52.404707" lon="16.932489">
				<ele>58.766895</ele>
			</trkpt>
			<trkpt lat="52.404723" lon="16.932453">
				<ele>58.800003</ele>
			</trkpt>
			<trkpt lat="52.404740" lon="16.932417">
				<ele>58.800007</ele>
			</trkpt>
			<trkpt lat="52.404833" lon="16.932220">
				<ele>58.800003</ele>
			</trkpt>
			<trkpt lat="52.404866" lon="16.932147">
				<ele>58.800003</ele>
			</trkpt>
			<trkpt lat="52.404898" lon="16.932084">
				<ele>58.800007</ele>
			</trkpt>
			<trkpt lat="52.405139" lon="16.931545">
				<ele>59.802189</ele>
			</trkpt>
			<trkpt lat="52.405156" lon="16.931501">
				<ele>59.961063</ele>
			</trkpt>
			<trkpt lat="52.405206" lon="16.931401">
				<ele>60.199997</ele>
			</trkpt>
			<trkpt lat="52.405216" lon="16.931375">
				<ele>60.199997</ele>
			</trkpt>
			<trkpt lat="52.405232" lon="16.931338">
				<ele>60.200001</ele>
			</trkpt>
			<trkpt lat="52.405249" lon="16.931321">
				<ele>60.218906</ele>
			</trkpt>
			<trkpt lat="52.405260" lon="16.931302">
				<ele>60.253162</ele>
			</trkpt>
			<trkpt lat="52.405277" lon="16.931285">
				<ele>60.324100</ele>
			</trkpt>
			<trkpt lat="52.405293" lon="16.931275">
				<ele>60.364433</ele>
			</trkpt>
			<trkpt lat="52.405320" lon="16.931267">
				<ele>60.393269</ele>
			</trkpt>
			<trkpt lat="52.405332" lon="16.931267">
				<ele>60.395390</ele>
			</trkpt>
			<trkpt lat="52.405342" lon="16.931267">
				<ele>60.397507</ele>
			</trkpt>
			<trkpt lat="52.405358" lon="16.931267">
				<ele>60.404953</ele>
			</trkpt>
			<trkpt lat="52.405375" lon="16.931275">
				<ele>60.458698</ele>
			</trkpt>
			<trkpt lat="52.405391" lon="16.931285">
				<ele>60.501694</ele>
			</trkpt>
			<trkpt lat="52.405649" lon="16.931401">
				<ele>61.032612</ele>
			</trkpt>
			<trkpt lat="52.405715" lon="16.931438">
				<ele>61.103157</ele>
			</trkpt>
			<trkpt lat="52.405731" lon="16.931455">
				<ele>61.054794</ele>
			</trkpt>
			<trkpt lat="52.405742" lon="16.931455">
				<ele>61.054794</ele>
			</trkpt>
			<trkpt lat="52.405759" lon="16.931465">
				<ele>61.027931</ele>
			</trkpt>
			<trkpt lat="52.405814" lon="16.931501">
				<ele>60.925812</ele>
			</trkpt>
			<trkpt lat="52.405852" lon="16.931528">
				<ele>60.848278</ele>
			</trkpt>
			<trkpt lat="52.405907" lon="16.931564">
				<ele>60.556305</ele>
			</trkpt>
			<trkpt lat="52.406274" lon="16.931815">
				<ele>60.203403</ele>
			</trkpt>
			<trkpt lat="52.406488" lon="16.931950">
				<ele>60.000015</ele>
			</trkpt>
			<trkpt lat="52.406543" lon="16.931977">
				<ele>60.000015</ele>
			</trkpt>
			<trkpt lat="52.406597" lon="16.931994">
				<ele>59.901699</ele>
			</trkpt>
			<trkpt lat="52.406789" lon="16.932048">
				<ele>59.800007</ele>
			</trkpt>
			<trkpt lat="52.406992" lon="16.932111">
				<ele>59.800003</ele>
			</trkpt>
			<trkpt lat="52.407151" lon="16.932165">
				<ele>59.944508</ele>
			</trkpt>
			<trkpt lat="52.407255" lon="16.932193">
				<ele>60.000015</ele>
			</trkpt>
			<trkpt lat="52.407304" lon="16.932210">
				<ele>59.945076</ele>
			</trkpt>
			<trkpt lat="52.407343" lon="16.932246">
				<ele>59.976299</ele>
			</trkpt>
			<trkpt lat="52.407683" lon="16.932344">
				<ele>60.199993</ele>
			</trkpt>
			<trkpt lat="52.407742" lon="16.932363">
				<ele>60.199997</ele>
			</trkpt>
			<trkpt lat="52.407759" lon="16.932407">
				<ele>60.199993</ele>
			</trkpt>
			<trkpt lat="52.407868" lon="16.932659">
				<ele>59.547016</ele>
			</trkpt>
			<trkpt lat="52.407787" lon="16.933413">
				<ele>59.096100</ele>
			</trkpt>
			<trkpt lat="52.408022" lon="16.933468">
				<ele>58.600021</ele>
			</trkpt>
		</trkseg>
	</trk>
</gpx>

